Entrez ID,Gene Symbol,Oncogene Score,p-value,LogFC
6457,SH3GL3,0.00147832,1.2e-22,-6.34306
6733,SRPK2,0.046,1.37e-20,3.88955
80736,SLC44A4,0.0203249,6.64e-20,5.85068
441666,LOC441666,,2.29e-19,-5.38556
728747,ANKRD20A4,,1.72e-18,-4.94476
79666,PLEKHF2,0.00626298,1.72e-18,4.9842
1462,VCAN,0.110585,1.72e-18,7.45133
284802,FRG1BP,,1.85e-18,-6.07333
79966,SCD5,0.0914925,2.44e-18,-3.9069
54845,ESRP1,0.111273,4.98e-18,4.71584
2764,GMFB,0.00624446,5.09e-18,3.92518
1300,COL10A1,0.124576,1.54e-17,8.64166
1303,COL12A1,0.0367934,1.99e-17,7.2005
7430,EZR,0.30001,2.18e-17,5.38798
23213,SULF1,0.105679,3.49e-17,5.94413
523,ATP6V1A,0.0223508,3.67e-17,4.86917
51495,HACD3,0.00552591,3.67e-17,5.47022
10051,SMC4,0.0462414,4.55e-17,4.75038
3316,HSPB2,0.102566,4.68e-17,-3.42905
3597,IL13RA1,0.0180152,6.24e-17,4.21972
7163,TPD52,0.110839,1.07e-16,6.28158
6285,S100B,0.113127,1.53e-16,-5.56016
29035,C16orf72,,1.86e-16,3.3554
3169,FOXA1,0.720848,1.86e-16,3.82225
94274,PPP1R14A,0.0282798,2.17e-16,-4.75704
1452,CSNK1A1,0.0175744,2.69e-16,4.3834
55137,FIGN,0.0161318,3.24e-16,-3.42805
11015,KDELR3,0.00611479,5.41e-16,3.98919
56977,STOX2,0.0129408,5.41e-16,-3.68352
771,CA12,0.0800576,5.57e-16,6.13946
7334,UBE2N,0.0846993,5.58e-16,4.27918
2335,FN1,0.128612,6.37e-16,3.62455
89122,TRIM4,0.100679,8.51e-16,-3.28171
7247,TSN,0.0396049,8.69e-16,3.63724
152687,ZNF595,,1.11e-15,-5.43345
728577,CNTNAP3B,,1.11e-15,-3.59229
100874392,ANKRD20A12P,,1.11e-15,-4.24808
51128,SAR1B,0.00576408,1.11e-15,3.16507
5819,NECTIN2,0.0646235,1.13e-15,4.82155
9221,NOLC1,0.0989993,1.21e-15,3.51722
7018,TF,0.125651,1.36e-15,-5.1696
56674,TMEM9B,0.0195877,1.85e-15,4.79424
4735,SEPT2,,1.96e-15,4.80115
9315,NREP,0.278354,2.02e-15,4.73584
23190,UBXN4,,2.04e-15,5.05378
23196,FAM120A,0.00225944,2.05e-15,3.46084
285237,C3orf38,,2.11e-15,3.16563
7328,UBE2H,0.00441443,2.14e-15,4.15536
100507311,LOC100507311,,2.47e-15,-3.59949
9645,MICAL2,0.118407,2.47e-15,4.38373
22803,XRN2,0.00990577,3.22e-15,3.74323
4311,MME,0.148877,3.25e-15,-3.80433
1277,COL1A1,0.289892,3.33e-15,5.45264
53844,COPG2IT1,0.019716,3.38e-15,-4.30073
10565,ARFGEF1,0.019486,3.99e-15,3.45626
3624,INHBA,0.113923,4.31e-15,6.12171
813,CALU,0.04589,4.38e-15,4.30004
55209,SETD5,0.0264026,4.83e-15,4.07638
51129,ANGPTL4,0.125318,5.43e-15,-4.12753
23185,LARP4B,0.279847,5.43e-15,3.5556
286133,SCARA5,0.0414511,6e-15,-6.69457
5832,ALDH18A1,0.0156901,6.34e-15,3.2864
23158,TBC1D9,0.115415,8.41e-15,4.38515
440026,TMEM41B,0.0567305,8.59e-15,4.0356
79868,ALG13,0.0101306,9.26e-15,3.36644
57484,RNF150,0.0157461,1.07e-14,-3.93524
55568,GALNT10,0.0125144,1.08e-14,4.30092
101927345,LOC101927345,,1.09e-14,-3.49858
116461,TSEN15,,1.1e-14,3.38426
9689,BZW1,0.0121611,1.15e-14,3.024
4074,M6PR,0.030708,1.17e-14,4.03524
28977,MRPL42,0.00602199,1.3e-14,3.80953
9802,DAZAP2,,1.33e-14,4.77417
64788,LMF1,,1.35e-14,-3.89172
55851,PSENEN,0.112708,1.37e-14,4.50705
81544,GDPD5,0.0269424,1.4e-14,-3.08461
100532742,PIR-FIGF,,1.45e-14,-4.93675
8840,WISP1,,1.73e-14,6.24812
4881,NPR1,0.0314509,1.89e-14,-4.28927
5756,TWF1,0.0295056,1.89e-14,3.7329
2935,GSPT1,0.0132998,2.13e-14,3.25153
51728,POLR3K,0.0104517,2.13e-14,4.00956
8553,BHLHE40,0.188598,2.21e-14,5.58404
2173,FABP7,0.116286,2.38e-14,-4.47098
23063,WAPL,0.00278411,2.47e-14,3.32816
50810,HDGFRP3,,2.5e-14,3.5867
901,CCNG2,0.0332229,2.68e-14,5.52905
11161,C14orf1,,2.7e-14,3.87928
4179,CD46,0.0206253,3.09e-14,4.95172
4320,MMP11,0.124727,3.35e-14,6.22327
1009,CDH11,0.535108,3.37e-14,5.57914
84248,FYTTD1,,3.5e-14,3.73548
51809,GALNT7,0.0877755,3.88e-14,5.14328
54502,RBM47,0.0827156,4.48e-14,3.72244
79956,ERMP1,0.017469,4.92e-14,3.67619
3183,HNRNPC,0.093039,4.96e-14,3.33372
47,ACLY,0.0509526,5.39e-14,4.12335
1457,CSNK2A1,0.179897,5.68e-14,3.76121
4237,MFAP2,0.0930261,5.68e-14,4.80916
25820,ARIH1,0.0897513,5.68e-14,3.58495
10920,COPS8,0.00955528,5.78e-14,4.20772
80315,CPEB4,0.0312098,6.08e-14,4.47758
6391,SDHC,0.540249,6.08e-14,4.11557
7705,ZNF146,0.0210282,6.32e-14,3.883
57085,AGTRAP,0.0810119,6.47e-14,3.79947
9052,GPRC5A,0.0977698,6.99e-14,5.17479
6376,CX3CL1,0.07017,7.47e-14,-4.33106
4124,MAN2A1,0.00432203,7.58e-14,3.9818
378,ARF4,0.0329032,8.41e-14,3.71406
11031,RAB31,0.0994236,8.71e-14,3.60303
8899,PRPF4B,,9.23e-14,4.56624
338328,GPIHBP1,0.0606951,9.51e-14,-4.35511
406991,MIR21,0.0168891,9.55e-14,4.86464
11183,MAP4K5,0.0108821,9.74e-14,3.31039
124540,MSI2,0.558179,9.92e-14,4.48067
2029,ENSA,0.0121756,1e-13,3.53597
5663,PSEN1,0.116331,1.03e-13,3.89377
6426,SRSF1,0.085128,1.06e-13,5.04574
55197,RPRD1A,0.0750042,1.08e-13,3.28348
64844,MARCH7,,1.11e-13,3.35501
285527,FRYL,0.0854655,1.19e-13,3.167
5034,P4HB,0.109788,1.2e-13,5.5041
10959,TMED2,0.097194,1.25e-13,5.19734
6240,RRM1,0.594822,1.31e-13,3.20243
286827,TRIM59,0.0940829,1.35e-13,3.45644
100500810,MIR3620,,1.35e-13,5.60166
8908,GYG2,0.0156764,1.37e-13,-5.18333
56889,TM9SF3,0.0112634,1.42e-13,3.23411
51164,DCTN4,0.11123,1.42e-13,3.77945
644596,SMIM10L2B,0.00753909,1.43e-13,-3.69782
5868,RAB5A,0.104324,1.43e-13,4.11012
23671,TMEFF2,0.0209593,1.51e-13,-3.85534
199692,ZNF627,0.00335452,1.61e-13,3.26424
55959,SULF2,0.111249,1.66e-13,4.74312
10097,ACTR2,0.0383319,1.67e-13,3.35685
10466,COG5,0.00194334,1.67e-13,3.10758
10631,POSTN,0.114671,1.7e-13,5.76817
54829,ASPN,0.0797407,1.7e-13,7.47693
54965,PIGX,0.0660362,1.81e-13,3.45976
100288332,NPIPA5,,1.81e-13,3.61688
51008,ASCC1,0.0355897,2.02e-13,3.52596
5279,PIGC,0.212112,2.1e-13,3.50421
57580,PREX1,0.101001,2.14e-13,3.48757
988,CDC5L,0.0332631,2.18e-13,-3.54799
10055,SAE1,0.0958109,2.21e-13,3.64481
115908,CTHRC1,0.120188,2.21e-13,4.93034
26996,GPR160,0.0168372,2.41e-13,4.98041
2191,FAP,0.121286,2.54e-13,4.94137
10451,VAV3,0.0882837,2.61e-13,4.97179
60684,TRAPPC11,,2.62e-13,3.23818
25800,SLC39A6,0.113975,2.69e-13,6.28328
25836,NIPBL,0.0696053,2.77e-13,3.12404
23471,TRAM1,0.0321249,2.78e-13,4.15737
6663,SOX10,0.120786,2.89e-13,-5.1775
10048,RANBP9,0.485035,2.95e-13,4.01746
29028,ATAD2,0.0922095,3.11e-13,4.10523
9620,CELSR1,0.0097866,3.21e-13,4.06412
84640,USP38,0.00825539,3.55e-13,3.22955
222171,PRR15,0.0909237,3.65e-13,3.80473
776,CACNA1D,0.573775,3.82e-13,4.9632
11116,FGFR1OP,,3.89e-13,3.08247
10772,SRSF10,0.01218,3.99e-13,3.51991
5594,MAPK1,0.541966,4.23e-13,3.07731
1301,COL11A1,0.121424,4.29e-13,7.94893
10189,ALYREF,0.0986211,4.52e-13,4.41989
5286,PIK3C2A,0.0791042,4.68e-13,4.02415
2819,GPD1,0.102337,4.82e-13,-5.61331
90293,KLHL13,0.0370094,4.91e-13,-5.54294
100616459,MIR4745,,4.91e-13,3.32019
9555,H2AFY,,4.97e-13,3.82774
9439,MED23,0.333161,5.07e-13,3.36698
6330,SCN4B,0.0482462,5.13e-13,-4.09408
5527,PPP2R5C,0.0168877,5.28e-13,3.19383
23325,KIAA1033,,5.28e-13,3.36016
633,BGN,0.109261,5.38e-13,4.75435
3716,JAK1,0.56724,5.47e-13,4.8515
5021,OXTR,0.1061,5.65e-13,-5.75625
6328,SCN3A,0.395544,5.67e-13,-3.26362
51573,GDE1,,5.67e-13,5.0615
9128,PRPF4,0.0310544,5.67e-13,4.3737
84624,FNDC1,0.0869086,5.84e-13,5.11715
22919,MAPRE1,0.309483,5.84e-13,3.60727
4860,PNP,0.0158742,6.3e-13,3.63276
10489,LRRC41,0.459289,6.62e-13,3.14811
126,ADH1C,0.0394968,6.64e-13,-3.26152
375033,PEAR1,0.0802762,6.88e-13,-3.13894
79016,DDA1,0.0370011,7.95e-13,3.24693
54997,TESC,0.0530878,8.34e-13,-3.77896
1278,COL1A2,0.0445779,8.6e-13,3.30705
7057,THBS1,0.110443,8.67e-13,3.9229
6428,SRSF3,0.389414,8.73e-13,3.41693
286495,TTC3P1,,9.58e-13,4.22377
6478,SIAH2,0.520162,9.89e-13,4.18658
378938,MALAT1,0.131682,1e-12,5.98235
2956,MSH6,0.670662,1.02e-12,3.7224
4646,MYO6,0.0690008,1.06e-12,4.50532
7534,YWHAZ,0.0900063,1.09e-12,4.63123
81671,VMP1,0.0524406,1.15e-12,5.6982
55791,LRIF1,,1.16e-12,3.08875
1311,COMP,0.112388,1.19e-12,6.77976
1290,COL5A2,0.0678805,1.2e-12,3.76364
762,CA4,0.0509165,1.21e-12,-4.51964
5504,PPP1R2,0.00776118,1.22e-12,3.33742
29927,SEC61A1,0.031209,1.23e-12,4.45553
80760,ITIH5,0.100955,1.37e-12,-4.72582
23528,ZNF281,0.0522901,1.43e-12,3.26925
821,CANX,0.0211789,1.58e-12,3.03921
4023,LPL,0.05267,1.58e-12,-5.28472
23118,TAB2,0.421705,1.59e-12,3.25003
2706,GJB2,0.107405,1.6e-12,6.17255
80218,NAA50,0.0262673,1.63e-12,3.29174
101929368,LOC101929368,,1.63e-12,3.4917
5305,PIP4K2A,0.418008,1.72e-12,4.72695
4853,NOTCH2,0.706706,1.73e-12,3.33187
146894,CD300LG,0.0561863,1.74e-12,-5.74976
9474,ATG5,0.0737736,1.76e-12,3.53477
389432,SAMD5,0.0926551,1.82e-12,-3.69921
8780,RIOK3,0.00587221,1.96e-12,3.08153
10808,HSPH1,0.0196659,2.24e-12,3.2765
219988,PATL1,,2.47e-12,3.32376
100526693,ARPC4-TTLL3,,2.48e-12,3.96046
26060,APPL1,0.0191064,2.67e-12,3.51966
4077,NBR1,0.103944,2.77e-12,3.06204
4170,MCL1,0.117802,2.93e-12,3.23065
724102,SNHG4,0.04398,2.96e-12,4.0659
3185,HNRNPF,0.100983,3.02e-12,3.07812
10434,LYPLA1,0.0127452,3.17e-12,3.63057
5966,REL,0.428053,3.33e-12,3.36626
79269,DCAF10,,3.34e-12,3.82578
10576,CCT2,0.0992708,3.35e-12,3.99507
7803,PTP4A1,0.0185114,3.37e-12,4.20807
4616,GADD45B,0.0522449,3.48e-12,4.38652
1508,CTSB,0.104618,3.5e-12,3.56704
10945,KDELR1,,3.51e-12,4.06271
10105,PPIF,0.0848359,4.16e-12,4.14382
286753,TUSC5,,4.24e-12,-4.77654
5910,RAP1GDS1,0.537921,4.24e-12,3.67342
8879,SGPL1,0.0559011,4.28e-12,3.09834
10159,ATP6AP2,0.102959,4.33e-12,3.6433
26118,WSB1,0.0815362,4.43e-12,3.57705
23473,CAPN7,,4.51e-12,3.27598
11170,FAM107A,0.0422057,4.57e-12,-3.73017
6713,SQLE,0.0316818,4.74e-12,3.43629
4582,MUC1,0.378287,4.93e-12,4.17222
10771,ZMYND11,0.0316728,4.93e-12,3.11972
32,ACACB,0.0545847,4.93e-12,-3.96602
10411,RAPGEF3,0.0844925,4.94e-12,-3.69281
1829,DSG2,0.0871488,5e-12,4.48346
60592,SCOC,0.00301906,5.05e-12,3.16873
3679,ITGA7,0.104601,5.15e-12,-3.52533
10564,ARFGEF2,0.00461975,5.38e-12,3.59066
57446,NDRG3,0.0225351,5.42e-12,3.06317
81611,ANP32E,0.0977295,5.71e-12,4.79766
3092,HIP1,0.554744,5.81e-12,3.16297
55500,ETNK1,0.509671,6.24e-12,3.65501
100302143,MIR1248,,6.54e-12,4.67561
5329,PLAUR,0.306146,6.62e-12,3.88927
51322,WAC,0.00501766,6.9e-12,4.22214
155465,AGR3,0.11076,6.9e-12,5.06376
148741,ANKRD35,0.174495,7.01e-12,-3.1584
54897,CASZ1,0.292929,7.25e-12,3.25858
23405,DICER1,0.449453,7.29e-12,4.08905
23016,EXOSC7,0.0255889,7.65e-12,-4.2309
79682,CENPU,0.107074,7.65e-12,3.28481
5591,PRKDC,0.106507,8.16e-12,3.41254
7503,XIST,0.115293,8.54e-12,4.07467
6649,SOD3,0.0743965,8.68e-12,-3.64567
5861,RAB1A,0.060481,9.7e-12,3.90841
1495,CTNNA1,0.415202,1.04e-11,3.5357
57035,RSRP1,0.0767289,1.09e-11,3.65967
1675,CFD,0.0869816,1.16e-11,-4.77415
63924,CIDEC,0.021905,1.26e-11,-5.28256
22902,RUFY3,0.0137695,1.28e-11,3.46566
83543,AIF1L,0.0683243,1.33e-11,-4.75487
5152,PDE9A,0.103153,1.33e-11,-3.29306
55083,KIF26B,0.101129,1.4e-11,4.47824
51330,TNFRSF12A,0.104898,1.4e-11,3.35427
7227,TRPS1,0.528977,1.4e-11,4.51942
8545,CGGBP1,0.00243215,1.46e-11,3.2465
84326,METTL26,,1.49e-11,3.63435
3952,LEP,0.126757,1.49e-11,-6.77803
5950,RBP4,0.122224,1.5e-11,-6.73479
22996,TTC39A,0.0114613,1.51e-11,3.26598
23731,TMEM245,0.014044,1.51e-11,3.78071
9317,PTER,0.00515359,1.65e-11,3.92075
203328,SUSD3,0.0594193,1.73e-11,4.79931
10678,B3GNT2,0.0122246,1.86e-11,3.18495
2782,GNB1,0.0145348,1.87e-11,3.11438
100652856,LINC00408,,1.88e-11,-4.07433
56882,CDC42SE1,0.0073916,1.88e-11,3.30216
1072,CFL1,0.111958,2e-11,3.57418
9261,MAPKAPK2,0.0729898,2e-11,3.08475
2521,FUS,0.40266,2.17e-11,5.41562
79647,AKIRIN1,,2.18e-11,3.65574
7531,YWHAE,0.415962,2.29e-11,3.90734
5611,DNAJC3,0.0514781,2.29e-11,3.34467
1410,CRYAB,0.0606844,2.36e-11,-4.34323
8204,NRIP1,0.479621,2.45e-11,3.41322
7533,YWHAH,0.0286014,2.45e-11,3.21348
3326,HSP90AB1,0.310776,2.63e-11,5.81338
51397,COMMD10,,2.64e-11,3.18104
2752,GLUL,0.0381131,2.73e-11,3.77401
85476,GFM1,0.00469161,2.77e-11,3.24198
54763,ROPN1,0.0813575,2.81e-11,-4.13475
59352,LGR6,0.438763,2.97e-11,-3.27088
10276,NET1,0.10266,3.08e-11,3.52446
25804,LSM4,0.0565789,3.08e-11,3.65031
9768,KIAA0101,,3.11e-11,4.7031
81555,YIPF5,0.0036958,3.23e-11,3.92316
6885,MAP3K7,0.0830098,3.24e-11,3.01095
10611,PDLIM5,0.0251541,3.31e-11,3.34352
729359,PLIN4,0.0234375,3.44e-11,-5.65204
7171,TPM4,0.282905,3.5e-11,3.02929
7148,TNXB,0.012176,3.54e-11,-5.92341
7852,CXCR4,0.439164,3.55e-11,4.56938
1200,TPP1,0.0087847,3.85e-11,3.60419
9,NAT1,0.113395,3.97e-11,6.84971
51714,SELT,,3.99e-11,3.10979
55686,MREG,0.0134113,4.04e-11,3.24213
57447,NDRG2,0.129763,4.11e-11,-3.0885
7326,UBE2G1,0.00147832,4.15e-11,3.02392
8190,MIA,0.00969353,4.43e-11,-3.59229
2348,FOLR1,0.107139,4.58e-11,-4.20614
5912,RAP2B,0.0943169,4.73e-11,3.4328
477,ATP1A2,0.106868,4.75e-11,-4.78756
51125,GOLGA7,,4.84e-11,3.83646
528,ATP6V1C1,0.085605,4.93e-11,3.12296
55273,TMEM100,0.0788498,5.12e-11,-3.92728
7040,TGFB1,0.143847,5.3e-11,3.19394
3916,LAMP1,0.0930146,5.32e-11,4.38562
5502,PPP1R1A,0.0215286,5.39e-11,-4.90514
5205,ATP8B1,0.00258706,5.42e-11,3.39957
8416,ANXA9,0.0957625,6.04e-11,3.98727
860,RUNX2,0.11786,6.04e-11,3.11088
54431,DNAJC10,0.0412102,6.15e-11,3.27022
55002,TMCO3,,6.49e-11,3.14684
367,AR,0.742052,6.49e-11,4.25029
9147,NEMF,0.118266,6.59e-11,3.26349
58475,MS4A7,0.0100082,6.63e-11,5.72825
3337,DNAJB1,0.27087,6.66e-11,3.11708
7511,XPNPEP1,0.0150458,7.1e-11,3.02221
153579,BTNL9,0.050247,7.54e-11,-4.9126
58505,OSTC,0.0164472,8.14e-11,3.11068
9341,VAMP3,0.0375635,8.15e-11,4.42989
11096,ADAMTS5,0.0523067,8.15e-11,-3.06773
948,CD36,0.120903,8.55e-11,-4.54866
6992,PPP1R11,,8.94e-11,3.51674
5348,FXYD1,0.0106837,8.94e-11,-4.06279
80127,BBOF1,0.004543,9.27e-11,3.05466
2310,FOXO3B,0.0314217,9.27e-11,3.67349
255743,NPNT,0.0569847,9.36e-11,3.82713
115330,GPR146,0.0134464,9.71e-11,-3.393
11212,PROSC,,9.77e-11,3.11707
950,SCARB2,0.0267664,1.03e-10,3.87265
51466,EVL,0.0177632,1.11e-10,3.06677
9589,WTAP,0.0431054,1.13e-10,3.12748
10140,TOB1,0.0681306,1.14e-10,6.18304
2200,FBN1,0.0216043,1.32e-10,4.9566
84898,PLXDC2,0.00793656,1.35e-10,3.56142
5782,PTPN12,0.0855061,1.38e-10,3.1618
1879,EBF1,0.671822,1.4e-10,-3.0824
5878,RAB5C,0.0255186,1.4e-10,3.04084
1289,COL5A1,0.0888841,1.4e-10,3.34808
1266,CNN3,0.0206969,1.5e-10,4.03594
5573,PRKAR1A,0.429027,1.61e-10,3.2946
7498,XDH,0.0508266,1.68e-10,-4.0645
11130,ZWINT,0.113308,1.69e-10,3.53311
56204,FAM214A,,1.71e-10,3.62404
219348,PLAC9,0.0193461,1.71e-10,-3.76609
2665,GDI2,0.197259,1.73e-10,4.2912
25782,RAB3GAP2,0.0492888,1.73e-10,3.03642
6451,SH3BGRL,0.0963612,1.84e-10,4.02261
2288,FKBP4,0.112492,1.89e-10,3.14921
241,ALOX5AP,0.010344,2.06e-10,3.98051
57674,RNF213,0.286416,2.08e-10,3.22588
3431,SP110,0.00295784,2.14e-10,3.59454
6599,SMARCC1,0.0839242,2.21e-10,3.12315
27005,USP21,0.100976,2.25e-10,3.02245
131873,COL6A6,0.0806612,2.27e-10,-4.75479
29058,TMEM230,0.00905471,2.54e-10,4.04444
7357,UGCG,0.0988164,2.56e-10,3.50397
5025,P2RX4,0.0396075,2.56e-10,3.17815
23336,SYNM,0.0481069,2.71e-10,-5.41064
57509,MTUS1,0.0914577,2.72e-10,3.14132
5921,RASA1,0.441467,2.73e-10,3.73973
7050,TGIF1,0.107652,2.82e-10,3.00366
9743,ARHGAP32,0.00504519,2.87e-10,3.51882
6422,SFRP1,0.125747,2.96e-10,-5.483
6289,SAA2,0.0673797,3.01e-10,-4.42334
56920,SEMA3G,0.0169881,3.19e-10,-3.74141
3131,HLF,0.460782,3.19e-10,-3.40028
6856,SYPL1,0.0324411,3.24e-10,3.18912
800,CALD1,0.0813949,3.46e-10,3.51999
397,ARHGDIB,0.0841741,3.46e-10,4.04667
57645,POGK,0.0132716,3.56e-10,3.27008
55604,CARMIL1,,3.58e-10,3.41386
3914,LAMB3,0.030057,3.8e-10,-3.42308
26227,PHGDH,0.108117,3.81e-10,-3.10093
199870,FAM76A,,3.95e-10,3.35158
131578,LRRC15,0.106515,3.95e-10,5.59577
427,ASAH1,0.10018,4.09e-10,4.40735
7020,TFAP2A,0.184746,4.15e-10,3.24927
101930400,LOC101930400,,4.25e-10,-4.99417
84612,PARD6B,0.0162253,4.26e-10,3.7185
81031,SLC2A10,0.0150711,4.36e-10,3.65197
7559,ZNF12,0.00147832,4.58e-10,3.40416
100528017,SAA2-SAA4,,4.92e-10,-5.39198
9194,SLC16A7,0.0806691,4.92e-10,-3.38514
51433,ANAPC5,,4.94e-10,3.35999
1164,CKS2,0.0996817,5.13e-10,3.2655
152015,ROPN1B,0.00526138,5.28e-10,-4.17631
100616113,MIR4680,,5.38e-10,3.22671
100190986,LOC100190986,,5.38e-10,4.60916
25912,C1orf43,,5.55e-10,4.60238
64853,AIDA,,5.68e-10,3.16544
7756,ZNF207,0.00798703,5.79e-10,3.23882
163,AP2B1,0.0345544,5.84e-10,3.21121
26112,CCDC69,0.10651,6.71e-10,-3.65477
55353,LAPTM4B,0.111161,6.81e-10,3.86593
9040,UBE2M,0.0896684,7.19e-10,3.51718
10963,STIP1,0.0502482,7.2e-10,4.11192
7070,THY1,0.0821712,8e-10,3.41373
64087,MCCC2,0.0182231,8.31e-10,3.37388
10362,HMG20B,0.0158919,9.19e-10,3.01097
7416,VDAC1,0.111449,9.23e-10,3.0422
8639,AOC3,0.0624679,1e-09,-3.63335
79718,TBL1XR1,0.579481,1.02e-09,3.20018
55504,TNFRSF19,0.0239833,1.03e-09,3.40688
55000,TUG1,0.10622,1.05e-09,3.12376
18,ABAT,0.0813123,1.08e-09,3.23891
8424,BBOX1,0.04958,1.08e-09,-3.76764
6674,SPAG1,0.0821708,1.09e-09,3.07922
56521,DNAJC12,0.074761,1.1e-09,4.59159
167153,PAPD4,,1.19e-09,3.04985
23355,VPS8,,1.23e-09,3.34956
2023,ENO1,0.114803,1.29e-09,4.93412
5230,PGK1,0.117057,1.32e-09,3.59064
1910,EDNRB,0.102193,1.4e-09,-3.33611
8763,CD164,0.0842591,1.42e-09,3.06329
51085,MLXIPL,0.206698,1.43e-09,-3.0089
5328,PLAU,0.109663,1.46e-09,4.61343
8775,NAPA,,1.48e-09,3.0104
572558,PGM5-AS1,,1.51e-09,-3.54412
9643,MORF4L2,0.048687,1.63e-09,3.43622
83666,PARP9,0.0979968,1.63e-09,3.17313
414062,CCL3L3,0.00828742,1.65e-09,3.38231
10857,PGRMC1,0.111999,1.71e-09,3.18759
79192,IRX1,0.0625023,1.76e-09,-5.08591
4016,LOXL1,0.0965481,1.81e-09,3.2206
5649,RELN,0.0875796,1.82e-09,-4.34142
23499,MACF1,0.0213646,1.86e-09,3.41855
25802,LMOD1,0.0342546,1.87e-09,-3.3867
23543,RBFOX2,0.0324355,1.87e-09,3.15746
55198,APPL2,0.0166927,1.94e-09,3.35681
693197,MIR612,,2.09e-09,3.56527
1756,DMD,0.0910191,2.19e-09,-3.50159
9126,SMC3,0.00732186,2.28e-09,3.54745
9517,SPTLC2,,2.32e-09,3.19243
11197,WIF1,0.548144,2.4e-09,-5.57572
7707,ZNF148,0.0974165,2.53e-09,3.15136
5339,PLEC,0.292275,2.58e-09,3.24566
24141,LAMP5,0.00612019,2.65e-09,4.24383
10894,LYVE1,0.0724206,2.69e-09,-3.56735
125,ADH1B,0.0691995,2.71e-09,-3.35758
387,RHOA,0.44523,2.8e-09,4.61456
83988,NCALD,0.100699,2.97e-09,-3.54207
57221,ARFGEF3,0.0945596,3.15e-09,3.02345
26577,PCOLCE2,0.0259555,3.21e-09,-4.91873
5284,PIGR,0.122418,3.26e-09,-7.8782
56650,CLDND1,0.0380386,3.29e-09,3.42873
3783,KCNN4,0.410677,3.54e-09,-3.45715
101929780,NBPF25P,,3.55e-09,3.13686
79048,SECISBP2,,3.62e-09,3.24341
3688,ITGB1,0.179131,3.63e-09,3.43881
972,CD74,0.395024,3.91e-09,3.36007
5445,PON2,0.0450687,3.95e-09,3.47151
92304,SCGB3A1,0.0703186,4.12e-09,-5.59413
10763,NES,0.102037,4.53e-09,-3.13139
1857,DVL3,0.0278749,4.57e-09,3.1281
9413,FAM189A2,,4.71e-09,-3.81864
100506558,LOC100506558,,4.73e-09,-4.28107
11185,INMT,0.00937359,4.82e-09,-3.5048
8038,ADAM12,0.103647,4.93e-09,3.88666
56963,RGMA,0.0481876,4.99e-09,-3.0184
3991,LIPE,0.0230398,5.07e-09,-3.16785
8436,SDPR,,5.68e-09,-4.32334
8301,PICALM,0.287581,5.72e-09,3.71605
85390,SNORD14D,,5.74e-09,3.38372
7177,TPSAB1,0.0126429,5.76e-09,4.72376
1665,DHX15,0.0784239,6.46e-09,3.40393
678,ZFP36L2,0.0337857,6.67e-09,3.65681
230,ALDOC,0.0818527,6.78e-09,-3.14077
9135,RABEP1,0.277088,7.21e-09,3.20133
91966,CXorf40A,,7.36e-09,3.10859
7320,UBE2B,0.0561806,7.42e-09,3.29018
7079,TIMP4,0.0500957,7.6e-09,-4.8754
9370,ADIPOQ,0.12372,7.6e-09,-6.95697
26090,ABHD12,0.0353951,7.66e-09,3.03953
127933,UHMK1,0.00676881,7.73e-09,3.70728
1847,DUSP5,0.0556122,8.45e-09,3.98704
1727,CYB5R3,0.00791688,8.56e-09,3.49649
7153,TOP2A,0.692934,8.67e-09,3.76706
196051,PLPP4,0.0975917,9.5e-09,4.22785
2203,FBP1,0.105308,9.85e-09,3.10307
3329,HSPD1,0.0983901,1.02e-08,3.01061
2167,FABP4,0.127207,1.02e-08,-5.22784
1291,COL6A1,0.101094,1.02e-08,3.30925
286343,LURAP1L,0.0186638,1.06e-08,3.18514
5346,PLIN1,0.0960782,1.07e-08,-5.63314
727936,GXYLT2,0.00295664,1.1e-08,4.86651
25891,PAMR1,0.0311043,1.12e-08,-3.40703
1295,COL8A1,0.095538,1.15e-08,4.34072
54145,H2BFS,,1.16e-08,4.47732
64499,TPSB2,0.00406538,1.16e-08,4.76616
440823,MIAT,0.107729,1.16e-08,3.88762
730051,ZNF814,,1.22e-08,3.22579
9358,ITGBL1,0.0275471,1.36e-08,3.36577
8407,TAGLN2,0.0958748,1.38e-08,3.32828
26509,MYOF,0.0955409,1.45e-08,3.74666
116362,RBP7,0.103418,1.45e-08,-4.19946
1296,COL8A2,0.0151989,1.48e-08,3.22129
79581,SLC52A2,0.104138,1.74e-08,3.20302
27161,AGO2,0.110068,1.93e-08,3.00784
1520,CTSS,0.105376,2.03e-08,3.24756
10180,RBM6,0.0407227,2.03e-08,4.04984
81539,SLC38A1,0.102864,2.05e-08,4.01681
723790,HIST2H2AA4,,2.12e-08,3.91584
285097,LOC285097,,2.13e-08,4.79792
22795,NID2,0.0253596,2.22e-08,3.18816
50486,G0S2,0.103873,2.28e-08,-4.74761
27436,EML4,0.406185,2.34e-08,3.05688
10633,RASL10A,0.0135073,2.89e-08,-3.31561
85004,RERG,0.0774916,2.92e-08,3.26244
100293534,C4B_2,0.00441443,2.93e-08,3.2521
84870,RSPO3,0.509934,3.02e-08,-4.17817
2273,FHL1,0.1024,3.08e-08,-3.0081
1359,CPA3,0.00706489,3.17e-08,4.67913
5580,PRKCD,0.088073,3.41e-08,3.09154
9687,GREB1,0.357546,3.41e-08,3.73933
4154,MBNL1,0.108403,3.49e-08,3.15673
57678,GPAM,0.0259205,3.55e-08,-3.48655
58489,ABHD17C,0.00502031,3.68e-08,3.03854
11240,PADI2,0.103024,3.7e-08,-3.43625
8349,HIST2H2BE,,4.05e-08,4.03657
2568,GABRP,0.107556,4.42e-08,-5.61396
100132417,FCGR1CP,0.0114147,4.58e-08,3.06927
2949,GSTM5,0.0131168,4.9e-08,-3.64912
8470,SORBS2,0.0253501,5.14e-08,-3.33615
100507098,ADAMTS9-AS2,0.02325,5.39e-08,-3.05098
5996,RGS1,0.0254985,5.55e-08,4.05191
100533105,C8orf44-SGK3,0.00478401,5.7e-08,3.33175
8970,HIST1H2BJ,,5.7e-08,5.19869
79838,TMC5,0.0343845,5.92e-08,4.04316
5105,PCK1,0.0297788,6.19e-08,-3.46678
6845,VAMP7,0.0377858,6.34e-08,3.03715
11254,SLC6A14,0.0885813,6.46e-08,-3.59213
64921,CASD1,0.152406,6.79e-08,3.22075
9509,ADAMTS2,0.00940375,7.13e-08,3.03716
2001,ELF5,0.123347,7.25e-08,-5.68175
1365,CLDN3,0.0908926,7.48e-08,4.01397
133,ADM,0.0797743,7.59e-08,-3.22347
10370,CITED2,0.0917184,7.7e-08,3.48833
8671,SLC4A4,0.0327642,7.84e-08,-3.30641
7074,TIAM1,0.106016,8.18e-08,3.10916
5054,SERPINE1,0.123933,8.19e-08,3.55658
100133941,CD24,0.119406,9.55e-08,3.27811
6696,SPP1,0.123673,9.8e-08,3.95794
10562,OLFM4,0.0835957,1.01e-07,-3.28192
5570,PKIB,0.0214974,1.01e-07,4.20263
2099,ESR1,0.875615,1.06e-07,3.53378
51203,NUSAP1,0.0960077,1.08e-07,3.26868
10551,AGR2,0.113894,1.1e-07,3.24912
91851,CHRDL1,0.0397191,1.16e-07,-5.22298
716,C1S,0.0303103,1.17e-07,4.94174
3017,HIST1H2BD,,1.19e-07,3.90987
221091,LRRN4CL,0.0183756,1.25e-07,-3.80101
8507,ENC1,0.0978157,1.38e-07,3.02541
114818,KLHL29,0.0829571,1.51e-07,-3.22191
8345,HIST1H2BH,,1.68e-07,3.37635
57535,KIAA1324,,1.72e-07,3.05269
161835,FSIP1,0.100876,1.91e-07,4.69815
6351,CCL4,0.0760704,1.95e-07,3.05852
22834,ZNF652,0.0559742,2.34e-07,3.90467
84649,DGAT2,0.0218173,2.36e-07,-4.25745
56172,ANKH,0.0102328,2.41e-07,3.00075
6590,SLPI,0.0974702,2.41e-07,-3.72937
19,ABCA1,0.280426,2.49e-07,3.09874
5764,PTN,0.120785,2.64e-07,-3.651
5552,SRGN,0.114054,2.75e-07,3.65203
7078,TIMP3,0.259699,3.02e-07,3.98799
11057,ABHD2,0.0183661,3.04e-07,3.20864
629,CFB,0.0217584,3.14e-07,3.0345
6228,RPS23,0.370542,3.2e-07,3.06053
10884,MRPS30,0.415046,3.55e-07,3.76477
3202,HOXA5,0.110008,3.68e-07,-4.09832
26585,GREM1,0.115046,3.82e-07,3.73311
100509457,LOC100509457,,3.85e-07,3.73762
101060835,LOC101060835,,4.01e-07,3.06749
84417,C2orf40,,4.01e-07,-5.2183
1968,EIF2S3,0.0238832,4.21e-07,3.54773
3040,HBA2,0.261953,4.29e-07,-3.76876
152831,KLB,0.0288667,4.38e-07,-3.17399
28996,HIPK2,0.0277772,4.57e-07,3.3126
1984,EIF5A,0.031604,4.6e-07,5.03808
5366,PMAIP1,0.108128,4.61e-07,3.37425
4915,NTRK2,0.579672,4.8e-07,-4.4104
64102,TNMD,0.0162869,4.98e-07,-3.03479
2327,FMO2,0.0376682,5.04e-07,-3.6802
54102,CLIC6,0.28899,5.04e-07,5.92183
150094,SIK1,0.0375693,5.43e-07,3.63004
100507472,LOC100507472,,5.47e-07,3.13079
65055,REEP1,0.00223707,6.03e-07,3.79196
56477,CCL28,0.0935209,6.08e-07,-4.35875
84620,ST6GAL2,0.0839756,6.33e-07,3.35582
1490,CTGF,,6.69e-07,3.55391
3627,CXCL10,0.119213,6.85e-07,4.69862
51339,DACT1,0.0774868,6.88e-07,3.15114
79901,CYBRD1,0.480972,7.03e-07,3.17316
3866,KRT15,0.0906381,7.42e-07,-4.71224
3852,KRT5,0.128437,8.36e-07,-4.31136
3491,CYR61,,8.9e-07,3.77566
9120,SLC16A6,0.0220054,9.1e-07,3.6798
9073,CLDN8,0.104802,1.03e-06,-3.79384
100653057,LOC100653057,,1.03e-06,-3.86793
2353,FOS,0.119372,1.11e-06,4.92071
2289,FKBP5,0.0933882,1.18e-06,3.02781
8644,AKR1C3,0.0384937,1.36e-06,-3.19622
2261,FGFR3,0.461127,1.55e-06,3.77168
1149,CIDEA,0.0163509,1.62e-06,-3.33366
5396,PRRX1,0.302186,1.66e-06,3.05951
827,CAPN6,0.0464578,1.82e-06,-3.10243
3043,HBB,0.272954,2.06e-06,-3.33638
8344,HIST1H2BE,,2.06e-06,3.01125
3872,KRT17,0.114222,2.1e-06,-3.14704
7802,DNALI1,0.0238317,2.36e-06,3.16035
6241,RRM2,0.138103,2.47e-06,3.42856
658,BMPR1B,0.0974925,2.58e-06,5.89686
2674,GFRA1,0.0699816,2.81e-06,4.40429
85329,LGALS12,0.0111384,3.2e-06,-3.078
1734,DIO2,0.018241,3.76e-06,3.90317
59084,ENPP5,0.0434024,4.13e-06,3.33323
10486,CAP2,0.025517,4.15e-06,3.06919
80000,GREB1L,0.0320919,4.3e-06,3.17552
6505,SLC1A1,0.00942137,5.24e-06,4.45859
2215,FCGR3B,0.0540492,5.34e-06,3.56399
139221,MUM1L1,,5.77e-06,3.3257
3664,IRF6,0.0911811,5.91e-06,3.03864
116844,LRG1,0.0768699,6.02e-06,3.10567
4938,OAS1,0.0960273,6.67e-06,3.301
8490,RGS5,0.0405357,7.52e-06,3.18481
23362,PSD3,0.247307,8.45e-06,4.24679
4128,MAOA,0.0859772,9.25e-06,-3.76361
4314,MMP3,0.28588,9.81e-06,3.59576
2690,GHR,0.105723,1.05e-05,-3.19771
8483,CILP,0.0795008,1.26e-05,4.09753
399,RHOH,0.512931,1.27e-05,3.33203
121506,ERP27,0.0118517,1.38e-05,3.98404
3861,KRT14,0.124285,1.55e-05,-4.58054
10351,ABCA8,0.0342073,1.89e-05,-3.6771
91074,ANKRD30A,0.161774,2.08e-05,4.72931
1475,CSTA,0.0245112,2.2e-05,-3.12923
540,ATP7B,0.0907682,2.6e-05,3.09395
64078,SLC28A3,0.0375107,2.61e-05,-3.37906
84152,PPP1R1B,0.108889,3.34e-05,-3.53982
57758,SCUBE2,0.0948468,3.91e-05,3.25972
348249,CCL15-CCL14,,4.05e-05,-3.20854
574412,MIR452,,5.13e-05,-3.34481
57452,GALNT16,0.0782926,5.13e-05,-3.77907
8842,PROM1,0.121234,6.32e-05,-4.19754
6286,S100P,0.11135,6.54e-05,3.82086
4283,CXCL9,0.115625,7.93e-05,4.0775
23002,DAAM1,0.0876222,8.96e-05,3.34569
163720,CYP4Z2P,0.0146326,9.74e-05,3.79177
8788,DLK1,0.0779962,9.86e-05,-4.40571
7069,THRSP,0.0852543,9.95e-05,-4.27926
83481,EPPK1,0.0593183,0.000103,3.12531
3507,IGHM,0.0364298,0.000103,3.41777
23704,KCNE4,0.0098844,0.000118,4.20682
5241,PGR,0.411686,0.000175,3.24504
118430,MUCL1,0.0934331,0.000634,-4.94536
285386,TPRG1,0.0108384,0.000728,3.21005
221662,RBM24,0.0851299,0.000893,3.64399
5979,RET,0.598481,0.000995,3.29219
