mRNA,miR
MYLIP,MIMAT0000103
CEP97,MIMAT0000103
ENTPD4,MIMAT0000103
ITGA2,MIMAT0000103
F2RL3,MIMAT0000103
WIPF2,MIMAT0000103
MAPK9,MIMAT0000103
CNKSR3,MIMAT0000103
APP,MIMAT0000103
EIF3M,MIMAT0000103
DNAJC10,MIMAT0000103
ZNF7,MIMAT0000103
WDR53,MIMAT0000103
KIF6,MIMAT0000103
CUL4A,MIMAT0000103
MFSD8,MIMAT0000103
RGMB,MIMAT0000103
PRKAR1A,MIMAT0000103
ZC3H12C,MIMAT0000103
SOCS7,MIMAT0000103
PDPK1,MIMAT0000103
WAC,MIMAT0000103
WEE1,MIMAT0000103
ZNF665,MIMAT0000103
TBL1XR1,MIMAT0000103
GPRIN3,MIMAT0000103
MTMR3,MIMAT0000103
CADM2,MIMAT0000103
ZDHHC20,MIMAT0000103
RAB3IP,MIMAT0000103
CYB561D1,MIMAT0000103
PRNP,MIMAT0000103
ABHD15,MIMAT0000103
QRFPR,MIMAT0000103
CCDC137,MIMAT0000103
DSTYK,MIMAT0000103
RTN3,MIMAT0000103
ZBTB37,MIMAT0000103
A1CF,MIMAT0000103
FHDC1,MIMAT0000103
MAP3K2,MIMAT0000103
RBM12B,MIMAT0000103
XIAP,MIMAT0000103
HIP1,MIMAT0000103
SLC7A11,MIMAT0000103
TMOD3,MIMAT0000103
PLEKHM1,MIMAT0000103
ZNF652,MIMAT0000103
ZFYVE26,MIMAT0000103
TTC9,MIMAT0000103
MTMR9,MIMAT0000103
WSB1,MIMAT0000103
RLIM,MIMAT0000103
IRAK4,MIMAT0000103
ARID4B,MIMAT0000103
KLF3,MIMAT0000103
TLR7,MIMAT0000103
OCIAD1,MIMAT0000103
FKBP14,MIMAT0000103
RAB42,MIMAT0000103
C18orf32,MIMAT0000103
BCL2L2,MIMAT0000103
CDKN1A,MIMAT0000103
PRKACB,MIMAT0000103
SPIB,MIMAT0000103
RAB5B,MIMAT0000103
RND3,MIMAT0000103
ARHGAP12,MIMAT0000103
GTF2H3,MIMAT0000103
YOD1,MIMAT0000103
HIPK3,MIMAT0000103
POLM,MIMAT0000103
PKNOX1,MIMAT0000103
ZNF385A,MIMAT0000103
ENPP5,MIMAT0000103
NRIP3,MIMAT0000103
NUFIP2,MIMAT0000103
WNK3,MIMAT0000103
ZNFX1,MIMAT0000103
LY6G5B,MIMAT0000103
CFL2,MIMAT0000103
SERF1A,MIMAT0000103
EGLN3,MIMAT0000103
ABCG8,MIMAT0000103
ZMAT3,MIMAT0000103
GPR157,MIMAT0000103
SLC35F5,MIMAT0000103
TNKS2,MIMAT0000103
ZNF805,MIMAT0000103
KCNB1,MIMAT0000103
MECP2,MIMAT0000103
CCDC6,MIMAT0000103
MTF1,MIMAT0000103
DYRK2,MIMAT0000103
NUDT3,MIMAT0000103
MAPRE3,MIMAT0000103
SF3B3,MIMAT0000103
OSTM1,MIMAT0000103
SPCS1,MIMAT0000103
EIF2B2,MIMAT0000103
DLST,MIMAT0000103
MYH9,MIMAT0000103
NPAT,MIMAT0000103
RORA,MIMAT0000103
SP2,MIMAT0000103
TXK,MIMAT0000103
BNIP2,MIMAT0000103
DUSP2,MIMAT0000103
QKI,MIMAT0000103
MFN1,MIMAT0000103
TRAPPC2,MIMAT0000103
ZNF578,MIMAT0000103
VPS53,MIMAT0000103
ATXN1,MIMAT0000103
TP53INP1,MIMAT0000103
MFSD2A,MIMAT0000103
LLPH,MIMAT0000103
DCTN5,MIMAT0000103
PPP1R15B,MIMAT0000103
PURB,MIMAT0000103
DCBLD2,MIMAT0000103
MAPKAPK5,MIMAT0000103
STAT3,MIMAT0000103
CXorf38,MIMAT0000103
SGMS1,MIMAT0000103
SON,MIMAT0000103
RRN3,MIMAT0000103
HMGB3,MIMAT0000103
ZYG11A,MIMAT0000103
HMGB1,MIMAT0000103
RUNX3,MIMAT0000103
SOD2,MIMAT0000103
SNAP47,MIMAT0000103
CYP19A1,MIMAT0000103
NR3C1,MIMAT0000103
TGFB1,MIMAT0000103
KATNAL1,MIMAT0000103
TNRC6B,MIMAT0000103
COX19,MIMAT0000103
EIF4EBP1,MIMAT0000430
RHOC,MIMAT0000430
DMKN,MIMAT0000430
DNAJB6,MIMAT0000430
NFKB1,MIMAT0000430
LNPEP,MIMAT0000430
TERT,MIMAT0000430
ZMYND11,MIMAT0000430
EID1,MIMAT0000430
YAP1,MIMAT0000430
MXD1,MIMAT0000430
MEAF6,MIMAT0000430
IGF2BP1,MIMAT0000430
BLCAP,MIMAT0000430
CELF1,MIMAT0000430
S100A1,MIMAT0000430
FOXC1,MIMAT0000430
CDH2,MIMAT0000430
RPA1,MIMAT0000430
IGLON5,MIMAT0000430
CCND1,MIMAT0000430
BCL11A,MIMAT0000430
ZNF426,MIMAT0000430
PHKG2,MIMAT0000430
VWA1,MIMAT0004552
ZBTB7A,MIMAT0004552
PXN,MIMAT0004552
GFRA1,MIMAT0004552
SYT7,MIMAT0004552
KANK2,MIMAT0004552
PKIA,MIMAT0004552
THY1,MIMAT0004552
UCP2,MIMAT0004552
BCAR1,MIMAT0004552
PNPO,MIMAT0004552
ORAI2,MIMAT0004552
CHEK1,MIMAT0004552
AKT1S1,MIMAT0004552
PAX5,MIMAT0004552
SORBS2,MIMAT0004552
CDC37,MIMAT0004552
HLA-A,MIMAT0004552
YY1,MIMAT0004552
B2M,MIMAT0004552
ZSWIM7,MIMAT0004552
KRT80,MIMAT0004552
ZNF570,MIMAT0004552
ZNF585B,MIMAT0004552
ZMIZ2,MIMAT0004552
CPEB2,MIMAT0000434
UCK2,MIMAT0000434
ATG16L1,MIMAT0000434
OTUD4,MIMAT0000434
PRKCA,MIMAT0000434
ZNF682,MIMAT0000434
EIF5,MIMAT0000434
CREB3L2,MIMAT0000434
LPP,MIMAT0000434
BCLAF1,MIMAT0000434
MTMR9,MIMAT0000434
UBE2W,MIMAT0000434
CNIH4,MIMAT0000434
LYRM4,MIMAT0000434
FYCO1,MIMAT0000434
EDEM3,MIMAT0000434
PPP1R14C,MIMAT0000434
AFF1,MIMAT0000434
CLTA,MIMAT0000434
TMEM59,MIMAT0000434
SKP2,MIMAT0000434
PPP1R2,MIMAT0000434
GPC4,MIMAT0000434
ENTPD1,MIMAT0000434
NFATC2IP,MIMAT0000434
FBXO3,MIMAT0000434
TOR1AIP2,MIMAT0000434
KIAA0895,MIMAT0000433
CAPZA1,MIMAT0000433
PRKCB,MIMAT0000433
FNDC3A,MIMAT0000436
IRS1,MIMAT0000436
TEX9,MIMAT0000436
ADARB2,MIMAT0004600
SMAD4,MIMAT0004600
SOD2,MIMAT0004600
BLMH,MIMAT0004600
REL,MIMAT0004766
ATXN1,MIMAT0004766
TPM3,MIMAT0004766
KY,MIMAT0004766
SLC12A7,MIMAT0004766
KLHDC8B,MIMAT0004766
POLR3G,MIMAT0004766
BIVM,MIMAT0004766
PTGS1,MIMAT0004766
OLFML2A,MIMAT0004766
APOL6,MIMAT0004766
BLCAP,MIMAT0004766
RAB8A,MIMAT0004766
MAT2A,MIMAT0004766
LSM4,MIMAT0004766
LIMD1,MIMAT0004766
ZNF551,MIMAT0004766
CPEB4,MIMAT0004766
GANAB,MIMAT0004766
GK5,MIMAT0004766
USP48,MIMAT0002809
LIMD2,MIMAT0002809
TMEM167A,MIMAT0002809
RUFY2,MIMAT0002809
ZNRF3,MIMAT0002809
ARL8A,MIMAT0002809
TMPRSS5,MIMAT0002809
PMAIP1,MIMAT0002809
PPP1R11,MIMAT0002809
KCTD15,MIMAT0002809
CCDC6,MIMAT0002809
AKAP8,MIMAT0002809
NOVA1,MIMAT0002809
TRAF6,MIMAT0002809
GXYLT2,MIMAT0002809
ZNF629,MIMAT0002809
UMPS,MIMAT0002809
NR2F2,MIMAT0000451
SRCIN1,MIMAT0000451
AMOTL2,MIMAT0000451
RHOH,MIMAT0000451
SLC35F5,MIMAT0000451
KCNK5,MIMAT0000451
NKD1,MIMAT0000451
PIK3C2A,MIMAT0000451
ZNF786,MIMAT0000451
HMGB1,MIMAT0000451
RABGAP1L,MIMAT0000451
ATP2B1,MIMAT0000451
TRIM65,MIMAT0000451
GOSR1,MIMAT0000451
MBD1,MIMAT0000451
TLR10,MIMAT0000451
CDC14B,MIMAT0000451
ARRB2,MIMAT0000451
VPS53,MIMAT0000451
PRKCA,MIMAT0000451
DPP9,MIMAT0000451
NME6,MIMAT0000451
RNF165,MIMAT0000451
TMEM92,MIMAT0000451
DNAJB13,MIMAT0000451
CNKSR3,MIMAT0000451
KCTD20,MIMAT0000451
RAB3IP,MIMAT0000451
BCAS4,MIMAT0000451
CNNM2,MIMAT0000451
UBOX5,MIMAT0000451
A1CF,MIMAT0000451
ZHX3,MIMAT0000451
FAM13B,MIMAT0000451
CCDC30,MIMAT0000451
S1PR1,MIMAT0000451
RAB21,MIMAT0000451
RRP1B,MIMAT0000451
DSTYK,MIMAT0000451
TRUB2,MIMAT0000451
IRAK4,MIMAT0000451
GNB5,MIMAT0000451
EPHB2,MIMAT0000451
OCIAD1,MIMAT0000451
TMEM33,MIMAT0000451
RBM41,MIMAT0000451
FGD6,MIMAT0000451
SMUG1,MIMAT0000451
TP53,MIMAT0000451
MIXL1,MIMAT0000451
FKBP9,MIMAT0000451
SLC43A2,MIMAT0000451
CDK2,MIMAT0000451
CYCS,MIMAT0000451
PAIP2B,MIMAT0000451
GATAD2B,MIMAT0000451
ZFP14,MIMAT0000451
NFYA,MIMAT0000451
NMNAT1,MIMAT0000451
ADIPOR2,MIMAT0000451
WWC2,MIMAT0000451
TMEM134,MIMAT0000451
SAR1A,MIMAT0000451
FAM185A,MIMAT0000451
RAPGEF6,MIMAT0000451
TNFAIP8L1,MIMAT0000451
ENTPD4,MIMAT0000451
MMP14,MIMAT0000451
TNFSF15,MIMAT0000451
KIF3A,MIMAT0000451
TEP1,MIMAT0000451
GPR182,MIMAT0000451
ACOX1,MIMAT0000451
PHLDA1,MIMAT0000451
FRAT2,MIMAT0000451
CBX5,MIMAT0000451
CISH,MIMAT0000451
EIF2B2,MIMAT0000451
CAMK4,MIMAT0000451
PIGR,MIMAT0000451
PSMC1,MIMAT0000451
QSOX1,MIMAT0000451
REL,MIMAT0000451
SP1,MIMAT0000451
UBE2V2,MIMAT0000451
CORO2A,MIMAT0000451
FLT3,MIMAT0000451
PIAS2,MIMAT0000451
EGR2,MIMAT0000451
PLEKHM3,MIMAT0000451
ELK1,MIMAT0000451
SYNPO2,MIMAT0000451
DDI2,MIMAT0000451
XKR4,MIMAT0000451
WDFY2,MIMAT0000451
LRRC15,MIMAT0000451
SPPL3,MIMAT0000451
ANKS4B,MIMAT0000451
NANOG,MIMAT0000451
PAK3,MIMAT0000451
TCN2,MIMAT0000451
LTBP2,MIMAT0000451
TRIM72,MIMAT0000451
LPP,MIMAT0004518
BID,MIMAT0004518
NUCKS1,MIMAT0004518
RAB1A,MIMAT0004518
PTAR1,MIMAT0004518
ABCG2,MIMAT0004558
CDKL2,MIMAT0004558
UBN2,MIMAT0004558
IL17REL,MIMAT0004558
GRAMD1B,MIMAT0004558
NOS1AP,MIMAT0004558
SEC61A2,MIMAT0004558
SMU1,MIMAT0004558
BASP1,MIMAT0004558
TEAD1,MIMAT0004558
CAMK4,MIMAT0004558
YOD1,MIMAT0000256
PDIA6,MIMAT0000256
BDNF,MIMAT0000256
PLAG1,MIMAT0000256
ETS1,MIMAT0000256
TCF4,MIMAT0000256
ENAH,MIMAT0000256
CHD9,MIMAT0000256
CAPRIN2,MIMAT0000256
TBL1XR1,MIMAT0000256
ZNF268,MIMAT0000256
RLIM,MIMAT0000256
MGAT5,MIMAT0000256
ATXN7,MIMAT0000256
RNMT,MIMAT0000256
FAM13A,MIMAT0000256
ZNF562,MIMAT0000256
TGIF2,MIMAT0000256
CDKN1A,MIMAT0000256
RGS5,MIMAT0000256
DRAM1,MIMAT0000256
PHACTR4,MIMAT0000256
COPS2,MIMAT0000256
XIAP,MIMAT0000256
NMT2,MIMAT0000256
CCDC6,MIMAT0000256
HSPA13,MIMAT0000256
EGR1,MIMAT0000256
GOT1,MIMAT0000256
IPO5,MIMAT0000256
CDKN1B,MIMAT0000256
PCDHA5,MIMAT0000256
HOOK3,MIMAT0000256
MAPK1IP1L,MIMAT0000256
MTMR12,MIMAT0000256
PTEN,MIMAT0000256
ESR1,MIMAT0000256
CPOX,MIMAT0000256
PGR,MIMAT0000256
TNRC6B,MIMAT0000256
ASB1,MIMAT0000256
ZNF253,MIMAT0000257
CBX7,MIMAT0000257
ZBTB20,MIMAT0000257
ZNF487,MIMAT0000257
DDX3X,MIMAT0000257
CCNG1,MIMAT0000257
VSNL1,MIMAT0000257
CAPRIN2,MIMAT0000257
LCLAT1,MIMAT0000257
TFRC,MIMAT0000257
TBL1XR1,MIMAT0000257
ZNF268,MIMAT0000257
C2orf69,MIMAT0000257
ZNF616,MIMAT0000257
NCOA3,MIMAT0000257
RLIM,MIMAT0000257
GANAB,MIMAT0000257
SCN8A,MIMAT0000257
CYLD,MIMAT0000257
MRPS23,MIMAT0000257
NLK,MIMAT0000257
CHMP2B,MIMAT0000257
ZBTB4,MIMAT0000257
ASB13,MIMAT0000257
PHC3,MIMAT0000257
CHD9,MIMAT0000257
KLHL15,MIMAT0000257
OTUD1,MIMAT0000257
NFIA,MIMAT0000257
ZBTB33,MIMAT0000257
NMT2,MIMAT0000257
SCD,MIMAT0000257
FOXL1,MIMAT0000257
MAN1A2,MIMAT0000257
KPNA4,MIMAT0000257
PEBP1,MIMAT0000257
CCL22,MIMAT0000257
MYO1C,MIMAT0000257
HEPHL1,MIMAT0000257
C17orf100,MIMAT0000257
ESR1,MIMAT0000257
PURB,MIMAT0000257
ZC3HAV1L,MIMAT0000257
ZNF440,MIMAT0000257
PTEN,MIMAT0000257
CPEB4,MIMAT0000257
SLC10A7,MIMAT0000257
CHCHD7,MIMAT0000257
OSBPL8,MIMAT0000257
ZNF121,MIMAT0000257
RORA,MIMAT0000072
RNF157,MIMAT0000072
PDE4D,MIMAT0000072
STK4,MIMAT0000072
VMA21,MIMAT0000072
NR3C1,MIMAT0000072
TCEA2,MIMAT0000072
WAC,MIMAT0000072
PDIK1L,MIMAT0000072
DCUN1D3,MIMAT0000072
PTCHD1,MIMAT0000072
STX12,MIMAT0000072
TMUB2,MIMAT0000072
NCOA3,MIMAT0000072
RLIM,MIMAT0000072
RBM38,MIMAT0000072
RAP1A,MIMAT0000072
GIGYF1,MIMAT0000072
NBEA,MIMAT0000072
WWTR1,MIMAT0000072
MRPL35,MIMAT0000072
POGK,MIMAT0000072
GATAD2A,MIMAT0000072
MATR3,MIMAT0000072
BCL2L11,MIMAT0000072
TP53,MIMAT0000072
IFNAR2,MIMAT0000072
FAM104A,MIMAT0000072
UTP14C,MIMAT0000072
ACAP3,MIMAT0000072
EXPH5,MIMAT0000072
ACIN1,MIMAT0000072
RNF4,MIMAT0000072
THRA,MIMAT0000072
AP3S2,MIMAT0000072
SMAD2,MIMAT0000072
CIZ1,MIMAT0000072
ARF6,MIMAT0000072
HMGCS1,MIMAT0000072
PPP1CB,MIMAT0000072
RPS6KA5,MIMAT0000072
TSC22D3,MIMAT0000072
MEF2D,MIMAT0000072
SERTAD3,MIMAT0000072
CDCA5,MIMAT0000072
SPPL3,MIMAT0000072
UBTD2,MIMAT0000072
ORAI3,MIMAT0000072
JMY,MIMAT0000072
SON,MIMAT0000072
GNAS,MIMAT0000072
CREBL2,MIMAT0000072
GCH1,MIMAT0000072
TNRC6B,MIMAT0000072
IRF1,MIMAT0002819
SUN1,MIMAT0002819
SURF4,MIMAT0002819
BLM,MIMAT0002819
VAMP8,MIMAT0002819
KREMEN1,MIMAT0002819
TMPPE,MIMAT0002819
LMCD1,MIMAT0002819
KIT,MIMAT0002819
RASSF5,MIMAT0002819
HDGF,MIMAT0002819
AMACR,MIMAT0002819
AHDC1,MIMAT0002819
EIF4B,MIMAT0002819
TRMT2A,MIMAT0002819
NEIL2,MIMAT0002819
NAGA,MIMAT0002819
MEPCE,MIMAT0002819
ASXL1,MIMAT0002819
KIF1B,MIMAT0002819
TET3,MIMAT0002819
TSC1,MIMAT0002819
RSF1,MIMAT0002819
SPTBN2,MIMAT0002819
GOSR1,MIMAT0002819
ENAH,MIMAT0002819
MND1,MIMAT0002819
CNOT6,MIMAT0002819
MTR,MIMAT0002819
WNK1,MIMAT0002819
ACBD6,MIMAT0002819
MYO5A,MIMAT0002819
PRKCA,MIMAT0002819
PSMC5,MIMAT0002819
PIP5K1C,MIMAT0002819
TMEM164,MIMAT0002819
EEFSEC,MIMAT0002819
CLSTN1,MIMAT0002819
PARP15,MIMAT0002819
PTK7,MIMAT0002819
UBR1,MIMAT0002819
TXLNA,MIMAT0002819
TUBB,MIMAT0002819
HM13,MIMAT0002819
MCL1,MIMAT0002819
G3BP1,MIMAT0002819
MRRF,MIMAT0002819
ZNF71,MIMAT0002819
ABI2,MIMAT0002819
PMAIP1,MIMAT0002819
ARNTL2,MIMAT0002819
SLC25A15,MIMAT0002819
TNFRSF21,MIMAT0002819
ZBTB5,MIMAT0002819
ENDOD1,MIMAT0002819
ASB3,MIMAT0002819
LEF1,MIMAT0002819
HP1BP3,MIMAT0002819
PSMC3IP,MIMAT0002819
ZC3H7B,MIMAT0002819
ALKBH5,MIMAT0002819
INO80D,MIMAT0002819
ELP3,MIMAT0002819
ARMC1,MIMAT0002819
HHAT,MIMAT0002819
DNAJC11,MIMAT0002819
IPO8,MIMAT0002819
TGFBR3,MIMAT0002819
DCTN5,MIMAT0002819
ARHGAP19,MIMAT0002819
STX16,MIMAT0002819
TWF1,MIMAT0002819
BTRC,MIMAT0002819
CLPB,MIMAT0002819
CDK6,MIMAT0002819
RPS3,MIMAT0002819
SENP1,MIMAT0002819
MAZ,MIMAT0002819
CUL4A,MIMAT0002819
MAPK8,MIMAT0002819
HADHB,MIMAT0002819
PLS3,MIMAT0002819
DBNL,MIMAT0002819
STARD7,MIMAT0002819
ZNF512B,MIMAT0002819
HEATR6,MIMAT0002819
WDR82,MIMAT0002819
HHLA1,MIMAT0002819
SMAD3,MIMAT0002819
ATP1A1,MIMAT0002819
SYNRG,MIMAT0002819
PPARGC1B,MIMAT0002819
ZFYVE27,MIMAT0002819
PHF8,MIMAT0002819
CIAO1,MIMAT0002819
SYMPK,MIMAT0002819
SH3BP5,MIMAT0002819
PFN1,MIMAT0002819
RBM8A,MIMAT0002819
GDF11,MIMAT0002819
SIX1,MIMAT0002819
LASP1,MIMAT0002819
AGPAT1,MIMAT0002819
TCFL5,MIMAT0002819
ABCF2,MIMAT0002819
AHSA1,MIMAT0002819
CDC42EP4,MIMAT0002819
GCA,MIMAT0002819
SF3B3,MIMAT0002819
RACGAP1,MIMAT0002819
NDST1,MIMAT0002819
DUT,MIMAT0002819
ODC1,MIMAT0002819
VAV2,MIMAT0002819
RAB5C,MIMAT0002819
YWHAZ,MIMAT0002819
IL17RD,MIMAT0002819
SF3B2,MIMAT0002819
ANAPC1,MIMAT0002819
MYLK,MIMAT0002819
VAV3,MIMAT0002819
DHX37,MIMAT0002819
ATOH8,MIMAT0002819
ZNF3,MIMAT0002819
MAPK1IP1L,MIMAT0002819
HNRNPUL1,MIMAT0002819
BAZ2A,MIMAT0002819
CHCHD10,MIMAT0002819
FANCD2,MIMAT0002819
TMBIM1,MIMAT0002819
ESR1,MIMAT0002819
RPL22,MIMAT0002819
BICD2,MIMAT0002819
BRCC3,MIMAT0002819
KIF21A,MIMAT0000461
SBNO1,MIMAT0000461
ACVR2A,MIMAT0000461
GPR27,MIMAT0000461
TCF3,MIMAT0000461
BCL2,MIMAT0000461
KANK1,MIMAT0000461
FGF2,MIMAT0000461
ZNF275,MIMAT0000461
TMEM135,MIMAT0000461
GOSR1,MIMAT0000461
GNB1,MIMAT0000461
PLEKHA1,MIMAT0000461
AVL9,MIMAT0000461
HNRNPA2B1,MIMAT0000461
MTHFR,MIMAT0000461
CHEK1,MIMAT0000461
TBL1XR1,MIMAT0000461
RASEF,MIMAT0000461
TAB3,MIMAT0000461
CPNE1,MIMAT0000461
LRRC57,MIMAT0000461
LSM11,MIMAT0000461
RAB3IP,MIMAT0000461
CBFA2T3,MIMAT0000461
DICER1,MIMAT0000461
SMURF1,MIMAT0000461
RASSF5,MIMAT0000461
GNAL,MIMAT0000461
BSG,MIMAT0000461
UBE2V1,MIMAT0000461
CCDC80,MIMAT0000461
CYLD,MIMAT0000461
ZBTB34,MIMAT0000461
SEC61A1,MIMAT0000461
HEYL,MIMAT0000461
TSC22D2,MIMAT0000461
CPEB3,MIMAT0000461
WIPI2,MIMAT0000461
SERBP1,MIMAT0000461
AKAP11,MIMAT0000461
CDC37L1,MIMAT0000461
STX17,MIMAT0000461
RFK,MIMAT0000461
PDE4D,MIMAT0000461
BAG4,MIMAT0000461
BZW1,MIMAT0000461
CCNE1,MIMAT0000461
CCNT1,MIMAT0000461
CCNT2,MIMAT0000461
TPI1,MIMAT0000461
SHOC2,MIMAT0000461
DNAJC10,MIMAT0000461
ABCB7,MIMAT0000461
CDV3,MIMAT0000461
ETNK1,MIMAT0000461
C21orf62,MIMAT0000461
MIB1,MIMAT0000461
TAOK1,MIMAT0000461
RPRD1B,MIMAT0000461
PPP1R11,MIMAT0000461
HAUS3,MIMAT0000461
DCAF17,MIMAT0000461
GABARAPL1,MIMAT0000461
LUZP1,MIMAT0000461
SMAD3,MIMAT0000461
TKTL1,MIMAT0000461
VEGFA,MIMAT0000461
MECP2,MIMAT0000461
THRAP3,MIMAT0000461
CD180,MIMAT0000461
ACTR2,MIMAT0000461
ARIH1,MIMAT0000461
PURA,MIMAT0000461
MLLT6,MIMAT0000461
PSKH1,MIMAT0000461
YWHAQ,MIMAT0000461
VPS4A,MIMAT0000461
RACGAP1,MIMAT0000461
VCL,MIMAT0000461
SOCS5,MIMAT0000461
OCRL,MIMAT0000461
KPNA1,MIMAT0000461
PAFAH1B2,MIMAT0000461
CCL4,MIMAT0000461
SNCG,MIMAT0000461
CREG1,MIMAT0000461
ARHGDIA,MIMAT0000461
MAP4K2,MIMAT0000461
RAPH1,MIMAT0000461
MAFK,MIMAT0000461
ENTPD6,MIMAT0000461
APP,MIMAT0000461
SH3BGRL2,MIMAT0000461
KATNAL1,MIMAT0000461
GNAT1,MIMAT0000461
ZNF585B,MIMAT0000461
YTHDC1,MIMAT0000461
ZNF284,MIMAT0000461
TSPAN3,MIMAT0000232
FGF2,MIMAT0000232
LIN54,MIMAT0000232
CCDC80,MIMAT0000232
CCNL1,MIMAT0000232
FOXA2,MIMAT0000232
TFAM,MIMAT0000232
MET,MIMAT0000232
MAPK9,MIMAT0000232
SOD2,MIMAT0000232
HGF,MIMAT0000232
PAK4,MIMAT0000232
TSPAN3,MIMAT0004563
FGF2,MIMAT0004563
LIN54,MIMAT0004563
CCDC80,MIMAT0004563
CCNL1,MIMAT0004563
MET,MIMAT0004563
SOD2,MIMAT0004563
PAK4,MIMAT0004563
ADAT2,MIMAT0000265
ANKFY1,MIMAT0000265
CHCHD3,MIMAT0000265
CD44,MIMAT0000265
MTA3,MIMAT0000265
TLK2,MIMAT0000265
HOXA10,MIMAT0000265
ZBTB20,MIMAT0000265
CTSC,MIMAT0000265
CLNK,MIMAT0000265
NR3C1,MIMAT0000265
ENAH,MIMAT0000265
LRRC55,MIMAT0000265
CDH11,MIMAT0000265
TCF4,MIMAT0000265
SRGAP1,MIMAT0000265
POU2F1,MIMAT0000265
TRPM3,MIMAT0000265
SYT6,MIMAT0000265
ATP2B1,MIMAT0000265
CAMK2G,MIMAT0000265
PRKAR1A,MIMAT0000265
RUNX2,MIMAT0000265
NTRK2,MIMAT0000265
WNK3,MIMAT0000265
CDH8,MIMAT0000265
POU2F2,MIMAT0000265
AGAP1,MIMAT0000265
IKZF2,MIMAT0000265
ZNF385D,MIMAT0000265
ZNF362,MIMAT0000265
PHF13,MIMAT0000265
ALDH1A2,MIMAT0000265
ST3GAL1,MIMAT0000265
B4GALNT3,MIMAT0000265
OPN5,MIMAT0000265
ZSCAN22,MIMAT0000265
BCL9L,MIMAT0000265
GALNT10,MIMAT0000265
SFT2D2,MIMAT0000265
CREB1,MIMAT0000265
MBNL1,MIMAT0000265
SEMA4G,MIMAT0000265
PTPRT,MIMAT0000265
CCR5,MIMAT0000265
MAPRE2,MIMAT0000265
SERP1,MIMAT0000265
USP47,MIMAT0000265
ZWILCH,MIMAT0000265
PRLR,MIMAT0000265
ZNF48,MIMAT0000265
CCNT2,MIMAT0000265
AKAP1,MIMAT0000265
SPIB,MIMAT0000265
CDX2,MIMAT0000265
IL11,MIMAT0000265
AKAP13,MIMAT0000265
DPF3,MIMAT0000265
ETF1,MIMAT0000265
AP1S1,MIMAT0000265
GTDC1,MIMAT0000265
FARP1,MIMAT0000265
SYNJ2BP,MIMAT0000265
VN1R1,MIMAT0000265
BCL7A,MIMAT0000265
BACH2,MIMAT0000265
MCL1,MIMAT0000265
LRRC4,MIMAT0000265
WWC2,MIMAT0000265
SOST,MIMAT0000265
BDNF,MIMAT0000265
C21orf62,MIMAT0000265
USP14,MIMAT0000265
SMAD4,MIMAT0000265
MDFI,MIMAT0000265
IPO7,MIMAT0000265
TXNIP,MIMAT0000265
ERF,MIMAT0000265
WDR3,MIMAT0000265
SERINC3,MIMAT0000265
TPPP,MIMAT0000265
PADI2,MIMAT0000265
ANGPTL2,MIMAT0000265
G3BP2,MIMAT0000265
ASGR1,MIMAT0000265
GLP1R,MIMAT0000265
SOX4,MIMAT0000265
SP1,MIMAT0000265
SPARC,MIMAT0000265
HMGA2,MIMAT0000265
STC2,MIMAT0000265
SGPL1,MIMAT0000265
EFNB2,MIMAT0000265
BMPR1A,MIMAT0000265
CDH1,MIMAT0000265
CPT1B,MIMAT0000265
ATF6B,MIMAT0000265
EFNB1,MIMAT0000265
MUC4,MIMAT0000265
SYNGR1,MIMAT0000265
CHCHD5,MIMAT0000265
SORCS2,MIMAT0000265
TGFBR1,MIMAT0000265
SLC39A11,MIMAT0000265
PLAG1,MIMAT0000265
ELOVL6,MIMAT0000265
CACNG8,MIMAT0000265
RAB11FIP4,MIMAT0000265
CDC42,MIMAT0000265
MYO18A,MIMAT0000265
TSC22D2,MIMAT0000265
IGFBP2,MIMAT0000265
CYBB,MIMAT0000265
IGFBP5,MIMAT0000265
PPP3R1,MIMAT0000265
PLCXD3,MIMAT0000265
SAMD5,MIMAT0000265
SMOC1,MIMAT0000265
MGAT4A,MIMAT0000076
ZNF292,MIMAT0000076
PBX1,MIMAT0000076
DDAH1,MIMAT0000076
LMBR1,MIMAT0000076
NT5C2,MIMAT0000076
PHF20L1,MIMAT0000076
RSF1,MIMAT0000076
SOX5,MIMAT0000076
LONRF2,MIMAT0000076
RALGPS2,MIMAT0000076
HOXA9,MIMAT0000076
FAM126B,MIMAT0000076
ANKRD46,MIMAT0000076
CKAP5,MIMAT0000076
LPGAT1,MIMAT0000076
ERP44,MIMAT0000076
DDHD2,MIMAT0000076
SATB1,MIMAT0000076
PPP1R3B,MIMAT0000076
MDM4,MIMAT0000076
DNM1L,MIMAT0000076
NUFIP2,MIMAT0000076
NFIA,MIMAT0000076
FMR1,MIMAT0000076
ZNF217,MIMAT0000076
EXOC5,MIMAT0000076
ATF2,MIMAT0000076
THBS1,MIMAT0000076
EIF4EBP2,MIMAT0000076
B3GNT5,MIMAT0000076
SOCS4,MIMAT0000076
PLAT,MIMAT0000076
BNIP2,MIMAT0000076
OXTR,MIMAT0000076
ATP2B4,MIMAT0000076
ZNF207,MIMAT0000076
YOD1,MIMAT0000278
SSX2IP,MIMAT0000278
ERBB4,MIMAT0000278
POU3F2,MIMAT0000278
AMMECR1L,MIMAT0000278
CXorf38,MIMAT0000278
TIAM1,MIMAT0000278
ATXN1,MIMAT0000278
MAPK10,MIMAT0000278
VPS53,MIMAT0000278
ZNF275,MIMAT0000278
ERC1,MIMAT0000278
ZNF652,MIMAT0000278
IQCE,MIMAT0000278
PTPRF,MIMAT0000278
DYRK3,MIMAT0000278
STAMBP,MIMAT0000278
AGAP1,MIMAT0000278
SLC19A3,MIMAT0000278
CABYR,MIMAT0000278
CAMKK1,MIMAT0000278
UBN2,MIMAT0000278
MIDN,MIMAT0000278
AKT3,MIMAT0000278
PRDM16,MIMAT0000278
LIMS1,MIMAT0000278
MAP3K2,MIMAT0000278
KIT,MIMAT0000278
BRD1,MIMAT0000278
EEF1A1,MIMAT0000278
DKK2,MIMAT0000278
POGZ,MIMAT0000278
ANKRD28,MIMAT0000278
PHF21A,MIMAT0000278
NDUFS1,MIMAT0000278
BCL2L11,MIMAT0000278
CROT,MIMAT0000278
C19orf12,MIMAT0000278
TRPS1,MIMAT0000278
GPR107,MIMAT0000278
PANK3,MIMAT0000278
TNKS2,MIMAT0000278
NDFIP1,MIMAT0000278
SIRT1,MIMAT0000278
SLC30A7,MIMAT0000278
STMN1,MIMAT0000278
VANGL1,MIMAT0000278
PEG10,MIMAT0000278
FMR1,MIMAT0000278
TNFSF10,MIMAT0000278
ARID1A,MIMAT0000278
ZNF236,MIMAT0000278
KPNA6,MIMAT0000278
RHOA,MIMAT0000278
HNRNPD,MIMAT0000278
ABLIM1,MIMAT0000278
PPP6C,MIMAT0000278
DENR,MIMAT0000278
SNX4,MIMAT0000278
DDX6,MIMAT0000278
TCEAL1,MIMAT0000278
LRP6,MIMAT0000278
SLC10A7,MIMAT0000278
ESR1,MIMAT0000278
PCDHA3,MIMAT0000278
PCDHAC1,MIMAT0000278
BMF,MIMAT0000278
BRWD1,MIMAT0000278
RBM33,MIMAT0000278
TMEM183A,MIMAT0000278
SELE,MIMAT0000278
TRAT1,MIMAT0000279
GPR107,MIMAT0000279
LGALS3BP,MIMAT0000279
SOD2,MIMAT0000279
GNAI3,MIMAT0000279
KPNA6,MIMAT0000279
TOP3A,MIMAT0000279
ZNF131,MIMAT0000279
TRMT5,MIMAT0000279
ABCG2,MIMAT0000279
TMCC1,MIMAT0000279
GRB10,MIMAT0000279
SPTBN2,MIMAT0000279
FBXO21,MIMAT0000279
SMAD5,MIMAT0000279
PPP2R2A,MIMAT0000279
AKT3,MIMAT0000279
ZNF652,MIMAT0000279
SMARCA4,MIMAT0000279
MGAT4B,MIMAT0000279
SLC19A3,MIMAT0000279
OSBPL10,MIMAT0000279
CABYR,MIMAT0000279
UBN2,MIMAT0000279
UBR7,MIMAT0000279
ZNF714,MIMAT0000279
APP,MIMAT0000279
ZMYND11,MIMAT0000279
EIF3I,MIMAT0000279
DICER1,MIMAT0000279
ZFYVE16,MIMAT0000279
LUC7L2,MIMAT0000279
TRIM44,MIMAT0000279
PGPEP1,MIMAT0000279
WDR6,MIMAT0000279
NLE1,MIMAT0000279
DDX21,MIMAT0000279
CDK6,MIMAT0000279
MDM2,MIMAT0000279
SLC35A2,MIMAT0000279
TRPS1,MIMAT0000279
TLE3,MIMAT0000279
SERTAD4,MIMAT0000279
STOX2,MIMAT0000279
NFS1,MIMAT0000279
RECK,MIMAT0000279
PELI2,MIMAT0000279
CSNK1G1,MIMAT0000279
HIPK2,MIMAT0000279
PHACTR4,MIMAT0000279
PANK3,MIMAT0000279
DOCK5,MIMAT0000279
FBXL18,MIMAT0000279
ZNF772,MIMAT0000279
ZNF805,MIMAT0000279
COG5,MIMAT0000279
KIF3B,MIMAT0000279
SART1,MIMAT0000279
SS18,MIMAT0000279
DCAF7,MIMAT0000279
CAPRIN1,MIMAT0000279
POLE,MIMAT0000279
RNPS1,MIMAT0000279
ABLIM1,MIMAT0000279
QKI,MIMAT0000279
CPSF6,MIMAT0000279
FICD,MIMAT0000279
VCP,MIMAT0000279
SF3B3,MIMAT0000279
LRP10,MIMAT0000279
ZNF770,MIMAT0000279
HNRNPD,MIMAT0000279
MGMT,MIMAT0000279
PBX2,MIMAT0000279
RBMS2,MIMAT0000279
SORT1,MIMAT0000279
EIF2S1,MIMAT0000279
SDHA,MIMAT0000279
ZW10,MIMAT0000279
PIWIL1,MIMAT0000279
TCEAL1,MIMAT0000279
BBC3,MIMAT0000279
TOM1,MIMAT0000279
FYTTD1,MIMAT0000279
ZBTB37,MIMAT0000279
CBX2,MIMAT0000279
C18orf25,MIMAT0000279
CDKL5,MIMAT0000279
ESR1,MIMAT0000279
UBIAD1,MIMAT0000279
TIMM50,MIMAT0000279
RNF215,MIMAT0000279
TP53BP2,MIMAT0000279
MCCC2,MIMAT0004569
WNK2,MIMAT0004569
FXN,MIMAT0004569
RFX3,MIMAT0004569
PNRC1,MIMAT0004569
CCDC59,MIMAT0004569
SOD2,MIMAT0004569
HMGA2,MIMAT0004569
ACER2,MIMAT0004569
POLL,MIMAT0004501
ADD1,MIMAT0004501
SPIN3,MIMAT0004501
PPARA,MIMAT0004501
UFM1,MIMAT0004501
EGFR,MIMAT0004501
NPTX1,MIMAT0004501
STX7,MIMAT0004501
CLEC4E,MIMAT0004501
UBXN2B,MIMAT0004501
STX16,MIMAT0015378
ACOX1,MIMAT0015378
STX3,MIMAT0015378
NAA40,MIMAT0015378
AGAP1,MIMAT0015378
CLASP1,MIMAT0015378
SLC9A8,MIMAT0015378
C21orf91,MIMAT0015378
UBE2V1,MIMAT0015378
URM1,MIMAT0015378
NUCKS1,MIMAT0015378
LRRC27,MIMAT0015378
GSK3B,MIMAT0015378
FOS,MIMAT0015378
CBX5,MIMAT0015378
REL,MIMAT0015378
SLC7A5,MIMAT0015378
CDC25B,MIMAT0015378
EI24,MIMAT0015378
FBRS,MIMAT0015378
ING4,MIMAT0015378
PVRIG,MIMAT0000753
FOXJ3,MIMAT0000753
SYNPO2L,MIMAT0000753
TACC1,MIMAT0000753
NAPG,MIMAT0000753
STX3,MIMAT0000753
ZNF610,MIMAT0000753
ZNF548,MIMAT0000753
FRMD3,MIMAT0000753
ZDHHC22,MIMAT0000753
GALNT10,MIMAT0000753
RAD54L2,MIMAT0000753
HUNK,MIMAT0000753
INO80D,MIMAT0000753
ACTG1,MIMAT0000753
FAM107A,MIMAT0000753
ANTXR2,MIMAT0000753
ASAH2,MIMAT0000753
TP53INP2,MIMAT0000753
DUSP6,MIMAT0000753
SLITRK4,MIMAT0000753
E2F1,MIMAT0000753
XPOT,MIMAT0000753
BMP7,MIMAT0000753
CCND2,MIMAT0000753
LSAMP,MIMAT0000753
STRN,MIMAT0000753
PKNOX1,MIMAT0000753
FOSL2,MIMAT0000753
CBX1,MIMAT0000753
PTPRN2,MIMAT0000753
RFX3,MIMAT0000753
PUS10,MIMAT0000753
RRM2,MIMAT0000753
CAPRIN1,MIMAT0000255
VAV3,MIMAT0000255
SUGT1,MIMAT0000255
HDLBP,MIMAT0000255
GNPDA1,MIMAT0000255
PLA2G2D,MIMAT0000255
CDC23,MIMAT0000255
NLRC5,MIMAT0000255
CPT2,MIMAT0000255
ADARB1,MIMAT0000255
CAMTA1,MIMAT0000255
CFLAR,MIMAT0000255
GAPVD1,MIMAT0000255
OPA1,MIMAT0000255
CD40,MIMAT0000255
ERLIN2,MIMAT0000255
HMGB1,MIMAT0000255
SYNGR2,MIMAT0000255
AXIN2,MIMAT0000255
CLTB,MIMAT0000255
NUP98,MIMAT0000255
ITGA6,MIMAT0000255
TPM1,MIMAT0000255
POU2F1,MIMAT0000255
LARP1,MIMAT0000255
CDON,MIMAT0000255
ANKS1A,MIMAT0000255
CASP6,MIMAT0000255
G3BP2,MIMAT0000255
CDC25C,MIMAT0000255
KCNH1,MIMAT0000255
MKLN1,MIMAT0000255
AKT1,MIMAT0000255
ADNP,MIMAT0000255
PPARA,MIMAT0000255
CCNL1,MIMAT0000255
RBM12,MIMAT0000255
TMEM167A,MIMAT0000255
FUT8,MIMAT0000255
SPTBN1,MIMAT0000255
APAF1,MIMAT0000255
SYNE2,MIMAT0000255
BIRC3,MIMAT0000255
ZDHHC16,MIMAT0000255
DIABLO,MIMAT0000255
NDRG1,MIMAT0000255
TRAF3,MIMAT0000255
IRGQ,MIMAT0000255
EXT2,MIMAT0000255
MTAP,MIMAT0000255
TMOD2,MIMAT0000255
BCLAF1,MIMAT0000255
RNF40,MIMAT0000255
MTMR9,MIMAT0000255
GIGYF2,MIMAT0000255
GDE1,MIMAT0000255
FIGN,MIMAT0000255
POLR3E,MIMAT0000255
TGIF2,MIMAT0000255
CD44,MIMAT0000255
VEGFA,MIMAT0000255
CASP10,MIMAT0000255
KIF2A,MIMAT0000255
CDK6,MIMAT0000255
TFAM,MIMAT0000255
YOD1,MIMAT0000255
GANAB,MIMAT0000255
FAM104A,MIMAT0000255
CYCS,MIMAT0000255
PPP1R11,MIMAT0000255
NUCKS1,MIMAT0000255
ACSL4,MIMAT0000255
WDR77,MIMAT0000255
MAP4,MIMAT0000255
SIRT1,MIMAT0000255
PLIN3,MIMAT0000255
RRM2,MIMAT0000255
LEF1,MIMAT0000255
XIAP,MIMAT0000255
PEG10,MIMAT0000255
GYG1,MIMAT0000255
FOSL1,MIMAT0000255
DNAJB6,MIMAT0000255
UST,MIMAT0000255
CCT3,MIMAT0000255
PDGFRA,MIMAT0000255
RRAS,MIMAT0000255
ERLIN1,MIMAT0000255
SNTB2,MIMAT0000255
BRCA1,MIMAT0000255
RAB3GAP2,MIMAT0000255
SF3B3,MIMAT0000255
AKR1B1,MIMAT0000255
GATA4,MIMAT0000255
CXCL9,MIMAT0000255
CCL22,MIMAT0000255
YY1,MIMAT0000255
PDXK,MIMAT0000255
PEA15,MIMAT0000255
HRK,MIMAT0000255
TNFRSF10A,MIMAT0000255
BCL10,MIMAT0000255
CDKN1B,MIMAT0000255
BNIP2,MIMAT0000255
EFNB1,MIMAT0000255
PKP2,MIMAT0000255
STX1A,MIMAT0000255
TSN,MIMAT0000255
TOMM40,MIMAT0000255
RBCK1,MIMAT0000255
EDEM3,MIMAT0000255
ZSWIM7,MIMAT0000255
UBXN2B,MIMAT0000255
E2F5,MIMAT0000255
RNF169,MIMAT0000255
BCL2A1,MIMAT0000255
AIFM1,MIMAT0000255
DDAH1,MIMAT0000255
ALS2,MIMAT0000255
LLPH,MIMAT0000255
MBD6,MIMAT0000255
FKBP1B,MIMAT0000255
TPCN2,MIMAT0000255
GDF5,MIMAT0000255
MOV10,MIMAT0000255
CD70,MIMAT0000255
TNF,MIMAT0000255
POLR2A,MIMAT0000255
RPL37,MIMAT0000255
REEP3,MIMAT0000255
BIRC5,MIMAT0000255
PODXL,MIMAT0000255
TGFBR2,MIMAT0000255
C18orf32,MIMAT0000255
GPBP1,MIMAT0000710
ZNF148,MIMAT0000710
SCARB2,MIMAT0000710
USP22,MIMAT0000710
LIMA1,MIMAT0000710
DNAJC10,MIMAT0000710
POLR1B,MIMAT0000710
NOLC1,MIMAT0000710
NUFIP2,MIMAT0000710
XPO4,MIMAT0000710
NUCKS1,MIMAT0000710
APOL6,MIMAT0000710
VANGL1,MIMAT0000710
SHC1,MIMAT0000710
TLR3,MIMAT0000710
CYB561D1,MIMAT0000710
CDKN1A,MIMAT0000710
IL6R,MIMAT0001631
FOXP1,MIMAT0002177
CD40,MIMAT0002177
SMAD2,MIMAT0002177
G3BP2,MIMAT0002177
PIK3R1,MIMAT0002177
CADM1,MIMAT0002177
UBE2S,MIMAT0002177
RCOR3,MIMAT0002177
HPGD,MIMAT0002177
CENPN,MIMAT0002177
MBD4,MIMAT0002177
SEC23IP,MIMAT0002177
IGSF3,MIMAT0002177
UBASH3B,MIMAT0002177
MACROD2,MIMAT0002177
BZW1,MIMAT0002874
MYO5A,MIMAT0002874
TRAK1,MIMAT0002874
PPP2R5C,MIMAT0002874
SETD1B,MIMAT0002874
KANK1,MIMAT0002874
FGF2,MIMAT0002874
MT1E,MIMAT0002874
CASK,MIMAT0002874
ASCC1,MIMAT0002874
AKT3,MIMAT0002874
WEE1,MIMAT0002874
ZNF449,MIMAT0002874
MTMR3,MIMAT0002874
CNKSR3,MIMAT0002874
UHMK1,MIMAT0002874
PPM1A,MIMAT0002874
SESTD1,MIMAT0002874
CMTM4,MIMAT0002874
RNF41,MIMAT0002874
TFAP2A,MIMAT0002874
KIAA1671,MIMAT0002874
SEC61A1,MIMAT0002874
TOMM20,MIMAT0002874
SEC16A,MIMAT0002874
CDK12,MIMAT0002874
DDHD2,MIMAT0002874
LARP1,MIMAT0002874
MRPS23,MIMAT0002874
CNNM2,MIMAT0002874
CDCA4,MIMAT0002874
ANK3,MIMAT0002874
CCNT1,MIMAT0002874
DNAJC10,MIMAT0002874
NR6A1,MIMAT0002874
VOPP1,MIMAT0002874
FANCA,MIMAT0002874
UBFD1,MIMAT0002874
CDC42SE2,MIMAT0002874
NUFIP2,MIMAT0002874
WNK3,MIMAT0002874
NUCKS1,MIMAT0002874
HNRNPA1,MIMAT0002874
IKBKB,MIMAT0002874
ACTR2,MIMAT0002874
LANCL1,MIMAT0002874
SNTB2,MIMAT0002874
PRDM4,MIMAT0002874
SF3B3,MIMAT0002874
TLL1,MIMAT0002874
SOCS5,MIMAT0002874
ATP6V1B2,MIMAT0002874
KPNA3,MIMAT0002874
CUL3,MIMAT0002874
TNFRSF11A,MIMAT0002874
MAP4K2,MIMAT0002874
SLC33A1,MIMAT0002874
B4GALT5,MIMAT0002874
RAPH1,MIMAT0002874
ZFHX4,MIMAT0002874
ZBTB34,MIMAT0002874
PLAG1,MIMAT0002874
DYNLL2,MIMAT0002874
ZMAT3,MIMAT0002874
IGF1R,MIMAT0002874
CREBL2,MIMAT0002874
RS1,MIMAT0002874
CTDSPL,MIMAT0002874
XKR7,MIMAT0002874
YTHDC1,MIMAT0002874
WIPI2,MIMAT0002874
ZNF704,MIMAT0002874
RPS16,MIMAT0003322
NFAT5,MIMAT0003322
AP1G1,MIMAT0003322
ANKRD9,MIMAT0003322
STK4,MIMAT0003322
UBE2I,MIMAT0003322
KIF1A,MIMAT0003322
YIPF6,MIMAT0003322
GEN1,MIMAT0003322
BSG,MIMAT0003322
FAM120AOS,MIMAT0003322
ZBTB44,MIMAT0003322
ATP11B,MIMAT0003322
RAP1GAP2,MIMAT0003322
MRAS,MIMAT0003322
AGAP3,MIMAT0003322
ACTN4,MIMAT0003322
SMAD2,MIMAT0003322
CEBPG,MIMAT0003322
SLC31A1,MIMAT0003322
QSOX1,MIMAT0003322
SRPK1,MIMAT0003322
GCM1,MIMAT0003322
ARCN1,MIMAT0003322
MORF4L2,MIMAT0003322
ZNF431,MIMAT0003322
RPS19,MIMAT0003322
RPS29,MIMAT0003322
CHERP,MIMAT0004926
FOXJ3,MIMAT0004926
YIPF6,MIMAT0004926
NNAT,MIMAT0004926
RNF41,MIMAT0004926
SMYD1,MIMAT0004926
PRDM2,MIMAT0004926
NKIRAS2,MIMAT0004926
KLF7,MIMAT0004926
EYA3,MIMAT0004926
CRTC3,MIMAT0004926
MARCKSL1,MIMAT0004926
NRF1,MIMAT0004926
RANBP2,MIMAT0004926
KPNA4,MIMAT0004926
PTPRJ,MIMAT0004926
PAQR5,MIMAT0004926
CCND1,MIMAT0004926
CNTFR,MIMAT0004926
ARHGAP42,MIMAT0004926
UMPS,MIMAT0004926
MTHFD2,MIMAT0000441
BCL2L11,MIMAT0000441
APBB2,MIMAT0000441
KIF1A,MIMAT0000441
PPP4R2,MIMAT0000441
NTRK3,MIMAT0000441
TNFAIP8,MIMAT0000441
KIF1B,MIMAT0000441
FRMD4B,MIMAT0000441
FOXP1,MIMAT0000441
TBPL1,MIMAT0000441
CDX2,MIMAT0000441
MDM4,MIMAT0000441
NR6A1,MIMAT0000441
TAOK1,MIMAT0000441
PRRX1,MIMAT0000441
SOX7,MIMAT0000441
SIRT1,MIMAT0000441
SERINC5,MIMAT0000441
ONECUT2,MIMAT0000441
REST,MIMAT0000441
NFAT5,MIMAT0000441
SLC30A4,MIMAT0000441
JAK1,MIMAT0000441
MYLK,MIMAT0000441
TTC7B,MIMAT0000441
ZNF704,MIMAT0000441
