mRNA,log2(Fold Change)
HES7,0.29606
BBS9,0.174539
UBTD2,-0.00961625
PABPN1,0.0632695
SYNE1,-1.82124
MRO,-2.52465
TNS1,-0.928331
DGKB,-0.0849279
POFUT1,-0.445894
TDRD12,-0.733038
NLGN4X,0.358013
LYSMD3,-0.837556
OPN5,3.34313
BNC2,-0.112021
VHL,-0.304626
FAM133B,-0.409194
TPD52L2,0.123031
TMEM167A,-0.196393
IFI44L,-0.302642
SPATA19,-1.22079
SFMBT2,-0.745489
ZNF714,0.464605
TRIM66,-0.891706
CREM,-0.572682
MEAF6,0.753103
ZNF211,-0.282829
IFIT1,0.435004
IQSEC2,0.0686762
ST3GAL6,0.520465
DTX4,3.10921
RNF128,0.47031
DTL,1.16432
TERF2,-0.191824
ST7L,-0.219877
B3GNT2,0.0506937
STX17,-0.278955
FOXB1,0.269405
C9orf40,0.189624
TTC33,-0.30651
GAB3,0.0195095
TMEM170B,-0.9254
C5orf22,0.0290337
DENND5B,-0.244117
STRBP,-0.0597189
RLIM,-0.126114
GSG1,0.193313
HIGD1A,-0.1521
KLF6,-1.36303
AP2B1,0.0664198
ZNF829,-0.995202
RASSF4,-0.0426765
AKAP5,-0.299111
TPM3,0.308803
ARF6,0.243171
AP3M1,-0.202636
DCN,-1.89529
ABLIM3,-0.595891
PAPPA,1.07995
GDPD5,-0.177376
PRKAG1,0.130656
FGFR1,-0.156516
CDH7,1.89124
BCL2L13,0.0312943
TARP,-0.760149
KIF1B,0.0173496
SLC4A7,0.0477555
ZNRF1,0.20216
ACVR1,0.712535
CTNNB1,0.591504
AP4M1,0.366856
MAPK8,-0.423057
GLOD4,-0.0286933
UBE2I,0.543642
PTAR1,-0.414874
SLC39A11,-0.351939
MCM8,-0.391017
GMEB2,-0.262815
C20orf202,0.944861
SH3BP4,-0.521383
SESN1,0.107939
PSMD10,-0.0220988
ARHGAP31,-0.373891
SCN4B,-0.631439
PNPLA3,0.494463
ERC1,-0.273865
CCR9,1.56929
CNNM2,-0.346162
KCNJ11,0.590983
MEF2C,-0.430818
ZNF185,-0.775073
GSR,0.0319356
BHLHE40,1.51645
CLEC2D,-0.0780135
RUFY3,0.0230776
CALU,0.18406
ZNF773,-0.21163
CPD,0.675437
TAF8,-0.380178
NFIC,-0.569441
APBA1,-0.827688
RAB5B,0.019149
TMEM50B,-0.686939
TBPL1,-0.448763
UBE2V1,0.0253875
C3orf70,0.548103
CDK6,-0.410156
BFAR,0.377309
TRPS1,-0.533814
IQSEC1,-0.126469
PHLPP2,-0.796539
HDAC11,-0.400431
NUFIP2,-0.150965
PIP5K1A,-0.131406
RASA1,0.853721
PPIP5K2,-0.371004
KCTD15,-0.620437
FLRT2,-1.38635
ZBTB8B,1.54427
CD164,-0.3268
PPARGC1B,-0.183391
ZKSCAN1,-0.470927
ZBTB33,0.571328
MYLK4,-1.03758
CD180,-0.736322
EPB41L4A,0.0286425
SUGT1,-0.0643857
SNX19,-0.362553
WASF2,-0.0964479
DNAJC21,0.206346
AHSA1,0.0148892
ANKRD9,-0.635033
CD274,0.186944
SAMD12,0.212089
NRAS,-0.130787
C10orf82,-0.744696
PLXNB1,0.529629
MGAT4C,0.424395
FLOT2,0.429459
SLC8A1,0.215773
POU4F2,2.91575
TIA1,0.419057
ASH1L,-0.51733
RAPGEF2,-0.479448
SRD5A3,-0.0466744
ZNF320,-0.00773279
ALPK2,-1.2082
PHF21A,-0.0617749
BAX,1.05681
MEF2A,-0.142066
MAPK14,0.14751
IGSF11,-0.0390371
PGAM4,-0.273686
TIAM1,3.01442
LRTM2,-0.461918
TTC23,-0.187769
GSK3B,0.231883
EHMT1,-0.328784
DDX3X,-0.587668
SEC16B,0.511484
PCMT1,0.0693745
MTDH,-0.0906099
BCAP29,-0.625011
CTBP2,0.0583376
ZNF746,0.236631
TSC2,-0.0552888
RIN1,2.45703
UCK2,0.116388
YKT6,0.0123906
HBS1L,-0.225187
PPT1,0.341581
SAMHD1,-0.0665103
SLFN12L,-0.965241
GFAP,1.41065
ATP2B2,-0.0949766
DLG1,-0.398151
LRCH3,-0.442597
DPP6,-2.93597
PAM,0.931449
COBLL1,0.229707
TRPM3,-1.90627
RABGAP1L,-0.695016
TBXAS1,0.624214
NEU3,-0.619245
FOXO3B,-0.435908
B9D1,-0.114628
NAP1L4,0.169921
LMO4,0.419177
STAT3,0.0624099
NTRK2,-0.550911
TSC1,-0.375233
HEPACAM,-2.28434
TMEM135,-0.439142
AEBP2,-0.0636928
OAS1,0.537623
EXD2,-0.234153
TBC1D24,-0.544144
DNAJC7,0.160453
GOSR1,-0.183458
LGI4,-0.779867
CELF5,1.8121
PAK3,-2.54865
XG,-1.09687
GABRP,1.08434
AGK,0.145936
PLEKHA1,-0.498238
RAB15,1.11146
INPP4B,-0.243376
SCARB2,0.500961
GNPDA1,0.589294
UBE2D2,0.116939
PTCD2,-0.429719
HDGF,0.0665896
PRDM1,1.67202
SYNGAP1,-0.0842825
CUX1,-0.19941
IQCE,-0.390277
AUTS2,1.18884
LGALS8,0.213204
FAM131B,0.442469
GFRA2,-0.692437
ASAP1,0.248947
ZBTB7B,0.229947
SH3GLB2,0.502046
CELF2,-0.21305
PHLDB1,0.250014
BACE1,0.366392
EHF,1.17932
LMO3,1.41916
STAT6,0.450142
PRIMA1,-1.42967
FCRL5,-0.829082
RPS6KL1,-0.840517
DENND4A,-0.300722
BAHD1,0.29923
MGA,-0.522454
KCNAB2,-0.0858736
ADCY7,0.299294
PRMT7,-0.148698
ZMYM4,-0.160045
BPTF,-0.431205
ALDH16A1,0.0128053
C19orf47,0.00497862
RNF24,1.26597
C22orf23,-0.544272
DRP2,1.23493
GPM6B,-1.0595
NHSL2,1.12606
TMEM164,-0.958301
SF3B1,-0.0632321
ITGAV,0.391567
C2orf80,4.25424
CACNB4,-0.521126
ZBTB38,-0.124842
NR2C2,-0.249362
CRELD1,-0.24021
SEC22C,-0.174637
DZIP3,-0.830029
TBC1D1,-0.360191
C1orf74,-0.516536
ARL6IP6,0.279638
PARD3B,-0.577434
CDCA2,-0.532121
CNST,-0.653152
SGMS2,0.042033
ZNF366,0.0657965
TMEM154,1.35135
SENP5,-0.0539383
DOK6,-1.39904
RSPH9,1.08909
DGKH,0.487886
ZNF268,-0.475314
GPR156,0.820213
CADM2,-1.19768
IQCK,0.179104
TTC39C,-0.0872191
LIX1,-0.598655
NPHP3,-0.36762
HYAL1,-0.124033
SCARF2,-0.328863
HTRA4,0.570416
NUP62,0.193157
RASSF1,-0.336222
KCNJ15,0.11373
ABTB1,0.372575
PLEKHH2,-0.905337
CAMK2B,0.176692
KCNQ2,0.408031
CAMK2D,0.489113
MRPL42,-0.0199773
CSF1,0.183472
MMAA,-0.285375
KCNH1,0.846068
NR4A1,-1.57324
TGIF1,0.473831
C4orf33,-0.43523
TTBK2,-0.997969
CLEC4F,0.65297
GABRG1,0.0213561
ANKS6,0.564342
RNF152,-0.294608
UBN2,-0.546204
GXYLT1,0.125637
MAGEB18,0.211983
HARBI1,-0.0473315
MALT1,-0.0353191
GSC,-0.955448
FBXO36,-0.68869
CNTN5,-3.37959
RAB3IP,-0.0826268
PTPMT1,0.155195
GRIK2,-0.427321
ZNF792,0.276661
HRAS,0.547023
PPA2,0.100552
LYNX1,0.805411
MEST,0.0696514
PPM1G,0.161946
ATG4C,-0.590493
ARNT,-0.183482
ITPRIPL1,0.0816968
ZNF827,-0.69547
PLD6,-0.09343
NLRC3,-0.569946
SFXN2,-0.768451
FKBP7,-0.248924
DCAF11,-0.226096
FXN,-0.332415
PPP2R2B,-0.817666
UBXN2A,-0.0537758
SLC36A2,0.565315
ZSCAN22,-0.125368
AMIGO2,2.47208
USP12,-0.674179
C2orf50,-1.2212
KRT80,2.28236
ISM2,0.57247
ZNF778,-0.0909728
RNF144B,-0.254563
GDF7,-0.569477
PRKACB,-0.561399
IRF2BP2,-0.245855
CYP2U1,-0.531437
ZNF605,-0.354688
RNF19A,-0.286344
INO80C,0.243591
BTN3A1,0.0536215
BTNL3,-1.11984
CD247,-1.1214
OR2C3,-1.20492
C1orf52,-0.126852
OSTN,-2.92714
STOM,0.538154
HIPK1,-0.461205
MPZL3,0.251678
SLC37A2,0.339006
GALNT10,-0.611212
INSIG1,-0.279189
ELF5,1.44732
G3BP1,-0.101563
GHSR,-0.142943
LHFPL4,1.3486
ZC3H6,-0.390279
KCTD1,0.183395
THAP1,-0.233876
PMEPA1,1.26047
SOCS4,-0.283355
PRDM10,-0.220538
NRP2,2.06286
FOXO3,-0.404328
SLC38A7,-0.125261
ADM2,-1.02416
FBXL20,0.0356309
ZNF71,0.115029
RGS6,-0.429417
BUD31,0.21727
FHDC1,-1.47931
HP1BP3,-0.513704
SIM1,-0.678601
LPP,-0.910349
NRXN2,-0.481486
GTDC1,-0.0705432
ANGPTL1,-1.89026
ATXN7,-0.360454
HEMK1,-0.450788
DLG2,-2.66405
NBEAL1,-1.17613
BRD4,-0.211236
ACSL1,-0.501657
MEGF11,2.90042
GPRIN2,-0.73513
ZNF384,-0.0401159
OR4D1,-0.877447
SBF2,0.0790713
KCNN1,1.40021
CNOT6L,-0.114862
FILIP1L,-0.508569
IRGQ,0.246322
KIAA0513,-0.232614
KALRN,0.229563
EXT2,0.0338429
DTNA,0.235945
CLYBL,-0.447752
PTPRT,0.875618
SSBP3,-0.38221
PDE4DIP,0.215528
LOC728743,-0.5828
CHST9,-2.01527
FAM78A,-0.454295
KLF12,0.324784
NMNAT3,-1.30308
SYCP2,-0.81479
SMPX,0.767057
CADM1,0.0483722
RAB30,-0.654429
PRPF19,0.200174
CNOT2,-0.0601348
SLC2A8,-0.536639
FAF2,-0.248463
ZNF516,-0.369555
WSCD2,-2.7457
KIAA0040,0.00193442
HERPUD1,-0.655422
NOS1AP,1.5346
KIAA0408,3.57894
RIMS3,-0.819264
SERTAD2,0.422905
AGAP2,-0.321926
CEP170,-0.267711
LRIG2,-0.576647
LPGAT1,-0.6689
PDAP1,-0.00825082
NLGN4Y,-0.114007
FNDC3A,-0.296263
PLEKHA6,0.982105
ZNF365,0.482201
EFR3B,0.230072
PDZRN3,0.228501
PDS5B,-0.166692
ZNF609,-0.121266
HECW1,-1.83731
MYCBP2,-0.45581
FSTL4,3.73135
TNRC6B,-0.480235
N4BP3,0.754347
ZZEF1,-0.439348
RFTN1,-0.282322
EXOC6B,-0.0501741
CYLD,-0.506647
NCAPD3,-0.248803
USP22,-0.0533262
DPY19L1,1.06787
DNAJC16,-0.238173
ADNP,-0.273363
TTC9,0.562875
R3HDM1,-0.285598
MBTPS2,0.315004
GET4,0.0765215
ANGPT4,-0.969986
RAB10,-0.314006
DCTN4,-0.00421647
CYB5R4,-0.173382
ZNF44,-0.554707
ATP8A2,1.08491
FAM53C,-0.641682
UFM1,-0.152402
PAX5,-2.41426
A4GALT,0.394054
CYP3A4,-0.222758
ADD2,-0.493003
TRIM44,-0.568074
TET2,-0.224093
PPP1R9A,0.308505
WDR55,0.399552
SNRK,-0.198812
SOHLH2,-0.824254
SLC41A3,-0.205939
HIF1AN,-0.114473
PEX26,-0.165276
MOCOS,1.10423
ZNHIT6,-0.209353
ATG2B,-0.521017
NSUN5,0.267551
ANO10,-0.201147
RBM28,-0.146099
MSL2,-0.314509
SBNO1,-0.692996
SMU1,-0.0641546
TMEM184C,-0.757397
TMEM30A,0.26164
SPTLC3,-0.42772
SLC6A13,-0.240066
GABRB3,-1.12653
ATF5,0.944672
VAPB,-0.669916
PLEKHA8,-0.118724
PDE4D,-0.962413
GABPA,-0.497427
MFAP4,-2.11772
AIFM2,-0.317795
A1CF,-0.288588
KYNU,-0.0104737
TOR1AIP2,-0.0374781
BVES,-0.295419
DCTN5,-0.190697
C18orf21,0.177737
OSBPL6,-0.890284
NPR3,-1.23657
ANO6,0.847145
MDM1,-0.529987
FAM124A,-1.78922
TREM1,3.27497
TMEM139,-1.89733
RPL13,0.361226
HIP1,1.03249
RAB6A,-0.1806
FANCC,-0.0765769
BTF3L4,-0.0133695
KIAA0586,-0.226101
VIPR1,-0.565531
PASK,2.19315
BBS4,-0.588299
CDC6,0.824055
WNT5A,1.01719
HVCN1,-0.400118
F2RL2,2.41872
SLC39A2,0.561402
SSBP2,0.845934
RNF165,-0.70696
TMEM161A,-0.155692
RIT1,0.220372
APBB1,-0.215789
CD63,0.90551
TKT,0.425724
POLR3E,-0.220339
TMEM200A,1.24186
HPCAL1,0.42057
SLC4A9,0.543376
NDRG1,-0.642652
UEVLD,-0.4702
TSN,0.199739
PPP1R1C,2.11756
TXNRD1,-0.57996
PDPK1,-0.359295
SORBS2,-1.87329
PGR,1.35038
AP3B1,-0.198866
AAGAB,-0.233907
STK25,-0.316577
RAB4A,0.00896815
ABHD10,-0.143966
MMP19,-0.521008
PAQR6,1.6019
ZNF468,-0.0451112
IGSF9B,-1.91522
FRS2,-0.460415
RHOH,-1.44547
SLC38A1,-0.713279
ANXA11,0.311708
RCHY1,-0.398034
AMOTL2,-0.737374
SSTR3,3.25224
NRN1,-0.448538
TSPAN6,-0.0439336
GORASP1,-0.196321
SMAP1,0.137216
MBD3,0.0608362
ABCB8,-0.259042
BLOC1S2,0.501899
ZNF343,-0.350919
PAMR1,-0.570004
PLXDC2,0.433305
SENP7,-0.347176
EIF4E3,0.113417
RTKN2,0.219951
CBLL1,-0.284448
OPALIN,-1.80393
LYSMD4,0.231896
AIPL1,-1.51158
ATG5,-0.156928
MRS2,-0.42576
C2orf49,-0.432358
KCTD20,-0.206303
AIG1,-0.0572519
CALML4,-0.0986538
KIAA1958,-0.525162
KIAA1191,0.106694
FIGNL1,0.157826
STK32A,2.66089
CST3,0.26804
DKC1,-0.104704
CEACAM21,-0.457672
TMEM161B,-0.347911
STK33,-0.307239
MPI,-0.100528
DCP1A,-0.451125
NQO2,0.0277815
TMEM106B,0.0980059
FOXJ2,-0.0979903
ACOT13,0.0707275
ACTR10,0.0373164
LRRC59,-0.0656762
MAML3,0.584979
KLHL9,-0.26138
CYCS,-0.580863
ERRFI1,-0.816702
TMCO1,-0.340854
ROBO4,0.359258
NDFIP2,0.242291
PLEKHA3,0.157589
RBMXL1,-0.653361
PARD3,0.00889352
TMEM167B,-0.420943
CNNM4,-0.510266
COQ9,-0.122345
CIAPIN1,-0.0766096
CNNM1,-1.28587
LPAR5,3.4248
NUP107,-0.169665
PLXDC1,1.44899
LYRM2,-0.324124
DCUN1D1,-0.524747
ZNF287,-0.0725123
JPH3,2.14179
ZNF304,-0.378998
TMCC3,1.07449
MTA3,-0.0991184
KCTD16,-2.84718
ZNF624,-0.18136
TAOK1,-0.625615
HOMEZ,-0.187613
FNIP2,-0.461266
LRRN1,0.366723
CHAT,7.35524
COTL1,-0.249952
CYP4F11,0.514666
CADM3,1.07144
TP53INP2,-1.10505
JAM2,-0.238918
ZNF462,-0.180235
CHST6,2.69921
SCPEP1,-0.628822
ZNF500,-0.118855
IL21,-2.08383
ALX4,-0.862547
KCNK12,-0.472131
MRPS14,-0.388829
KCNK15,1.57686
XPO4,-0.400509
TTC31,0.0351386
CSH2,0.0308027
USP46,-0.483246
LRRC19,0.140992
NADK,0.065478
ZNF747,-0.0722628
ELOVL6,1.06476
C1orf50,0.235428
CDC73,-0.510576
CCNJL,0.483875
SH3TC2,1.2124
DHX40,-0.279976
VEPH1,-1.51205
TTLL7,-1.19047
CLMN,-1.77359
TTC21B,-0.498736
BAALC,-0.543076
PRR5L,0.421409
MAP6D1,0.132981
ERMP1,0.0629921
TMEM156,-1.03289
PHC3,-0.272225
WWC2,-0.233626
MOGAT2,0.374571
WDR82,-0.121738
APOL6,0.173024
SH3BP5L,-0.0496393
CFHR5,3.25394
PPP1R14C,-0.329732
EYS,-0.323814
ETS1,0.0339058
PATE4,-0.551261
CD209,0.401044
ETV3,-0.74826
ABHD11,0.296054
SNX18,0.123927
STMN1,0.726266
EXOG,-0.0657386
NFIA,-0.590195
C6orf141,-1.38098
FKBP5,-1.22573
SEMA7A,0.0811269
FCHO2,0.451655
CLDN14,1.62567
KLF8,0.544386
NRG1,-0.674885
RPAIN,0.0489121
SEC14L4,1.6332
PTPRH,0.7069
SH2D2A,-0.524759
GYS1,0.0842483
LOC728392,0.720916
ENTPD1,2.39606
DISC1,0.178774
ACIN1,0.110509
NR3C2,-0.798528
EIF2B3,0.232679
TNFAIP8L1,0.513115
AFF2,1.78512
FUS,0.0296447
MBNL3,-0.742785
LCOR,-0.557464
RBM41,-0.477592
PREPL,-0.411265
UGT3A1,2.16595
GLRA2,1.0328
RAB3GAP1,-0.0722507
ZNF641,-0.492301
SAMD8,-0.189759
PLSCR4,-1.57494
PPP2R2A,0.0282682
BCAT1,1.56771
ABI1,-0.00929248
SLITRK4,1.95117
CEACAM1,0.364522
VSIG4,0.497259
CD84,-0.450338
MITF,0.0645236
RNF4,0.0107569
ZNF75D,0.108452
TRAF1,-0.1878
TMEM59,0.025971
CDKN2B,2.89576
MECP2,-0.149381
TNFSF18,3.05573
ADAMTS4,-0.0827746
HS3ST1,0.382865
TNFSF15,1.56173
COL8A2,1.85133
ERCC4,-0.404899
MSTN,0.0070666
PDIA3,-0.300758
PODXL,0.404106
RBBP4,-0.0257492
REEP5,-0.261839
CTDSP2,-0.275329
PRMT3,-0.814888
AP3S2,-0.077232
SF3A1,-0.151917
MLLT6,0.00462073
MTF1,-0.577675
MXI1,-0.392247
NAB1,0.183658
ATP9A,-0.238454
LANCL1,-0.229161
PAX9,2.37125
CCL19,-1.93111
EMG1,0.166955
TIMM17A,-0.212152
HMGN4,0.0451448
HOXB13,-1.14722
MTHFS,0.0362382
GNAI3,-0.0263389
FUT9,5.74658
LYVE1,-3.07916
HIVEP2,-0.454539
PPP1R1A,-0.487429
LAPTM5,-0.31229
TMED1,0.198362
RAB31,0.18198
SLC5A3,-0.185364
KRR1,-0.344235
TNFAIP6,1.64265
ZNF41,-0.439756
ZNF81,-0.458503
NXPH2,-0.0637155
XPOT,0.0927947
TUSC2,0.0409818
TARDBP,-0.243784
FBXO10,-0.162685
FBXO2,1.48116
MLYCD,-0.341862
FAIM2,-0.653168
TLL1,-0.569325
SHPK,0.340461
BLNK,0.862691
KCNJ14,-0.494205
HOXC11,1.27121
ADAMTS3,-0.854171
ERN1,-0.564471
GAS8,-0.0217653
GFRA3,-1.58175
B4GALT1,0.0177618
GPR39,-0.0685997
IGFBP4,0.536361
ING2,-0.0240719
CXCL10,-0.226535
RHOA,0.0683143
CAMLG,0.313757
CD38,-0.967074
CDH8,1.78606
CNR2,-1.97427
COL19A1,2.14469
SLC31A2,-0.0161487
ENO2,-0.107342
EVX1,0.998695
FOXO1,-0.699728
FNTB,0.11897
GUCA1B,-0.35557
HLA-DPB1,-0.0761275
IL7R,-1.46873
ITGA9,0.28409
ITGB5,0.86178
ITPKB,0.455015
LIF,0.343683
LSAMP,-0.374721
MAFK,0.112417
MMP13,7.42203
PPP1R12B,-0.76823
PIGR,0.581933
POU5F1,-0.104229
SRGN,-0.634416
PSMB10,0.270389
PSMC1,0.0877748
PTPN4,-0.975034
PTPRJ,-0.431457
PTPRK,0.497963
RAB3B,2.60047
CCL5,-0.566512
SDC4,2.4018
SFRP1,0.783729
SLC10A1,-0.985492
SLC18A2,2.78184
SOX2,-0.165557
SP100,0.201384
STRN,-0.429145
TFF3,-3.54822
THRSP,3.43548
TNNI1,1.13967
TRPC4,1.83375
TNFSF4,1.10498
UBE2B,-0.0854945
ZNF37A,-0.655956
ZNF141,-0.341777
SLC25A11,0.246843
STX7,-0.33302
STK24,0.186507
CUL3,-0.115962
BCAS1,-0.519021
TNKS,0.163712
EIF3B,0.191728
CDS2,-0.159748
TRIM24,0.252034
IL1RL1,-0.183306
CPNE3,-0.761696
BAIAP3,3.72268
CSRP1,-0.283314
FGF13,-0.89986
GMFB,-0.121806
HNF4G,0.735981
COPS2,-0.00284022
PRLHR,3.25989
MED7,-0.186986
AKAP6,-0.562708
BAG2,-0.631335
H6PD,-0.042506
CD74,0.403744
CTBS,0.374397
PHC1,-0.304189
EFNB1,0.773694
FOXA3,2.51369
NDUFA10,-0.0997777
TOP3A,-0.049694
DDX3Y,-0.618302
SYNGR1,-0.782666
DCLK1,-0.202846
VAMP3,0.206247
RBM12B,-0.557506
RPRML,-0.969744
IER5L,2.3288
NIPAL1,-0.587646
KBTBD12,-0.139939
ZDHHC24,0.375048
SPRYD4,-0.0625374
C1orf174,-0.125664
NCKAP5,-0.698586
ZC3H14,-0.102985
PATE2,-1.14126
TMED8,-0.384087
FCRL6,-0.362197
PPP1R15B,-0.762658
CBWD1,-0.247547
TUB,-1.381
ARL17A,-0.519317
RAB1A,-0.457393
METTL6,-0.117232
GNPNAT1,0.0852131
UROS,0.110156
VAV3,0.580945
CAMTA2,0.154638
FRYL,-0.265415
ZNF782,-0.879536
CNP,0.451327
CSHL1,1.51312
DCC,1.08962
B9D2,-0.178804
MSH2,-0.0221685
RNF130,0.131278
RNASEH2B,0.0189916
XKR6,0.265472
TRIM67,0.0862106
RASAL2,0.851762
SUCLG2,-0.0660695
TTBK1,0.898515
ITGB8,0.544426
CLVS1,-0.550642
ZSWIM7,0.231895
GTPBP10,-0.372928
FGR,0.386361
SLA,-0.580581
SLC7A6,-0.868509
RBM23,-0.342916
ACVRL1,0.190882
CCDC85A,-1.39607
WTIP,1.3216
EPHA6,-2.01318
TBX18,-0.611176
UNC119B,-0.632036
NXF1,0.343476
GCNT1,0.163648
SGSM1,0.0197933
TXNDC2,-0.134219
SYBU,-0.791067
RC3H2,-0.568751
SLC25A36,-0.361133
ECHDC1,0.0869533
NUDT19,0.32068
FBXO45,0.182969
ADAM10,-0.411821
NAV2,0.683544
CLIC5,0.0708525
CTSC,2.15386
CBX5,-0.195455
CLCN5,-0.406101
SPRED2,0.387719
TNIP3,-0.505824
CC2D2B,3.25209
RFESD,-0.146202
RIC3,-0.260214
RCOR3,-0.0815407
TMPPE,-0.249906
ATXN7L3B,-0.403357
NKX2-6,1.85992
C1orf198,-0.406469
SYT2,1.09744
ARCN1,-0.0633114
INHBE,1.73232
MRPS5,0.0319906
PCDHGA11,0.986628
LOXL4,-0.143764
ZNF527,-0.614084
MRPS6,0.0459141
ZC3H8,-0.531748
PARD6B,0.0260817
NT5C1A,4.80827
FAM126A,-0.597728
RAX2,-0.653455
AGBL4,-0.866082
FAM136A,0.138194
SLC35B4,-0.0183343
CGNL1,-0.879294
PLAT,0.648115
RBM18,-0.266861
NR6A1,-0.704787
COL4A5,-0.462044
FBXO3,-0.382195
STX1B,1.59433
FCRL3,-1.92903
CYYR1,0.577047
SH2D1B,-0.338814
DUSP4,1.9395
BSND,0.515428
BCCIP,-0.193692
TM2D2,-0.319412
SRXN1,-0.334968
ATP6V0A4,4.35055
PLCD3,3.42584
ZNF526,-0.0749931
PANK1,-0.739803
NUS1,-0.464795
ALKBH8,-0.30526
HOPX,0.16172
MTFMT,-0.0302522
GNAT1,1.38485
GSG1L,0.72497
ZNF570,-0.606104
IL20RB,-0.0577917
SDR42E1,-0.125542
PRRT2,0.68019
WDR31,-1.06085
MAP3K7,-0.11542
ACOT11,-0.862134
CLDN19,-0.187796
ZG16,-0.440333
CDYL2,0.0599387
SLC43A2,-0.205832
ZBTB8A,-0.246195
CLK2,0.161359
PEA15,0.592226
ELOVL7,0.326107
C1orf43,0.360684
NKAIN2,0.0836559
TMEM53,0.515704
SYT7,-0.931557
SLC35F3,1.54186
TMEM98,1.29747
CD226,-0.980114
DNASE1L1,0.0385164
ZFP42,3.22325
SENP6,-0.264107
TXNL4A,0.168736
COMMD9,0.0821579
G2E3,-0.672115
GFM1,-0.275864
SS18,0.0428293
IGFBP2,1.53068
RPL35A,-0.00194439
DNMBP,-0.333459
PCDH9,-1.08534
ZBTB7C,0.234882
NRXN1,-3.11261
ZNF667,-0.0936151
CD99,-0.0591202
DGKI,-2.7587
ATAD1,-0.0867121
ZNF396,-0.824933
JMJD8,-0.118741
SP4,-0.614869
HSD3B1,0.546001
F13A1,0.331034
FUCA1,0.513581
GCH1,-0.192749
ITGB3,0.0424565
SGCB,0.51849
NDP,0.923134
LSS,-0.255038
TIMM50,0.233515
OR2T11,-1.51971
DNAJB12,0.261679
OSBPL8,-0.055022
ZNF740,-0.221221
TMEM220,-1.30776
ST8SIA6,-0.376895
OR2B11,-1.01217
OR5AN1,4.32395
OR56B1,0.518683
OR6B1,-2.10623
OR10G3,2.40014
SLC25A25,-1.45671
WDR35,-0.477941
IFRD1,0.0787442
BRWD1,-0.252163
TCP1,-0.0872679
ZNF766,-0.284985
RNF187,0.50765
FAM83B,-0.883445
SLC25A30,-0.100833
BCL2L15,-0.568271
FYTTD1,0.147489
XKR7,2.29796
CENPP,0.392115
SOHLH1,8.37853
GOSR2,-0.279507
TMEM82,0.719298
SRRD,-0.552325
RFFL,-0.372489
LGR6,-0.398608
SORBS3,0.0381811
CYP11B1,-0.575215
COX19,-0.132438
CBFA2T2,-0.375583
SRGAP3,0.429775
PHF12,0.0135807
SMAGP,0.981433
CYS1,0.979303
FOXK1,0.00655387
ANGPTL4,1.42005
ACBD7,2.40243
SCN3B,-1.0615
DMRTC2,0.212292
PCDH17,1.13232
ASB1,-0.431792
SLC26A6,0.369807
C10orf53,0.930175
CSNK1G3,-0.119134
TBCE,-0.557576
SH3KBP1,-0.499926
TMC6,2.10364
ACTR3,-0.0309512
TAF1,-0.220742
BMP7,-0.590712
EIF4A2,0.376442
NASP,-0.0202065
CAV3,-0.7974
CDH11,1.65085
SGCE,-0.336134
NAIP,-0.870389
TMEM229B,-0.0561232
ST18,-0.516565
ST3GAL5,1.45667
ADD1,0.0965292
RIPK1,-0.238034
ALDH5A1,0.116046
SHANK2,-1.7145
ENAH,0.608822
OCIAD1,-0.221644
CNOT6,-0.00451275
NSMCE2,0.18409
USP32,-0.140689
SNPH,-0.338914
PAICS,-0.33267
PATL1,-0.0261771
RSU1,0.0368416
C6orf89,-0.460457
C8orf58,0.183947
SCAI,-0.043798
RNF38,-0.383874
DHRS9,0.773232
PRC1,0.431632
WWP2,-0.00666237
SIRT3,0.16819
HDAC4,-1.30904
TOMM20,-0.0361553
LCMT2,-0.183905
ARHGEF9,-0.286045
SMCHD1,-0.311961
ANGEL1,0.0336585
NSL1,-0.269637
ZBTB20,-0.915856
RNF141,-0.245739
ASAP3,-0.539971
KIFAP3,-0.0645049
BAG4,-0.148365
TMPRSS13,-0.471342
C19orf12,0.00850557
POLD4,0.32165
PGBD5,0.362634
CLOCK,-0.535541
RFX3,-0.577278
BARD1,-0.211191
XRN1,-0.324574
RASGEF1A,0.845691
SLC9A3,0.274943
CLTC,0.069759
AP1AR,-0.225566
FBXO42,-0.13733
ZNF26,-0.011367
CLDND1,-0.271298
DTWD1,-0.426824
RDH14,-0.0983269
NUCKS1,-0.26422
HOXB9,-0.0714413
ARHGAP39,-0.256141
PLA2G12A,-0.141351
BDNF,0.318665
FEZF1,-0.585245
AMT,-0.0294377
CYB5R3,-0.142838
CPEB2,0.0222853
UBA2,0.196737
LMAN1,-0.105212
GDF11,0.035414
DNAJA2,-0.0990505
SEC22A,-0.0747882
ESR2,-1.00985
POU4F3,-0.387866
SLC1A4,0.627561
DPM2,0.07199
EIF2S2,0.270242
DDX6,-0.304155
DVL3,0.0877149
HNRNPU,-0.144008
HUS1,-0.220095
TRAF6,-0.886901
DDX21,-0.293363
B4GALT5,0.86726
G3BP2,-0.139656
BEND4,-1.96804
KIF5C,0.276065
TTC14,-0.35712
CABLES1,-0.736129
CISD3,0.022623
FBXO30,-1.20609
TRIM52,-0.551659
TRIM41,-0.441665
CORO2A,1.92137
TRPV1,0.309022
PRELID2,-0.590707
CSNK1D,0.17852
KIF6,-1.4923
TMEM106A,-0.402682
GRAP2,-1.07825
SLC10A7,-0.599903
UAP1,0.167051
IAPP,2.44269
PTPRB,0.185943
AK1,1.22561
HOXA13,2.09461
ITGAM,0.682804
C4orf46,-0.606706
FAM168B,-0.35837
SH3PXD2B,0.648922
SPRR2E,0.355689
HSD17B10,-0.41
GTF3C5,0.044472
C2orf42,-0.335341
GAS7,0.416844
DLX1,-0.353519
TSR1,-0.10834
LRRC27,-0.128523
ZNF84,-0.199069
ATG7,0.240728
KDM1A,0.105109
TPM1,0.0519647
ATF7IP,-0.125924
KSR2,-0.374766
CLEC18A,0.222752
TMEM37,0.0684291
PDLIM3,-1.98026
PNKD,-0.127512
ASXL2,-0.409991
HAS3,-0.713084
PHACTR3,3.50037
DBNL,0.0337874
NUDT4,-0.159317
PITPNM3,-0.317445
GNE,-0.595867
PMVK,-0.00374744
EDN2,0.627415
PRG2,-0.798574
PCNT,-0.0370275
QSER1,-0.201909
MAMSTR,-0.00524158
TMC2,-0.381157
AR,-1.8486
MYBPC3,0.49326
PROS1,3.48432
RPS14,0.0741521
KCTD7,-0.45691
RABL3,-0.70146
USP15,0.197599
ETNK1,-0.21139
SLC30A10,-0.713029
MPHOSPH9,-0.845144
SLC19A2,-1.03002
ANGEL2,-0.165029
SMYD1,0.417059
IMPDH1,0.674144
RBPJ,-0.0114278
HDAC2,-0.0101419
PRKCA,-0.949412
CNIH3,1.00823
ZFP3,-0.618346
LPIN2,0.0342818
HDAC9,1.28193
KHDRBS1,0.041426
CCDC117,-0.596107
ADAP1,0.44174
NEDD4,0.132017
NRIP3,0.216385
ATP10B,3.9487
PLXNA2,0.360662
HPSE2,3.32558
CYP7B1,-1.66015
HDAC1,0.180894
BTG2,-0.802127
SF3A3,-0.134626
GABBR1,0.10936
EZH1,0.179351
SOCS3,-0.690965
EIF4EBP2,-0.0475492
GAMT,0.298855
CENPM,-0.344706
LAT,-0.592168
C14orf28,-0.285183
SLC29A4,-1.32725
CLTB,0.360604
WDR7,-0.332784
AK3,-0.0249299
TM9SF4,0.142334
KCNS2,-0.3805
PRR12,0.0795159
PIGN,-0.628395
N4BP2L2,-0.218176
RAP1B,0.0435011
EFNA5,-0.811946
PTPN3,-0.00163016
FGF11,-0.915128
SPG7,-0.122126
HSPA4L,-0.301853
SFXN5,0.100556
LARP4,-0.226288
CD164L2,3.5047
MAP2K6,-0.741277
ATL2,0.0536268
BLK,-2.15542
LCK,-1.02486
MTUS1,1.13376
PIWIL2,-1.63135
CCDC40,-0.915706
AKT2,-0.307114
RPGRIP1L,-0.334315
EPSTI1,0.205492
GRHL2,-0.249598
TCF4,-0.360344
ZNF7,0.00822973
DENND4C,-0.11338
OXNAD1,-0.13061
LIMCH1,-0.633746
PRUNE2,0.31672
POLR3GL,-0.232166
ZNF131,-0.323781
UGT2B7,0.359659
SIRPA,0.268663
FSD1L,-0.0345866
SLAMF8,0.233056
PPARGC1A,-1.97099
SLAMF1,-1.05064
ZDHHC3,-0.0967961
CNKSR2,0.0118608
CTNND1,-0.297282
ITSN1,-0.322504
EIF4E,-0.237559
HADH,-0.205071
TMEM45B,0.0451776
CYLC2,-2.40275
ZNF383,-0.583224
PPAN,0.14018
MRRF,-0.0985945
PCF11,-0.734598
COBL,-0.764156
CBX7,-0.283206
MYO18A,-0.281307
EGFR,0.167311
TMEM62,0.322924
CYP19A1,-0.166343
C1QA,0.398551
C1QC,0.550503
DYRK1A,-0.334803
MID1,-0.850906
KNDC1,0.661629
GFRA1,-2.15882
TRIM16,-0.699001
WBP2,0.514653
KLK13,3.21088
TCEAL7,-1.14573
TRIP12,-0.0729065
AP3B2,0.60161
RIMS2,2.31066
C16orf87,-0.189803
KIDINS220,0.0477839
HECW2,0.364753
SLC35A5,-0.159135
TBC1D5,-0.356594
ECT2,0.216127
LPIN1,-0.39772
TMCC1,0.223551
KLHL24,-0.332367
DNAJB5,0.754573
HPS4,-0.197921
DNAH14,0.289609
PACSIN2,-0.370536
ZNF654,-0.435659
EVI5,-0.134082
RIMS1,0.685549
ST3GAL3,0.0909152
UCHL5,-0.893281
LMBR1,0.176237
KLRD1,-0.832264
IKZF4,0.535122
PEX5,-0.21083
BAZ2A,0.0339687
MTHFD2L,-0.0339576
SLC38A11,1.63252
TLE4,-1.6005
POLI,-1.09595
MAPK10,-0.355046
MACROD2,2.4856
RPUSD3,0.450065
DCTD,-0.43845
ZNF536,-1.77447
TMEM18,-0.223471
TACC1,-0.383539
GSN,0.616558
DYM,-0.141927
ZNF334,-0.470977
SCN1A,2.00035
STAMBP,-0.0340775
MTMR1,0.204036
ARHGEF7,-0.180542
MIA2,2.98737
ACSL3,0.00390631
PPIP5K1,0.144109
MME,0.569308
PFKM,-0.270642
GCK,-0.711083
VCP,0.110578
TJP1,0.0993133
CAPS2,-1.02175
FBLL1,2.24147
TUSC3,3.12911
DCHS2,2.51537
HK1,-0.811171
RMI1,-0.263954
MOCS1,-0.10955
DHODH,-0.394277
FRRS1,-0.715199
CD40,0.535438
CSNK2A1,-0.103573
MB,-0.667868
FOXRED2,-0.637571
PSRC1,-0.0176698
REST,-0.315394
CALN1,2.29725
ZC3HAV1,-0.239215
MFSD8,-0.220248
CAP2,-0.472072
CCNC,-0.433136
CCNH,0.263647
GSTA3,1.97366
TMEM196,-2.85569
DPF1,-0.143789
NDUFS7,0.140607
MSX2,-0.927263
KCTD11,0.0740287
CRYL1,0.00962603
PSPC1,0.0112889
SNAP91,-0.919171
NFATC4,0.910345
NPC2,2.48878
PIGH,-0.16674
LIAS,-0.256615
ARID1B,-0.460072
LRRC49,-0.191313
EPHA4,1.22277
MXRA7,0.233857
VMA21,-0.0841296
RHBDL3,0.161723
CTCF,-0.160414
CAMK2A,1.31121
VDR,0.749619
IL6ST,-0.423694
MGAT1,-0.507016
ANO2,0.20495
DEPDC4,-0.605354
RORB,-2.03053
ADAR,0.138986
ADORA1,2.68021
NUP98,-0.175107
FN1,5.67358
PRPF40A,-0.0828596
BCL11A,-1.23742
POU2F1,0.195526
CNR1,0.592895
NLGN1,-2.24625
NFIX,-0.144731
FAM131A,0.0898888
CMPK1,-0.236818
ZBTB8OS,0.0357877
KPNA5,-1.08654
FAM193A,0.0234677
MECOM,1.07913
ATF7,-0.302112
LMO7,-0.138107
GCNT4,0.832136
TRNT1,0.0461361
ARHGEF4,-0.799362
ANKRD44,-0.805419
CAMK2G,-0.210786
LARP1,-0.0739602
ZNF275,-0.166093
ZNF704,-0.693863
PYGO1,-1.26995
AGBL3,-0.00766174
SOX6,-0.262937
ATP8B2,-0.6867
SCARB1,0.280266
LDB3,-0.881283
RFX7,-0.266254
LCN10,0.92872
CNKSR3,-0.583253
MYO6,0.842335
AP1S2,0.135484
APTX,-0.0110974
CUL4B,0.065182
FHL1,-1.738
DCX,-2.4486
PLSCR3,0.839007
COPS7B,0.250997
FUT6,2.83478
TRIM39,-0.321979
KCNT1,2.93374
EXOC6,-0.238988
LGI1,-2.32854
PTER,-0.197124
CPT1A,-0.417869
KDM2A,-0.0567414
SLC1A2,-1.25543
SPTBN2,3.90106
TRIM5,-0.0210048
ZC3H12C,-0.911951
FBXW8,-0.446159
MRPS35,-0.0993015
MARK3,-0.212313
GNG2,-0.434114
ANXA2,0.868475
GLDN,4.57821
FMN1,-0.271709
KCTD13,0.627528
GRIN2A,0.52197
SRL,1.54026
HSD3B7,0.800327
ABCC11,5.6342
NAT9,0.115757
SOCS7,-0.874304
SLFN14,-0.712571
TBCD,0.317135
ACBD4,0.0736128
PPP1R1B,5.40792
NEDD4L,0.0712023
SMAD2,-0.232871
MPPE1,-0.415826
THOC1,-0.236688
ZBTB46,0.287854
SRC,0.682467
GINS1,0.628291
PRDM15,-0.0888675
OPHN1,-0.997273
RPS6KA3,0.509133
ZFX,-0.613936
SMAD5,-0.278011
ARHGEF16,0.390374
GNB1,0.174969
RNF32,-0.579816
TTC39B,1.3588
PLEKHA7,-0.243453
BRMS1,0.114688
EPS8,1.96945
NFYB,-0.327597
CRADD,-0.149538
PRKCH,0.24819
NRG4,0.392903
TPPP3,0.182603
ZNF652,-0.455354
AOC3,-0.118168
TMPRSS6,7.53981
MTMR11,2.29051
LYPD6,-0.815438
SLC25A38,0.193401
FBXW7,0.47974
SLC4A4,-2.25595
PIGG,-0.117704
TBC1D19,-0.409633
SLC12A7,0.154855
EMB,0.550031
ZNF346,-0.559219
HNRNPAB,0.403775
ARL15,0.2864
ERGIC1,0.0940893
ATG10,0.126428
AHDC1,0.133691
PDE10A,-1.19369
MOXD1,0.209553
OR2H1,-0.96668
BRPF3,-0.116717
TRERF1,-0.6662
L3MBTL3,0.0984903
IKZF1,-1.10829
ILDR2,-0.206207
ETV1,1.27344
AVL9,-0.213129
TNPO3,-0.217951
GLI3,-1.07975
GRB10,0.884551
LAMB1,0.270422
MKLN1,-0.328766
PPIA,0.116974
C1GALT1,-0.533421
MTHFR,0.448826
ADAM28,-0.0669917
KCNQ3,4.71827
PLEC,0.652633
ZNF691,0.0100418
PLEKHA2,-0.828638
NUDCD1,-0.261588
ARHGEF10,-0.234319
FNBP1,-0.447795
ROR2,-1.54423
GDA,1.13942
HSPA12A,-0.753714
KCNE3,0.67627
CELF1,-0.315804
DPAGT1,0.00139633
RRAS2,-0.375329
FLI1,0.0114996
RHCE,-0.437545
RDX,-0.536262
EPS8L2,0.271495
WEE1,-0.293834
NAA40,-0.442618
BBOX1,-1.00219
MTMR2,-0.0480807
FGD4,-0.156743
PRICKLE1,1.27826
R3HDM2,0.108813
PITPNM2,-0.654138
C12orf43,-0.176171
CAPRIN2,-0.444798
FRY,-0.570466
INTS6,-0.18144
CARS2,0.352567
MAD2L2,1.13208
TBC1D4,-1.84677
DHDDS,-0.00760139
MDGA2,-0.281147
PRKD1,-0.846914
PSEN1,0.102802
TRIP11,-0.358695
SGIP1,-0.345905
ACBD6,0.158963
DYRK3,-0.990008
IL16,-1.00364
DPP8,-0.429347
CLN6,0.122067
MCTP2,1.20071
TNFRSF14,0.135323
POLR3C,0.169828
CHMP1A,0.228355
SMPD3,-0.84664
SLFN13,0.703615
ARHGAP27,0.620956
TANC2,0.841908
HLF,-1.50795
MFN2,-0.0962845
PAFAH1B1,-0.296046
RAPGEFL1,1.0986
THRAP3,-0.0853845
CDK12,-0.389728
PMP22,-0.230921
GPRC5C,0.321141
SLC25A19,0.206145
LIMD2,-0.85773
PGAP3,0.369096
BCL2,-1.57505
ZNF100,0.402499
GTF2F1,0.013381
PRKACA,0.47892
ZNF701,-0.165318
PLEKHG2,1.05238
ZNF101,-0.56092
RALY,0.242364
ABHD12,-0.0239564
SLC35C2,0.458786
SMOX,0.642306
RUNX1,2.44689
ZNF280B,-0.499773
WBP2NL,-0.704273
DGCR8,-0.104394
MICALL1,-0.11533
SPEG,0.515854
LONRF2,1.78342
IKZF2,0.877147
EHBP1,0.146491
CLASP1,-0.0787809
PTPN18,-0.400147
RUFY4,-0.560605
FAHD2A,-1.04191
GULP1,-0.889694
KIF1A,-0.419001
THNSL2,0.0901071
CYP26B1,-1.02124
NCK2,0.415146
MAP4K3,-0.403577
CHST10,0.305274
TTLL4,-0.200435
RC3H1,-0.726904
NME6,0.14871
DENND1B,-0.504593
ERC2,-0.115393
MEGF6,-0.225067
RSRC1,-0.329263
ATP6V1A,0.2603
SETD5,-0.0177595
IFT122,0.0906231
RAF1,-0.133806
TFRC,-0.811233
CACNA1D,-1.13718
CEP97,-0.444726
TBL1XR1,-0.148675
ZNF385D,-0.179538
B3GALNT1,-0.709078
ESRRG,-1.51437
FOXJ3,-0.361749
TLR6,-0.414427
ANAPC10,-0.173037
TACC3,-0.374267
PACRGL,-0.424786
WDFY3,-0.405498
NPNT,0.0458592
NFASC,-0.61577
GPRIN3,-0.59804
PM20D1,-0.106461
FGD5,0.149315
RASGEF1B,0.801246
BTNL9,0.301609
SNRNP48,-0.529798
MOSPD2,-0.503457
TMTC2,-0.222235
NANP,-0.460528
CCDC89,-0.459139
HOXA9,0.778835
CDHR3,-2.9248
CXorf58,-0.693753
TAB3,-0.309299
ARPC2,0.22984
FAS,0.890673
PRSS33,6.30902
UHRF2,-0.182644
TIPRL,-0.0772878
ABHD2,-0.30078
PXT1,0.47141
POMZP3,-0.0974515
NAGS,-0.148754
N4BP1,-0.100011
ARHGEF19,0.507658
CILP2,0.856667
CEP120,-0.388074
LRRC57,0.107014
ERI1,0.270305
SNX20,-0.395728
ZCCHC24,-0.251896
B4GALNT2,-1.94377
HS6ST3,-1.70506
CAMK1D,-1.33512
HOXA1,-0.329299
IKBIP,0.40939
ZFP1,-0.116155
ZDHHC14,-0.811515
RASGRF1,4.80056
GPR161,1.2535
SIAE,0.0365087
RASGRP4,0.497771
SKP1,-0.11908
ALDH4A1,-0.51574
UNC5B,2.16244
MKKS,-0.380058
LACTB,-0.0207614
RAB39B,0.114975
CAMKK2,-0.1971
DMBX1,8.14182
CTAGE1,-0.471198
KCNH5,-2.46913
NFATC1,-1.14363
SMG7,-0.0593408
NFATC3,-0.564092
PDE8A,-0.32104
CCDC149,-0.402117
MCAT,0.0218998
ANAPC16,-0.310148
KLF17,-0.084298
PIP5KL1,1.79867
PTCHD1,0.183389
MPP7,0.500911
FAM163A,-2.30628
FAM177A1,0.611122
RIMKLA,-1.28854
DNAJC5G,0.988228
SLC9A9,-0.718627
ARL10,-0.331461
PPIL6,-0.829599
FAM133A,-0.703244
ZCCHC12,6.87519
TIGIT,-1.15909
NEGR1,-1.7449
PRTG,-1.72183
COX18,0.224069
TPPP2,-1.7148
PSMD12,0.000492029
CRB3,0.381394
ATP2A3,-0.408179
ZDHHC22,0.756934
ARFGAP1,0.151859
DNMT3A,0.169232
KLB,-0.670516
OLIG3,1.46573
TXLNA,0.293309
PAN3,-0.256366
KRTAP11-1,1.87402
CTPS2,-0.0713825
UHMK1,-0.447771
OR7D2,-0.343094
HNF4A,0.314922
LNPEP,-0.557232
FGF14,-0.166288
MOCS2,-0.216034
CHMP4B,0.0951592
PSME3,-0.13399
LMX1A,-2.09791
PPARD,0.00586924
FTSJ1,0.173552
BHLHA15,-1.04933
CYP20A1,-0.543465
TRO,-0.614807
PPM1B,-0.275596
HAP1,-1.98175
TUBB8,0.270853
PTPDC1,0.268069
PLA2G4D,1.19454
SESTD1,-0.0798312
TRIM50,0.333698
P2RY8,-0.270151
POLDIP3,-0.238263
RASSF3,0.100674
ATG4A,-0.177749
LCE1E,5.04376
CDK20,-0.38387
ZNF831,-1.73156
NOTUM,5.12753
ZDHHC21,-0.2617
ARL5B,-0.515346
CMTM4,-0.293237
PPP2R5D,-0.107196
GPR180,-0.301524
AXIN1,0.467173
GOLGA8A,0.85799
IL22RA2,2.25965
PRR5-ARHGAP8,0.0967797
ARHGAP8,-0.144054
SMURF1,0.159764
NCAM1,-1.74167
BTBD3,0.0771257
PAX3,-0.294827
TBX5,-0.789794
ZNF445,-0.407869
WFDC8,0.618135
MYL9,0.274393
NAA20,-0.210054
OGT,0.270054
BCDIN3D,-0.392198
TMCO4,-0.124873
SPATA12,1.76626
NCOA7,-0.0493481
TMTC3,-0.014911
BMP8A,-1.7296
NF2,0.164117
BCL6B,0.506905
APAF1,-0.19643
UBE2D3,-0.212959
STARD5,-0.0594974
LILRA5,-0.0230825
C1QTNF6,0.953235
OLFML2A,0.108001
ZFAND2A,-0.22875
CABP7,1.41367
TCTE1,-1.58361
TMED4,-0.361827
LHFPL5,2.9605
BCL9L,0.0634208
CYB561D1,-0.13451
SKA2,-0.14627
FAM131C,-0.586381
GEN1,-0.3849
AADAT,-0.24108
GPATCH4,-0.180918
EFNA1,-0.158119
EFNA4,0.565658
UBE2H,0.0579317
DDX53,-1.26239
GPX6,2.69656
NDUFB6,-0.225894
MCM4,0.818263
WDR72,-2.08643
MCL1,-0.411639
MCM7,0.29212
CLDN10,6.74908
CREB5,1.35514
STEAP3,0.836455
ADAMTS9,2.72546
FLT4,-0.188357
RIMS4,-1.15066
DLGAP4,0.793069
RD3,1.64281
TMEM107,0.00356837
IKZF3,-0.254703
RAB27A,1.67477
PXMP4,-0.638074
FBXO25,-0.0759243
ALDOA,0.106889
TRIM55,0.438263
RBM39,-0.217214
CREB3L2,-0.711391
HNRNPA3,-0.282262
OTOF,-0.758922
TTLL11,-0.261154
ISCA2,0.517741
SPTY2D1,-0.513925
TMEM65,-0.374862
SLC16A9,0.586089
KIF24,-0.490728
ZBTB41,-0.142832
VAPA,-0.0179394
RNF212,-0.240945
BID,2.13828
BTN3A3,-0.211984
HIBCH,0.00232414
SCML4,-1.39493
GANC,0.552473
TREML4,0.618559
SNRPB,0.308661
STAT2,0.322358
KBTBD3,-0.410138
RINL,1.0266
C1orf122,0.378352
ZNF621,-0.112515
FAM83H,0.226338
CTAGE4,-0.614433
LANCL3,0.301994
RBM43,-0.113899
AFAP1,0.403355
SEC24C,-0.00882583
COL25A1,-1.06595
CD47,0.452792
TDRD1,0.0581523
ACLY,0.0583865
ACACA,0.0730718
FAM120AOS,-0.176471
FAM111A,0.646851
QRICH1,-0.00593508
TSPAN3,0.439104
DZIP1,0.481026
HINFP,0.0864678
MKNK1,0.218049
NAPEPLD,-0.225772
C2CD2,-0.240627
CNNM3,-0.0793397
SETD3,-0.21412
XAF1,-0.0507714
ADPRHL1,-0.766786
CXCL12,-1.09146
GDNF,4.91935
UNC13D,0.303634
CCNG1,0.53322
SFT2D2,-0.153509
ADAMTS18,2.69617
TRPC4AP,0.149405
UBOX5,0.00307188
ZFP64,-0.116209
PRDM16,-1.26222
NANOS1,0.445021
CCDC62,0.357313
DGKZ,0.463544
CACNB2,0.477075
GLYAT,-1.03864
ERCC1,0.275909
TRIM7,0.793241
FAM102A,-0.428758
RGS8,-3.2307
DLG4,1.50398
KIFC2,0.691555
SCN8A,0.711104
COX6B2,2.16348
ZBTB37,-0.895988
PTP4A2,-0.187895
C4orf36,-0.314102
SBK2,0.129491
PARP3,-0.197582
BCL2L14,-0.738181
SLC7A2,1.01136
BAZ1B,-0.0121678
DUSP28,-0.201525
ANO7,0.902983
SPOP,-0.149712
POU6F2,-0.238673
USP11,-0.333828
FECH,-0.488053
RBM47,-0.45503
IL17REL,-1.82905
LIMS1,-0.608418
TMEM217,0.83456
CXCL13,-1.28101
APOA5,-1.26871
TMEM86B,0.220239
THY1,0.687103
PLD5,-1.51471
SPATS1,1.5378
PRRG3,-1.49505
NTNG1,-1.29876
STXBP1,-0.0622155
PHACTR1,0.0738747
GCNT2,0.0773197
SPTAN1,0.394375
LAS1L,0.0376853
LENG8,0.149245
TMCC2,0.236458
NTRK3,2.00661
EPB41,-0.449565
FAM169A,-0.407839
EPHA7,-0.440062
TMEM181,-0.198142
TNFSF14,0.00985875
TRPC7,1.91356
THOC3,0.331281
GABRA2,-2.57182
AHRR,0.116371
COL9A1,0.823312
PLEKHG7,-1.92491
KCNC4,0.196171
LRIG1,-1.48486
LRP2BP,-0.304854
BAHCC1,-0.238425
CLCC1,-0.219308
NBPF3,-0.476998
NHEJ1,0.20878
DYNC1I2,0.202222
MTMR4,-0.881067
SH3D19,-0.0864068
RNMT,-0.057838
ROBO2,0.647017
SMARCA1,-0.537328
MBL2,-0.0703197
KIF21A,-0.085669
SRPRB,-0.405937
COL18A1,0.375093
RCC1,0.834054
CCDC144A,-0.626466
AGTR1,-1.33999
HPN,1.82539
SORBS1,-0.561075
MAP4K4,0.83737
CTSB,1.02688
AMZ1,-0.195975
STAT1,0.670868
FIGNL2,1.25157
USP36,-0.231116
NBPF15,-0.086816
PANK2,0.280436
GRAMD1B,-0.883836
DNAJA4,-0.336987
ZNF544,-0.174899
RAD54L2,-0.366176
RAP1GAP,-1.55687
ATP2B3,4.95293
NBPF9,-0.303706
PIK3R5,-0.190196
NAV1,0.503446
C12orf76,0.638904
GOLGA3,-1.52779e-05
ADPRH,-0.273293
RIMBP2,1.2926
CNPY1,0.413972
PLXNA4,1.95655
MICAL2,1.25452
PRDM2,-0.640998
CCDC160,-1.54021
SH3PXD2A,0.0841163
RAET1E,3.10669
SPRY3,-0.201263
STON2,-0.577164
FAM83A,2.02058
FCGR2B,0.0767771
ARNTL2,1.20247
LENEP,-1.10563
PHACTR2,-0.273011
IPCEF1,-3.20746
KLC1,0.363326
PBRM1,-0.275548
MAGIX,0.117722
OASL,0.50885
DICER1,-0.749943
ZNF846,-0.231446
MTAP,0.124349
TUG1,-0.180896
TPRX1,-0.967344
TIPIN,-0.0238268
KDM5B,0.230745
UTY,-0.532638
MRPL23,0.214257
EEF1G,0.119977
MAPRE2,-0.719137
HABP4,-0.162797
EXOSC2,-0.208119
CBX6,-0.146196
DDX58,0.134763
KLHDC2,0.0653578
EID1,-0.0288918
SULT4A1,4.44007
ACAD8,-0.0242304
STAU2,-0.0459961
GHITM,-0.216739
LYPD3,0.677286
INVS,-0.602242
ARFIP1,0.100078
SIT1,-1.0205
TNFRSF21,1.85569
PDCD4,-0.080949
CSDC2,-0.806419
SULT1B1,1.08461
TP53TG5,0.845483
MOCS3,0.058515
HPGDS,1.76781
TOR1B,-0.0626314
PCLO,-1.36631
TFCP2L1,-2.91029
TRAPPC2,0.173467
HUNK,0.557363
KCNIP2,-0.297341
DNTTIP2,-0.22274
IPO13,0.167557
FAM53B,-0.25362
CLINT1,-0.268099
NUP93,-0.475992
ULK2,-0.131737
TMEM63A,0.0364401
RAB11FIP3,0.130583
STARD8,-0.0676704
KIAA0232,-0.215244
SNX17,-0.0447956
PHYHIP,2.60391
TATDN2,-0.400607
MRPL19,-0.134348
SPOCK2,2.52677
URB2,-0.13554
TSC22D2,-0.854154
DNAJC6,-0.158455
ZBTB24,-0.324481
KIAA0319,1.4624
FCHSD2,0.1291
TOX4,-0.17508
TECPR2,0.107413
RAB11FIP2,-0.573631
GLS,0.231964
VASH1,0.803655
AGAP1,0.214218
ANKRD6,0.274405
DIS3,-0.145924
TRAK1,-0.12891
KLHDC10,-0.515363
RAB21,-0.0255733
TMEM41B,0.162828
TNIK,1.02489
ENDOD1,1.48752
CDK19,0.1091
HIC2,-0.642332
PHF8,0.0142051
FRMD4B,-0.390946
WDR43,-0.212074
SNX13,-0.0737618
RTF1,-0.239125
TTLL12,-0.136839
METAP1,-0.116464
RGL1,0.159248
PHF3,-0.364617
ARL6IP1,-0.0241939
RHOBTB2,0.344744
SIK2,-0.580845
RPRD2,0.140567
DDHD2,-0.299683
NUP160,-0.418903
KIF13B,0.271844
UBR2,-0.364217
ARHGEF12,0.0460195
RRP8,0.181287
NUDCD3,0.214941
ZDHHC17,-0.106623
NCAPH,0.0112802
KCTD2,-0.530321
ANAPC13,-0.390577
PARM1,-0.489175
RAB11FIP5,0.287956
GORASP2,0.198862
ZZZ3,-0.311506
SUSD5,-0.560168
CHD5,1.52368
SETBP1,-1.11279
UBXN7,-0.372076
GIGYF2,-0.179464
CCDC69,-0.281994
WSB1,0.446553
LDLRAP1,0.082582
EPC2,-0.306777
FILIP1,0.128462
FAM184B,0.973639
INTU,-0.171383
G0S2,2.35873
ST8SIA3,-3.21746
HOOK1,-0.0496288
MED15,0.502543
CDC40,-0.403446
NUDT13,-0.371509
TMX2,-0.270263
CUTC,0.223154
FCF1,-0.430246
TAF9B,-0.0867947
HEBP1,-0.568844
SH3GLB1,0.09001
UBE2J1,-0.164805
OTUD6B,-0.178471
DERL2,-0.22281
ISOC1,0.471726
TMBIM4,0.0588845
COPZ1,-0.159967
HDDC2,0.294066
FIS1,0.20954
MRPS23,0.183438
GOLT1B,-0.177413
VPS36,-0.316317
RBM7,-0.189663
IER3IP1,0.374134
MYEF2,1.475
INSIG2,-0.168211
TAOK2,0.242543
NOL7,0.0266889
VGLL3,-0.661227
DDX41,0.00406831
CYB5R1,-0.190627
IMPG2,-0.29679
HPCAL4,5.16943
VGLL1,5.50829
WBP11,-0.267278
RAB14,0.129951
EVL,-0.200663
IPO11,-0.0238933
RAB9B,-0.280133
CTDSPL2,-0.391585
SHISA5,0.655837
BET1L,0.00848454
KLF3,-0.315287
INPP5K,0.502369
GPR83,-1.64906
LGSN,0.580284
RAB6B,-0.415992
RSF1,-0.249843
GNAS,0.290807
TDP2,0.163417
RBMS1,-0.104053
SEPSECS,-0.379561
APLN,2.70248
KLHL3,-0.927746
SIX4,0.399787
POLE3,0.0927458
CHRAC1,-0.177852
EPHB2,-0.136798
CYTH1,-0.310738
MPHOSPH8,-0.337554
CDV3,-0.403574
PARP14,0.867237
IL17RD,2.17163
GRAMD1C,0.076737
UBE2Q1,0.241384
DONSON,0.586872
AHI1,-0.0660114
GIPC2,-0.624523
ANKRD10,0.157807
ZNF280C,-0.286446
TRPM7,-0.522954
SIDT1,-0.598857
ZNF3,-0.219636
THUMPD1,-0.375804
UHRF1BP1,-0.0372227
INO80D,-0.182623
NCAPG2,-0.0761055
ELOVL2,0.759158
MKS1,-0.277808
RGS3,0.72182
CHCHD3,0.0341023
FAM120C,0.146747
GEMIN8,-0.232996
THG1L,0.0440995
CDC37L1,-0.148329
PID1,-2.50544
PHIP,-0.134217
BANK1,-0.740223
NBPF1,-0.190018
FKBP14,-0.153869
PTCD3,-0.274188
VPS37C,-0.0303614
RUFY2,-0.241288
ARGLU1,-0.168945
KIF26B,-0.531293
MED9,-0.123058
YEATS2,-0.156886
WDR6,0.206457
VAC14,0.0800214
NODAL,0.511075
RADIL,-2.1525
FIGN,-0.340961
HAUS2,-0.0400137
EFHC1,-0.322357
CDCA8,-0.0475256
PNPO,-0.0633101
KLHL11,-0.825249
RPRD1A,0.541115
DPPA4,-1.71579
HMG20A,-0.0718136
CKAP2,0.127107
PARVA,0.00394171
UBA6,-0.0111548
OGFOD1,0.204166
EXOC1,-0.0297599
TMEM39A,-0.529469
UBE2W,0.000737613
RHOT1,-0.026109
TDP1,-0.260366
MBD5,-0.436207
RFK,0.348449
COQ7,-0.362742
IPO8,-0.375138
GSTO2,0.156314
PDE1C,1.8661
SIRT5,-0.109651
RBBP5,-0.276938
NDUFA11,0.248948
IRF4,-0.293948
RGS5,0.977034
DBNDD2,0.661645
BCL7B,-0.0377609
DPYSL3,1.34265
HIRIP3,-0.210471
MEFV,0.00856404
MAP7,-0.190969
LEPROT,-0.185646
CD302,-0.820911
EIF4G3,-0.2927
CYP2C8,0.312379
BMP1,1.49181
COPS3,-0.0862402
LRBA,0.239441
TRAF3,-0.53339
ISY1,-0.0897555
TGIF2,-0.301896
IL33,-1.25193
ADCY5,-0.499184
DHX33,-0.444711
CTSS,0.994467
PTPRN,-0.51415
HPSE,1.29867
ANGPT1,-0.101601
KIF16B,-0.488649
EGR3,-1.52665
NDUFB5,-0.116832
NDUFS1,-0.197688
HYAL3,0.234022
DNAL1,-0.740129
CORO7,0.0540449
PLRG1,0.315612
ALDH7A1,-0.672607
MXD1,-0.599487
UBE4A,-0.0990658
SRP19,-0.110848
ARHGAP19,1.2726
PRLR,0.856627
CCPG1,-0.138663
CDRT4,-0.164443
XPNPEP3,-0.664823
SORT1,-0.0778908
OCLN,-0.180781
RAD54B,-0.0131391
EGFLAM,0.594049
JAM3,-0.115692
ELMO1,-1.77859
MAVS,-0.0377311
CASP10,0.610373
IRF6,-0.464408
PICALM,0.117531
UGT2B28,-2.93098
FCER2,-2.53038
CA12,2.54651
MFAP3,-0.145939
GFOD1,-0.225512
IL31RA,3.28448
MTHFD1L,1.29674
HLCS,-0.128047
ARFGAP2,-0.0541819
SNX1,0.472983
E2F3,0.176957
CD28,-1.29184
PDE4A,-0.190854
NPRL3,0.0316443
ZIC4,2.04891
PARVB,0.270787
KIF13A,-0.339439
HYI,0.394498
CFL2,-0.516268
CD2BP2,0.0526186
GFOD2,-0.609139
CHST12,0.156982
TSC22D1,1.80886
MAPKAPK3,0.828771
KIF2A,-0.24081
HLA-DQB1,0.720286
TNFSF8,-0.85377
IMMP2L,-0.0771642
ARID5B,0.29565
STX5,-0.254056
MARVELD2,-0.377471
SEL1L,-0.374134
SET,0.0961398
APPL2,-0.0455448
MRAS,0.0106659
AP4E1,-0.0252663
CGA,3.71375
C14orf132,-0.871003
ACSS1,-0.57406
CDC5L,-0.0975743
MND1,0.542873
MYBPC1,0.702949
RND3,-0.0089605
ABHD14B,0.153874
SMARCAD1,-0.248644
SYT14,-0.00672722
S100PBP,-0.0767367
ETF1,-0.207305
PTK6,0.837969
PDLIM5,-0.0966898
TEAD2,0.612471
STOML1,-0.00698466
USP3,0.181696
RPS3,0.146759
BTRC,-0.282532
RNF34,0.0984754
PAX1,-1.39638
ITCH,-0.1716
DDX19B,0.0821579
GPD1,1.2465
FGF1,1.48519
EME2,-0.388024
IL4R,0.437028
FBXO7,-0.315979
TPI1,0.0376162
LINGO2,-2.46644
SELENBP1,-1.01354
IDH3B,-0.237327
CLPB,-0.186437
CDK8,-0.220466
KCNC2,4.1076
OS9,-0.0552398
CDK15,0.177535
ETV4,3.46339
TTPAL,-0.215233
FAM13A,-0.861254
URM1,0.127761
PDCD6,0.0329686
ZNF248,-0.554922
SRP72,-0.158954
PTPRC,-1.02806
C7orf57,0.350176
CTCFL,0.0171104
MMD2,1.16564
CDC42EP3,1.5248
SOCS2,-0.412586
PSMD11,-0.0602482
PEX11G,-0.188164
AKAP13,0.109778
DEDD2,-0.241893
SLC16A7,-1.11285
JOSD2,-0.130628
TFAM,-0.239746
ZNF551,-0.468888
KLF7,-0.237289
HYDIN,-0.448738
PTGS1,0.00576885
ZNF512,-0.120658
DNAJC10,-0.237657
SLC35A3,-0.39521
FBXO38,-0.036668
CSNK1A1,0.178599
ITGBL1,0.233801
CCDC120,0.520379
RCN2,0.786762
GPR176,0.35555
CIB2,0.109201
SEC11A,0.167293
TFEB,-0.0516742
RPS6KB1,-0.21677
VWA2,0.838166
USP10,0.0484072
DUOXA1,0.241804
STMN3,-0.598268
PPP1R3E,-0.452804
YOD1,-0.225658
EIF4E2,-0.211304
C1orf100,0.23424
LDLRAD1,-0.973452
KPNB1,0.0697202
NR5A2,0.505172
PSG4,4.74721
SDHD,-0.587054
CCDC12,0.123727
CIB1,0.165811
CCNT1,-0.807085
LPAR4,0.149769
ENG,1.13973
SDHC,-0.242667
LMCD1,0.0329374
PTPN5,0.534228
ZFAND5,-0.432491
PIP5K1B,0.250876
MS4A13,-0.720647
MPP2,-0.396743
PKD1L2,-0.448841
MDM2,0.622682
ADORA2A,-0.287685
PCDH1,0.879407
UMOD,3.44787
IL20RA,-1.77143
ELN,-0.141991
DPF3,0.130198
ZNF281,-0.523443
ZNHIT3,0.0465286
FSD2,-0.829345
YAP1,0.193606
SSH2,-0.312782
CLPTM1,0.167679
PPP2R5E,-0.233436
CDKL1,-1.55919
SLC26A7,-2.57712
IDH1,0.620671
ZNF2,-0.340274
MIXL1,0.142049
GNA13,-0.415082
PNMA3,-0.797708
EYA3,-0.814912
PTGES3,-0.0433106
BEST3,0.529413
SUSD1,1.04128
KCTD17,0.808503
SECISBP2,-0.223781
FAM107B,-0.770998
ARMC3,-2.27315
HEY1,0.812317
CCNY,-0.145368
POLR3H,-0.376137
OPRK1,-2.68486
ABI2,-0.0325244
LRRTM4,1.24076
TLE3,0.34431
TRIB1,-0.342936
NAPB,-0.319741
USP25,-0.0640937
USP8,-0.344976
DCAF5,-0.18294
MED6,-0.160516
MAP3K9,-0.50506
HECTD2,-0.0197286
INPP5J,-0.429398
POLM,-0.108383
NDUFB8,0.145638
LRRC28,-0.0874351
MYRIP,-0.459725
UTP15,-0.210086
RCAN1,-1.67663
PDXDC1,0.0309086
OPRM1,-1.33684
CNN3,0.413202
TUBGCP3,-0.171671
SUMO3,-0.0852037
RNGTT,-0.287542
ARHGAP11A,0.144432
TMEM14B,-0.447309
PIF1,-0.632684
SLC35B2,0.264266
CENPW,0.153365
NUMA1,0.202659
SLC45A4,-0.494469
TMEM68,0.309729
ANTXR2,-0.424619
CBR1,-0.165638
SPATA13,-1.29352
KLF5,0.000417389
FARP1,0.377096
SLC35D2,-0.620701
GLIPR2,-0.313009
RPS6KC1,-0.407087
CDC25B,0.685868
DCAKD,0.243387
UBN1,-0.000750185
CTNND2,0.402804
ELP4,-0.50372
DNM1,-0.342296
ZNF585A,-0.562286
ACSF2,-0.783603
ADAM12,2.59666
C18orf54,-0.170299
LAIR1,0.259622
IFNAR2,0.419803
SMARCA2,-0.801799
ARHGEF3,-0.353526
DLD,-0.303124
ERBB2,0.636554
BAZ2B,0.0384908
CECR2,-2.54509
EI24,0.226836
SCAMP1,0.010583
ASB15,-0.0520822
AGPAT5,0.290835
ACER3,-0.16199
NIPSNAP3B,0.132877
IL26,0.696382
LAPTM4B,0.0403659
CHST11,0.963436
BDP1,-0.404924
PAG1,-0.0864291
CAND1,0.280181
PPP2R2D,-0.0942833
DDX43,-0.94099
WDR4,-0.270467
ACSS2,-0.0551074
ZC4H2,-0.413263
CMAS,0.0710499
PRDM5,-0.849855
MYO5C,-0.297957
CLN8,0.00229989
GPR27,0.36601
SSH1,0.18547
MRPL50,-0.104902
GNL3L,-0.690195
SGTB,-0.257909
ZKSCAN4,-0.159254
UBFD1,0.44302
GPCPD1,0.526574
C21orf62,-0.833812
KCNQ5,-0.613208
RPRM,-0.634904
ACRV1,-0.145376
FSTL5,-1.44345
IFNK,-0.15119
TUFT1,-0.948358
PAPOLB,-2.50478
SEMA3G,0.176192
LHX9,4.48451
OTUD7B,-0.0286177
INCENP,-0.626377
CTNNBIP1,-0.0600183
ARRB1,0.143031
MNT,0.302927
ACVR1B,-0.141638
SLC24A2,1.32676
NKIRAS1,-0.162654
COL8A1,1.45243
ENTPD7,-0.324045
GOPC,-0.336533
JPH2,0.404029
PAIP2B,-0.757232
NHSL1,0.729118
ABO,-0.498139
GALNT1,-0.0901723
ADCY2,0.481573
TWSG1,0.0591429
RHOJ,-0.416889
C3orf14,-0.197492
AMIGO1,-0.281404
ERMN,-0.710394
ZNF490,-0.0721207
USP31,0.256059
ESYT2,-0.664652
HEG1,0.41807
XPO5,0.184622
COG6,-0.214511
MIB1,-0.00569748
SYT4,-2.48208
TXNDC16,-0.651044
IGSF9,1.19732
TRMT5,-0.347015
SYT13,0.187562
ZFP28,-0.326533
SHROOM3,0.247427
STIM2,0.213915
DHX36,-0.313421
DPP10,2.26676
ZNF530,-0.309945
ZFP14,-0.195629
WNK3,-1.00934
USP37,-0.185205
CPNE5,-0.167251
ZNF529,-0.139051
PPP4R4,-0.289075
NCOA5,-0.334927
ZNF250,-0.208501
NMT1,0.146128
ZNF8,0.0104571
RPL41,0.0132352
SEZ6L,1.1425
DLG3,0.0979497
TRIB3,1.55724
NEUROD4,-1.45703
PLEKHB1,-0.234188
OSTC,-0.0490724
RRAGD,-0.248125
HRH4,0.924665
SENP2,-0.234446
FCGR2A,1.04112
TRIB2,0.705926
TSPYL4,-0.268835
BACH2,-0.422532
CCDC81,-1.35551
SPCS3,-0.352807
PROK2,-1.06621
ZFAND3,-0.0594846
MS4A1,-2.1324
PPP1R11,-0.0957418
NAP1L2,-0.481869
PGM5,-1.30598
TMSB15A,-0.705998
ZNF711,-0.49082
CSNK1G1,-0.567759
EGLN1,-0.103396
ABHD4,0.0884239
HEATR6,0.139984
TSPYL2,-0.316296
NPVF,-1.94227
BIRC7,6.01154
XYLT1,-0.311674
TCTA,-0.466945
AKTIP,-0.0285826
NDRG3,0.223986
MFSD1,-0.25885
CRTC3,-0.349273
GINS3,0.163748
NMNAT1,-0.421783
UCP3,-0.406576
MAP1LC3B,0.132221
KLC2,0.369387
DCLRE1B,-0.00774418
MRPS11,-0.284261
PCDH20,2.53915
CBFB,0.464769
PAPOLG,-0.506336
CASD1,0.0163609
JMJD4,0.00255532
UPF3B,-0.426692
DNAI2,-1.3039
FOXL2,0.633395
ZSWIM4,0.534867
HOXB8,-0.0250095
METRN,0.00622893
TMEM106C,0.121764
SPATA5L1,-0.207607
PRRG4,0.408438
TMEM109,-0.319892
SLC25A23,-0.406316
DERL1,0.343162
CHCHD7,0.0547441
PRR15L,-1.03035
CENPO,-0.251251
ZNF557,-0.255621
DSC2,1.17197
DSC3,4.06001
HOXD1,4.96685
HIVEP3,-0.590861
ULBP3,0.22671
MPZL1,-0.205784
CHMP6,0.350153
C3orf52,-1.37841
SAP30L,-0.48258
NAA35,-0.265281
STEAP4,1.04387
VPS37B,-0.505953
LIN28A,-0.180603
BBS10,-0.154587
C1orf115,1.32158
KLHL36,0.00269695
SHCBP1,-0.570034
VASH2,0.170671
NIPAL2,0.341592
GEMIN6,0.0498485
AGBL2,-0.514184
EPHX3,2.81164
SNX22,1.25853
CCDC134,-0.151056
GGNBP2,0.0195722
SYNPO2L,0.243082
SCD5,0.610246
FBXO17,-1.17742
ZNF556,0.14971
PGAP1,-0.0473723
VCPIP1,-0.0970676
SIKE1,-0.312182
EDC3,0.0990309
HKDC1,-1.452
OPA3,-0.0948821
RAB11FIP1,0.39383
SLC35F5,-0.274127
PDGFD,0.176256
PUS1,0.188306
TNKS2,-0.245386
TTYH3,0.341175
ZNF436,-0.101766
DDHD1,0.0130949
SETD7,0.20409
PRRT1,0.417487
PTPRO,0.85392
ZEB1,-0.551815
SLC25A32,-0.313443
SGPP1,0.467097
MRPS26,0.0242264
MAP4,0.500335
ZNF696,-0.258719
NIPA2,0.080273
ADAMTS12,1.02885
PLVAP,0.614428
GABARAPL1,-0.470319
MFRP,0.843047
TMEM47,-0.931261
IRAK3,-0.272459
ITPK1,0.587226
NEURL1B,0.975934
CALCOCO1,0.346217
PHYHIPL,0.283739
SLC25A39,0.191975
PPHLN1,0.186368
PLEKHA5,0.343508
CCDC68,-0.508792
TCHP,-0.223096
EFCAB2,-0.693852
ASAH2,1.42106
SEC14L1,0.284562
TMEM25,0.0872131
ZNF772,-0.256469
CHORDC1,-0.362978
MYBL1,-0.928574
EXPH5,0.16254
RPUSD4,-0.0191974
IMPA1,-0.594504
ZNF814,-0.129236
C2orf72,0.331685
GPN1,0.14809
ZNF619,-0.580251
HHLA1,1.42938
UBE2QL1,2.50339
DSN1,0.218114
ZBTB22,-0.134007
OTUD1,0.299576
TEF,0.112857
MPPED2,-2.34187
TYW1B,-0.447183
ARHGEF33,-1.11291
YIF1B,0.408076
SCRN1,0.383254
RBM17,0.195036
GPSM1,0.847815
CTAGE9,-0.670645
GATA2,0.237768
GLG1,-0.020919
SH2D4B,-1.48352
MYH14,0.559721
PROM1,-2.14664
PARP9,0.770753
AVPR2,0.0583447
ZDHHC15,-0.313
TMEM64,-0.499533
ANKRD34C,-0.891064
KDM4C,-0.0913355
ANK3,-0.956493
CCDC42,0.5081
SLC27A2,0.940731
CANT1,0.480465
FLT1,0.440989
NOS3,0.975766
MGAT4A,-0.0121028
SYT3,0.393743
MAFF,-0.809743
PPP2R5C,-0.185442
MYO1B,0.680162
FAM135A,-0.268212
SYNRG,-0.115413
FLNB,-0.373292
FAM180B,-3.20205
THEMIS,-1.14234
PTAFR,0.274375
ASPH,-0.820053
BIRC3,-0.323003
TADA2A,-0.499247
NDUFS2,-0.0570102
FHIT,-0.529727
SSX2IP,-0.0873273
SENP8,-0.67538
RAB35,0.0447368
RHBDD1,-0.213012
MTX3,-0.256157
ABL2,0.196738
ME2,-0.030039
AQP7,0.40534
C4orf3,-0.170299
CDK16,0.443164
IQSEC3,1.82045
IGSF1,4.61386
GBA,-0.055508
FNDC5,0.183592
VANGL1,-1.06518
BAG1,0.156419
PEG10,0.361574
CELF6,-0.43682
TSFM,-0.0219695
DPY19L3,-0.689393
TFCP2,-0.601986
SHISA6,3.36845
PCDH7,0.626587
TRPV4,0.387634
ADIPOQ,-2.09287
PCSK1,-1.61753
STX3,0.736524
SYNJ2,0.012331
CD19,-2.3082
PTH1R,-0.1371
CLTA,0.700686
ODF2L,0.125073
NDUFA2,0.0573667
FMR1,0.141636
PCSK5,0.781247
RAB33A,-0.467901
POLR2D,-0.0610205
FAM189A2,-0.891342
ARHGEF6,-0.356901
PCYT1B,1.69705
ONECUT2,-0.116109
SPTLC2,0.159718
SEC22B,-0.213399
CALB1,-1.35311
CDH6,3.09283
DOCK3,0.547485
EIF4G1,0.0658849
NR5A1,0.243849
KCNA2,-1.50062
KCNB1,-0.892937
KCNJ9,0.187456
KRAS,-0.0925308
ATXN3,-0.133085
NDUFA9,0.0684293
NUCB2,-0.648815
ABCD4,0.164464
RORC,-0.677961
TRIM25,-0.331588
OXSR1,-0.232669
SLC23A2,-0.517997
CLEC2B,0.392817
PPP4R1,0.326667
ABL1,-0.215831
CDX4,1.55196
FOXN3,-0.265669
CHRNG,0.140814
DIAPH1,0.144333
ARID3A,0.240458
FER,-0.593452
GFI1,-0.730397
FFAR1,2.27258
SMAD4,-0.408471
RAB8A,0.0384811
NKTR,-0.231545
PDCL,-0.0889941
PTPN14,-0.233303
ROCK1,0.0863408
SIX3,-0.0735486
SULT1E1,-0.218224
CCDC6,-0.0727511
SH2B3,0.383726
AP1M2,0.54672
MLANA,-0.71741
HLA-E,-0.0596119
IDH3A,-0.0984684
IL12RB1,-0.401908
INHBC,-1.22464
INPP5D,0.201945
KIFC3,0.198965
KRT6A,6.62123
LAMC2,1.29181
LCP2,0.111836
POU3F2,0.0285026
RGS4,1.92689
SDCBP,-0.558924
TAF4B,-0.577103
VDAC3,-0.557871
MKRN3,0.048509
DGCR6,1.22659
GPR52,0.057345
SCAMP2,0.104057
RAD50,-0.149739
ACTR1A,0.275979
ARIH1,-0.123999
ATP6AP2,-0.261458
RBM5,-0.0586349
TXNDC9,0.156814
RNF41,-0.0973978
CALCRL,0.39441
NUTF2,0.261041
OLIG2,1.84945
HNRNPR,-0.15769
DCAF7,0.0530933
SRRM1,-0.198464
CDK2AP2,-0.20877
PURA,-0.344399
FSTL3,1.6207
CD5L,0.612802
CAPRIN1,0.0900641
MAP3K4,-0.510191
MMP16,2.88265
SPRR2A,2.67335
UQCRFS1,-0.227299
ZBTB16,-1.93801
HS3ST4,2.00058
SIRPB1,0.449075
TRDN,0.0794314
RAPGEF3,0.669788
NEFL,2.40168
NKX6-1,-0.240178
NRGN,1.07403
PDE6C,-0.0643412
PDE6H,0.251917
SERPINI2,-1.02572
PLCL1,-0.952005
PRKAA2,-0.676308
PRKAB1,0.303071
PKN2,-0.41352
PRPH,1.48377
TAF10,0.487461
ARIH2,-0.135909
ZNHIT1,0.223664
VTI1B,-0.120857
CHERP,-0.0117822
IPO7,0.130526
NEDD9,0.0292253
AGPAT2,0.736795
GNLY,2.02025
PRPF8,-0.125136
MXD4,0.139293
POLR3G,-0.132228
ALX3,-0.148922
MCAM,1.22319
POLH,0.190888
SLC16A2,-1.21166
GLRA3,-0.505243
CACNG3,-0.182756
POLD3,-0.0868371
NFAT5,-0.199669
MAP3K2,-0.40599
KIF1C,0.0100056
ARPP19,-0.0751442
WASF3,-1.4852
CPLX2,0.87825
FGL2,-1.39923
SPIN1,-0.124588
DNAJB2,0.0570629
RBM3,0.174124
RBP4,1.12195
SURF6,0.0127593
SYPL1,-0.522843
LZTR1,-0.0445853
WDR3,-0.211722
HNRNPA0,-0.0408182
SEC61B,-0.237256
PSMF1,0.0546473
MLLT11,1.29556
METAP2,-0.00519578
SPINK5,-0.912018
GLIPR1,-0.884547
DSTN,-0.545712
MYO9A,-1.07114
SOX12,0.346955
ZNF24,-0.289464
ZBTB25,-0.487252
ADAMTS1,-0.321567
RASA4,0.626748
NPM3,0.344953
TPPP,-2.29304
TRIOBP,0.102781
PTPN21,-0.633467
RPP14,-0.502191
FAF1,0.376034
CAPN11,1.70414
CDC37,0.202098
TCHH,0.939281
TRH,1.15335
USF1,0.290473
VPREB1,-1.46697
ZNF80,-1.38665
ZXDB,-0.595149
PRSS23,2.44897
NISCH,0.0123899
CEP250,-0.0388666
ABCF2,0.231281
NXPH3,-0.172005
SLC6A14,3.81972
CTRC,3.1291
ACOX1,0.347851
RANBP3,0.285136
NCBP2,0.0793113
SIM2,-0.168709
LGALS9,0.374362
ATP1B4,0.93218
CD93,0.704959
ADAT1,-0.24216
ARL2BP,-0.050928
CD2AP,0.0879734
FZD4,-0.155941
RABGAP1,-0.532018
RHOQ,0.0324144
HEY2,2.12124
TLK1,-0.1468
GAB2,0.887532
KPNA6,0.159147
SLC39A6,0.165161
LSM4,0.282601
MMD,0.106347
MYCBP,-0.114951
NARF,0.0978685
GTPBP4,-0.0812589
OR1C1,-1.49615
OR2A5,-1.66086
NUPR1,-0.784914
PHLDA3,1.94041
SERPINB13,1.15983
ICMT,0.199819
SF3B3,0.139958
PSD4,-0.15056
TLL2,0.0982753
PPP2R3B,0.286676
VPS4A,-0.141028
RBM15B,0.070209
ST8SIA5,0.999734
SNX15,-0.163107
SLC30A4,-0.929009
SNX11,-0.470251
PCDHB1,-0.488817
OLA1,0.179508
ZDHHC8,0.182172
AK2,-0.00136797
KCNIP3,-1.09316
NCKAP1,0.143539
LRP12,0.229241
CLIC4,0.420544
DCPS,0.0463756
MCTS1,0.0344278
MAGEH1,-0.729868
ARMC8,-0.368739
NDUFAF4,-0.325318
MRPL22,0.0860564
KCNK2,-2.22839
EIF1AX,-0.2938
EN1,1.91979
EN2,-1.55836
FABP5,-0.346462
GALR1,1.34971
GPLD1,-0.305354
GTF2I,-0.243042
NDST1,-0.0488989
IFIT2,0.844599
IL10RA,-0.281585
TNFRSF9,-0.580716
ACVR2A,0.00653784
AMPH,-0.315373
APEH,0.181511
APOD,-2.14506
ARVCF,-0.180621
FXYD2,-0.408141
ATP2B4,0.153343
ATP6V1C1,-0.162584
BGN,0.896798
BMP6,0.386373
POLR3D,0.206015
BSG,0.435125
CCND2,1.33079
CD72,-1.06959
CDC42,0.0486487
CDH2,2.92349
CDX1,-0.279547
CENPA,-0.236416
CHN1,0.273561
SLC31A1,-0.128888
COX5B,0.0490869
ATF2,-0.750883
CSNK1E,0.51937
CTSD,0.823427
DDB1,0.149109
DLST,0.0911772
DR1,0.0945285
EGR1,-1.80528
ENPEP,0.726759
FKBP4,-0.441782
FRK,-0.401557
KDSR,-0.166682
GATA4,-2.22412
GFPT1,-0.086199
GCLM,-0.227663
GNAI2,0.436291
GOLGA1,-0.507824
GRB2,0.071063
GYPB,0.235381
HSPA4,0.100114
IDH2,0.355011
IHH,0.175362
IL13,-0.524447
INHBA,0.633714
INHBB,1.72586
INSL4,0.333294
KCNJ3,3.06229
KCNJ6,0.665441
KCNJ10,-0.0761656
KCNJ13,-1.68463
KCNS1,-0.0708863
KIFC1,0.0393368
KPNA1,0.181489
KPNA3,-0.182696
KPNA4,-0.0888295
KRT32,2.18386
LAMP2,0.304396
LIFR,-2.04675
LRP3,-0.139778
MAFG,-0.463033
MATN1,4.74894
CXCL9,-0.400974
MMP3,3.56939
MRC1,0.840134
MSR1,0.773299
NDUFA4,0.163167
NDUFS4,-0.0790247
NKX2-2,-1.24984
OR3A2,0.630249
P2RX7,0.24269
PEBP1,-0.410059
PAWR,-0.0911747
PBX1,-0.216054
CDK17,0.109745
PDE4B,-0.840186
SERPINB8,0.383636
PLAG1,1.98449
PLD2,0.249344
PLGLB2,-0.43646
POLR2G,-0.0959164
PPP6C,-0.295761
PRKCI,-0.175293
PSAP,0.371755
PSD,1.82812
PTBP1,0.0143212
PTMA,0.0686036
QSOX1,1.49931
RAD1,0.0334229
RALB,0.317536
RDH5,3.86964
RFNG,0.20994
RGS1,-0.63932
RGS2,-1.28464
RPA2,-0.0214094
SAFB,-0.0529559
SCN7A,-0.340119
CCL4,-0.989043
SKI,-0.29514
SLC2A5,-0.364984
SLC6A6,0.734082
SLC7A1,-0.259334
SNCG,1.26607
SOX4,1.67062
SP2,-0.427049
SP3,-0.447185
SPN,-0.147954
SPTBN1,-0.789048
SRP14,0.102515
STAC,3.35972
SYK,-0.575733
SYP,-1.30822
SYT5,1.79135
TCF12,-0.241119
TIAL1,-0.176126
TLR3,-0.903289
TLR4,-0.144651
TLR5,0.0364747
TSPYL1,-0.105434
UBE2G1,0.0801029
USP1,-0.278004
VLDLR,-0.894214
WNT9A,-0.718029
YY1,0.0866566
YWHAB,0.099808
ZNF134,-0.374411
ZNF207,0.124044
PAX8,-0.717442
TAF15,0.0436648
SYN3,-0.304841
PIP4K2B,0.154251
TTF2,-0.316419
SUPT3H,0.113344
SMARCA5,-0.132789
RAE1,-0.00126476
CILP,0.659256
PPM1D,-0.245043
ITGA10,0.66953
GCM1,-1.30884
CHST1,-0.15856
BARX2,-1.16814
MAPKAPK5,0.0279805
THOC5,0.719015
KHSRP,-0.0335569
CDK13,-0.287058
RNASET2,-0.817309
EIF3A,-0.0845324
EIF3H,0.142746
STX11,-1.26137
HRK,2.26497
SNAP23,0.216844
NAPA,-0.0236966
DLK1,3.19901
FPGT,-0.643749
CFLAR,-0.366285
SGPL1,0.338206
FUBP1,-0.193454
MBD2,-0.318572
SKAP2,-0.146513
ATP6V0E1,-0.0744335
BRSK2,-1.91358
RNF8,-0.0705007
PAX2,3.47381
KITLG,-0.190049
NFKB1,-0.160608
INPP4A,0.630212
CA8,1.52063
CAPS,0.396157
EFNB2,0.751564
FEN1,0.273593
HABP2,0.352461
HSPA9,-0.0818867
IREB2,-0.48343
KCNMB1,0.875258
SLC1A1,-0.984441
SLC7A4,3.09224
SOX14,4.25014
MED17,0.197495
RAB3D,0.622133
GTPBP1,0.114399
OSGIN2,0.193002
RUNX3,-1.07229
CBLN1,3.99674
CCNG2,-0.0307986
COL12A1,0.595697
CREBBP,-0.365327
CSK,0.0514992
CYP8B1,-1.8224
DAP,0.305461
DDX10,-0.14754
TRDMT1,-0.540384
DVL1,1.00212
ELAVL2,0.078767
EPHB1,-2.09423
ACSL4,0.189432
FOXA1,1.63848
ONECUT1,1.1353
FOXK2,0.283822
NCAM2,-0.0166401
PEX14,0.292715
PFKFB3,0.263937
SCN2B,0.709126
SCO1,-0.301065
TCF15,0.921469
BAP1,-0.0788277
RABEP1,-0.130301
BUB3,-0.00380465
SLC33A1,-0.851102
CD59,0.562582
HDLBP,-0.105587
SHC4,1.50749
E2F7,1.35263
MBLAC1,-0.363089
KRTAP26-1,2.54596
ASCL4,0.278659
PSD3,1.90421
ENSA,-0.240743
ERICH1,-0.367625
GADL1,0.10866
GPR153,1.00494
TNFAIP8L3,-1.28161
RGS9BP,-0.838237
XKR5,2.84448
C1QTNF8,0.0784232
FAM174B,0.109485
DEF8,0.438018
ADAMTSL3,-0.0880779
MAP6,-0.622249
C11orf87,-1.76362
ARL4A,-0.729436
PLA2G4F,-1.18453
S100A14,0.676616
ZDHHC23,-0.619195
HSPBAP1,-0.275913
MYO10,-0.743222
SYNCRIP,-0.465572
KIAA2026,-0.241792
MUSK,-2.52373
ZNF592,0.0126866
PDCD5,0.138953
DOT1L,-0.432906
C19orf38,-0.195939
ARMC6,-0.137923
SLCO4A1,1.63174
CSF2RB,-0.174497
AMMECR1L,-0.25987
FNDC4,2.54192
UBE2E1,0.14032
C14orf93,-0.0772276
PPIF,-0.427432
SEC23IP,-0.284327
PPIH,-0.0998787
CYP4A22,1.83471
GINS4,-0.00787838
MACROD1,0.0932625
PDPN,-0.76552
FKBP15,0.0483143
INPP5F,0.500598
RAD51C,-0.206964
ACTN4,0.625495
TRAF3IP3,-1.09918
RSAD2,0.688354
FMNL2,0.448333
AP1S3,-0.933752
RGPD6,-0.106918
TTC23L,-1.09015
MKRN1,0.0344071
MAGI2,-0.971064
SDC2,-1.04692
TP53I11,0.266984
RAD51,0.21994
PLEKHG4,1.35542
HNF1B,4.62497
CDH19,-1.70614
RDH13,-0.428375
TTC38,0.169188
SLC3A1,-0.12481
ACTR8,-0.0349413
CSMD1,3.63305
SLC22A16,1.37547
SLC36A1,0.25868
AGTRAP,0.669738
DMRTA2,-1.32499
CHEK1,0.235562
ARSB,0.369423
FAM167A,-1.71054
USP35,0.50292
INTS4,0.0459254
BCL7C,0.454084
TDRKH,0.514554
KCND3,-1.53924
CAPN8,3.70682
RSBN1,-0.331553
PLEKHM3,-0.69371
SERPINE2,0.532645
LIPH,5.91845
LRIT3,-0.608001
SH3RF2,-0.546624
GRM1,-1.06218
RBPMS,0.0771777
C2orf88,-0.461078
ATPAF1,0.10728
RARG,1.02212
SLC6A4,-1.14911
SRD5A1,0.462776
NTM,2.84263
TACR2,-0.506546
TUBG1,0.559945
CDC14B,-1.07721
SLC25A45,-0.636835
GRIA4,-1.13034
KLK10,6.28921
ALG9,-0.0590507
VCAM1,-0.41078
ASAH2B,-0.303692
INSR,1.05537
GJC1,1.35945
PROX2,-0.0750431
UNK,-0.095407
GRIP2,-0.292076
ZNF697,-0.0537672
MEGF9,1.18256
CLEC2L,0.49137
CCDC150,-0.0168679
KIR2DL4,-0.207135
MYO1C,0.498269
DNLZ,0.399919
C1orf226,1.80281
ABCF1,-0.192437
FUT3,5.34062
RNF169,-0.28674
HEPHL1,-1.00242
TOX2,0.128054
IFT74,-0.358872
ULK3,0.429549
RPL22L1,0.167376
TP53TG3B,-0.323845
XRCC3,0.0473335
CENPN,-0.089298
IGLON5,1.33914
KNG1,2.5223
PNMA5,-0.188178
PCMTD2,0.0715562
WEE2,-1.03386
MSGN1,1.30477
HMX3,0.490536
TTC24,-1.51245
ACVR1C,0.375897
VAX1,3.33159
DEPDC1,-0.260844
CCR2,-0.227937
SMAD9,-1.92715
GPBP1,-0.297381
MET,2.6156
IGF2,2.55645
GABRA1,5.57069
ETFA,-0.0225956
AP1G1,-0.161975
VPS53,0.0343806
SGCD,-1.34982
RRAD,-1.0273
CYP24A1,1.68222
SYNPO2,-0.52301
PATE3,-0.19867
GSPT1,-0.122859
AP1M1,0.160032
HMGB2,-0.277588
STYX,-0.185449
RABL2B,-0.294504
TOMM5,-0.139878
PRR23C,1.6335
LRRC15,0.0431591
SLC39A8,-0.0426904
GIT2,-0.166758
PAX7,2.18622
HSF2,-0.275547
TP53INP1,0.584989
PPIAL4C,0.113111
ZNF879,-0.14182
RPL28,0.537527
ARTN,0.697968
DAZAP2,-0.301002
MFSD2A,-0.00660899
ZNF844,-0.641767
TMEM233,0.359245
GPR107,-0.28842
ANAPC7,0.0208518
BCAP31,0.189267
GPT2,-0.256743
NRIP2,-0.449817
L3MBTL2,-0.156925
CACNG8,0.72939
FRMD8,0.335698
USP26,0.833937
SYT15,-0.579337
KCTD10,-0.370172
MRPL43,0.125347
TMEM222,0.249678
DSEL,-1.1348
RNASEH2C,0.0927628
SLITRK6,1.48301
ZDHHC18,0.145254
MRI1,-0.415232
DCUN1D5,-0.212975
LLPH,-0.0568086
BRMS1L,-0.262112
CCDC115,-0.0406542
ZBED3,-0.892544
LZIC,-0.26583
WNK4,0.773121
HOOK3,0.144966
MAML2,-0.29186
BRSK1,2.1033
SPIRE2,-1.6325
JAGN1,0.258597
UNC80,-1.79571
MAK16,-0.0563564
TUBB6,0.420394
C9orf24,-1.66805
FUT10,-0.437739
TXNDC17,0.405845
JMJD1C,-0.662415
NFATC2IP,-0.0244599
ALG10,-0.318912
FIZ1,0.0608092
SPRYD3,0.220081
ABHD13,-0.256918
PRPF38A,-0.329489
TNS4,-0.0217293
RELT,0.588287
UBASH3B,-0.206555
TMEM128,0.000766594
CASP2,-0.0861254
BAD,-0.031354
ZCCHC3,-0.0621088
NEK9,-0.383808
CALD1,-0.0699777
FBXO44,0.0266973
PIGS,-0.102843
CCDC102A,0.315715
GABRG3,3.14825
PURB,-0.0531792
DGCR6L,0.165785
ADAM19,-0.373571
ADRA1A,-0.737104
VPS13A,-0.459361
CDC14A,0.364965
LHX4,-0.364244
TSPYL5,-0.535534
ZNF486,0.369072
RHPN1,0.71689
SLC26A9,-1.26833
CLNK,-0.339003
TRIM9,-0.608417
ZFP91,-0.0536343
ZNF518B,-0.443959
UNC119,-0.142037
CYP26A1,3.25349
KLHDC3,0.021274
MSL3,0.0194454
MYL1,0.767329
TCEAL2,-1.99089
COLQ,0.227191
WDR89,-0.109553
CDCA5,-0.19408
DTD1,0.379381
STK35,0.242637
COLEC12,-1.1041
KLHL6,-1.08644
TSPAN18,0.606095
ZFP90,-0.126451
ZNF483,-0.536541
CD109,2.43854
CYGB,0.101397
ZNF681,0.0102416
DTX3L,0.38364
REEP6,0.318323
MARS2,-0.183129
NOM1,-0.0782107
MRAP2,-1.23269
GLCCI1,-0.306673
KCTD12,0.511325
ARL11,0.473343
GTPBP8,0.0681695
ATXN7L1,-0.887637
DDX31,-0.64965
TMC1,1.01477
GNAO1,0.902997
MYEOV,0.0547494
CMBL,-0.398844
MSI2,-0.194996
AMPD2,0.124285
STARD4,-0.712387
DAGLB,0.0943818
MAPK1IP1L,-0.285999
TBC1D20,-0.0168055
TMEM42,-0.0278185
CAPSL,-1.2406
SESN3,-1.29788
TMED6,-0.454486
HIPK4,0.824485
ZNF582,-0.381571
CCDC13,-0.996898
ZMAT2,0.0412994
CRYGN,0.814628
FAM91A1,-0.033823
ZFC3H1,-0.221726
ALG14,-0.0499455
DIRAS1,1.43367
VTI1A,-0.209455
MRPL30,-0.100324
DDIT4L,-0.719468
TMEM170A,-0.194876
SPATA18,1.94571
NUDCD2,-0.0404885
APOL4,0.49058
ACBD5,-0.309348
TIGD1,-0.246932
TIGD2,0.217086
GSTA1,2.90261
ANKS4B,0.197574
SLC5A8,-2.29277
ALS2CL,0.596385
ZMAT3,1.71224
CLRN3,3.37009
MYOM3,2.11397
UBXN10,-0.15285
JMY,-0.0306091
HGSNAT,0.301668
ARHGAP42,0.237786
GLIPR1L2,-1.09701
IGF1R,-0.00117864
IGF2BP2,1.89328
SSR1,-0.281141
TPD52L1,1.80493
CLNS1A,0.0363173
CHN2,0.640081
TUBB,0.0874573
ALDH1A3,2.77605
ATP6V0B,0.125354
MTMR12,0.0436726
CCR1,0.727436
UGT2B4,3.5962
ZNF461,-0.327989
KIF3A,0.172204
KRT78,1.71898
MRPL2,0.00925908
ZNF426,-0.557677
VSTM2A,-3.48199
EYA4,-0.670605
ZBTB44,-0.319714
ISCU,0.540879
ZNF202,-0.0410676
HIP1R,0.505736
GAS2L3,0.338885
MYO1D,0.544275
SLC25A18,0.0699961
TMEM132E,1.10114
CCDC25,-0.210219
RSPRY1,-0.141263
RNF43,0.414269
ARID3B,-0.357119
TGFA,2.57917
MYLK3,0.044497
AGAP3,0.192035
ALG10B,-0.278894
VRK3,-0.278982
PCYT1A,-0.151981
ZNF510,-0.388887
FAM114A2,-0.398125
C7orf50,0.0962854
TBC1D7,0.564378
RPS6KA2,0.61612
RANBP10,-0.75704
IMP4,0.0738746
USP54,-1.0775
ACYP2,-0.0576296
BNIP2,-0.149064
GTF2A2,-0.197732
TOM1L1,-0.299536
PRKAR2A,-0.611068
ZNF432,-0.488274
ABR,1.47095
SGCZ,-1.89642
ABLIM1,-0.743428
CDKL5,-0.806168
PIAS2,-0.549229
ESR1,1.11701
HOXB3,0.235594
CACNA1S,1.22827
HMBS,0.250558
SHH,3.68123
PDX1,8.34555
KCNE1,0.61491
NCF1,-0.931102
PHKG2,0.446312
PEX2,-0.265531
RB1,0.114464
THBD,-0.531025
TIMP3,-0.571182
CHM,-0.208479
CTSK,0.137379
MAT1A,-0.896775
MYL2,-1.14854
NEU1,0.529604
APOA4,1.1132
MPZ,-0.0988809
CNTF,-0.215168
CD4,0.30809
NOS1,-1.8754
SOD2,0.0592863
FASLG,-0.365875
SELL,-1.01942
ADORA3,0.810399
ALDH1B1,-1.03796
AVPR1A,-2.43335
AVPR1B,0.735734
CACNB1,1.53457
CHRNA2,1.50501
CHRNA4,-1.47121
CHRNB2,-0.686019
GABRA3,2.55378
GAD1,1.08545
GSTA2,0.400269
GSTM4,-0.345173
HPGD,0.129586
HTR1D,2.21995
IL1R1,-0.260138
IL7,-0.74719
KCNJ5,0.493633
PDE3A,-0.41041
POLR2A,-0.0113209
PPIB,-0.043021
PPP3R1,0.034869
PTGFR,-1.98881
RPL11,-0.0208376
RPL23,0.174477
RPL23A,0.0596438
RPL37A,0.246094
RPL38,0.199977
CD36,-0.589756
LEMD1,3.11862
GALK2,-0.389658
SPOPL,-0.210908
ASTL,1.31117
HMGXB4,-0.0177939
TMEM200B,-0.241809
RREB1,-0.505603
ERLIN2,-0.510423
SLC6A19,0.665682
EVI2A,-0.502198
TUSC1,-0.603973
NRARP,0.856092
OR1L8,-0.562855
OR2AG1,1.92151
OR2L3,-1.08346
OR14I1,0.39853
OR8A1,1.27506
OR2A7,-0.60877
ZNF780B,-0.397966
IP6K1,-0.114663
WDR33,-0.092083
ALG8,0.0786449
GP2,-1.22005
LMBRD2,-0.693171
IGFBPL1,-2.75315
C18orf25,-0.220212
TAGLN3,2.77741
CISD2,-0.266379
WDHD1,0.675631
ZNF121,-0.353969
FNIP1,-0.144405
CKAP5,0.167403
PPP2CB,-0.374972
BRD9,0.104937
C12orf29,-0.32359
PM20D2,-0.336697
TMEM201,-0.367164
GLYATL3,1.48008
MUC21,6.31115
GOLGA7B,1.9183
HES5,1.38066
RAP1A,-0.021991
IFIT1B,-0.629657
PNLIPRP3,-0.139502
SPIN4,-0.143255
PLAC9,-1.03632
RNASE10,2.84142
PABPC1L2A,-1.44363
ZKSCAN2,-0.257914
SNX30,0.575509
FAM53A,-0.645353
TRNP1,1.04691
C2orf68,0.0451989
SPRR2F,1.22323
TSC22D3,-0.961065
ALDH18A1,-0.252099
SERBP1,-0.103736
MYADM,-1.17953
GOLGA8B,0.734616
IQCB1,0.0446519
C1orf53,-0.221267
FNBP1L,-0.0910939
RPS23,-0.000805265
MBP,-0.173284
ARHGAP24,-1.76335
SLC35F1,1.02413
RSPO4,2.35228
RPS29,0.0602193
KLK3,-1.44973
SAMD5,-1.47304
RPS28,0.568203
NT5DC3,0.447705
RAB40AL,-0.114213
WIPI2,0.0586314
CALCA,-2.5037
ITPRIPL2,0.64355
C18orf32,-0.00229239
UNKL,-0.138306
NCKAP5L,0.0842837
DIXDC1,-0.868337
MRGPRE,1.05176
GK5,0.217831
ZDHHC19,-0.455085
FAM83G,0.0519985
PALM,1.83296
SLAIN1,-0.453001
DCUN1D4,-0.416056
NCALD,-0.0972557
SYPL2,-0.539659
G6PD,0.116767
