id,logFC,type,logic,pathway
MIMAT0000076,1.4834,miR,,
MIMAT0000089,1.49095,miR,,
MIMAT0000232,-1.43493,miR,,
MIMAT0000252,-2.56718,miR,,
MIMAT0000255,1.91218,miR,,
MIMAT0000262,1.44197,miR,,
MIMAT0000263,-2.52597,miR,,
MIMAT0000265,-2.92486,miR,,
MIMAT0000271,-1.42539,miR,,
MIMAT0000278,2.87209,miR,,
MIMAT0000279,2.66827,miR,,
MIMAT0000430,-1.74416,miR,,
MIMAT0000436,-2.23477,miR,,
MIMAT0000441,-2.30199,miR,,
MIMAT0000461,-1.41384,miR,,
MIMAT0000707,-1.6235,miR,,
MIMAT0000728,2.38298,miR,,
MIMAT0000733,-1.70044,miR,,
MIMAT0001413,-1.42071,miR,,
MIMAT0001631,-2.64329,miR,,
MIMAT0002177,-2.68959,miR,,
MIMAT0002809,4.77846,miR,,
MIMAT0003233,3.11424,miR,,
MIMAT0003322,-1.42782,miR,,
MIMAT0004563,-1.43438,miR,,
MIMAT0004766,4.9077,miR,,
MIMAT0005824,-2.23051,miR,,
MIMAT0005899,-1.58159,miR,,
MIMAT0004501,-1.40305,miR,,
MIMAT0004504,1.61385,miR,,
MIMAT0004554,-2.05563,miR,,
MIMAT0004568,1.99246,miR,,
MIMAT0004600,-2.63332,miR,,
MIMAT0004607,-1.62838,miR,,
MIMAT0006790,-1.57319,miR,,
CREB5,1.06812,mRNA,,
SETD1B,-0.235105,mRNA,,
RORA,-0.500954,mRNA,,
GRIN2B,-0.0181727,mRNA,,
ATXN1,-0.304866,mRNA,,
TCF20,-0.192239,mRNA,,
EFHD2,1.06069,mRNA,,
TPM3,0.297344,mRNA,,
ERGIC1,0.080709,mRNA,,
ATP6V1A,0.218256,mRNA,,
CSNK2A1,-0.119569,mRNA,,
PEX5L,-0.974857,mRNA,,
SLC46A1,-0.576687,mRNA,,
CYBRD1,-0.984736,mRNA,,
GNA13,-0.374688,mRNA,,
PAG1,-0.132284,mRNA,,
MECP2,-0.152147,mRNA,,
IGFBP4,0.394432,mRNA,,
YY1,0.0730484,mRNA,,
RSBN1,-0.335478,mRNA,,
EIF4EBP1,0.770913,mRNA,,
RHOC,0.681812,mRNA,,
DMKN,0.123481,mRNA,,
DNAJB6,-0.153397,mRNA,,
NFKB1,-0.188556,mRNA,,path:hsa04010
LNPEP,-0.73864,mRNA,,
TERT,-0.13299,mRNA,,
ZMYND11,-0.583717,mRNA,,
EID1,-0.045616,mRNA,,
YAP1,0.18203,mRNA,,
MXD1,-0.634627,mRNA,,
MEAF6,0.700487,mRNA,,
IGF2BP1,-0.481746,mRNA,,
BLCAP,0.067025,mRNA,,
CELF1,-0.320911,mRNA,,
S100A1,1.6721,mRNA,,
FOXC1,-0.0852997,mRNA,,
CDH2,2.70602,mRNA,,
RPA1,-0.0625097,mRNA,,
IGLON5,0.284401,mRNA,,
CCND1,1.7233,mRNA,,
BCL11A,-1.23737,mRNA,,
ZNF426,-0.572881,mRNA,,
PHKG2,0.440011,mRNA,,
FNDC3A,-0.318555,mRNA,,
IRS1,-1.74526,mRNA,,
TEX9,-0.266962,mRNA,,
ADARB2,0.013303,mRNA,,
SMAD4,-0.408949,mRNA,,
SOD2,-0.0743014,mRNA,,
BLMH,0.110622,mRNA,,
REL,-0.678545,mRNA,,
KY,-2.35838,mRNA,,
SLC12A7,0.109422,mRNA,,
KLHDC8B,-0.249076,mRNA,,
POLR3G,-0.250757,mRNA,,
BIVM,-0.347645,mRNA,,
PTGS1,-0.0479085,mRNA,,
OLFML2A,0.00717386,mRNA,,
APOL6,0.129287,mRNA,,
RAB8A,0.0343154,mRNA,,
MAT2A,-0.696761,mRNA,,
LSM4,0.291811,mRNA,,
LIMD1,-0.38818,mRNA,,
ZNF551,-0.465638,mRNA,,
CPEB4,-0.917849,mRNA,,
GANAB,-0.0798684,mRNA,,
GK5,0.100351,mRNA,,
USP48,-0.207679,mRNA,,
LIMD2,0.201151,mRNA,,
TMEM167A,-0.22301,mRNA,,
RUFY2,-0.243331,mRNA,,
ZNRF3,0.0171901,mRNA,,
ARL8A,0.235999,mRNA,,
TMPRSS5,0.450785,mRNA,,
PMAIP1,1.48461,mRNA,,
PPP1R11,-0.10231,mRNA,,
KCTD15,-0.803506,mRNA,,
CCDC6,-0.0969515,mRNA,,
AKAP8,-0.319262,mRNA,,
NOVA1,0.0562911,mRNA,,
TRAF6,-0.910971,mRNA,,path:hsa04010
GXYLT2,0.39023,mRNA,,
ZNF629,0.0890516,mRNA,,
UMPS,-0.121256,mRNA,,
MRO,-4.2408,mRNA,,
NDUFB5,-0.131519,mRNA,,
KIF21A,-0.155501,mRNA,,
SBNO1,-0.757211,mRNA,,
ACVR2A,0.00467504,mRNA,,
GPR27,0.277782,mRNA,,
TCF3,0.149205,mRNA,,
BCL2,-1.84588,mRNA,,
KANK1,-0.146906,mRNA,,
FGF2,0.712201,mRNA,,path:hsa04010
ZNF275,-0.329446,mRNA,,
TMEM135,-0.478136,mRNA,,
GOSR1,-0.185427,mRNA,,
GNB1,0.16672,mRNA,,
PLEKHA1,-0.510106,mRNA,,
AVL9,-0.266915,mRNA,,
HNRNPA2B1,-0.205353,mRNA,,
MTHFR,0.419876,mRNA,,
CHEK1,0.243649,mRNA,,
TBL1XR1,-0.145144,mRNA,,
RASEF,-0.841398,mRNA,,
TAB3,-0.326588,mRNA,,
CPNE1,0.266808,mRNA,,
LRRC57,0.0751429,mRNA,,
LSM11,-0.159387,mRNA,,
RAB3IP,-0.119455,mRNA,,
CBFA2T3,-0.35208,mRNA,,
DICER1,-0.769754,mRNA,,
SMURF1,0.131103,mRNA,,
RASSF5,0.548976,mRNA,,
GNAL,-1.57067,mRNA,,
BSG,0.380331,mRNA,,
UBE2V1,0.0149666,mRNA,,
CCDC80,-0.302732,mRNA,,
CYLD,-0.534478,mRNA,,
ZBTB34,-0.0401275,mRNA,,
SEC61A1,0.178305,mRNA,,
HEYL,0.378444,mRNA,,
TSC22D2,-0.691628,mRNA,,
CPEB3,-0.978149,mRNA,,
WIPI2,0.0483824,mRNA,,
SERBP1,-0.109249,mRNA,,
AKAP11,-0.265871,mRNA,,
CDC37L1,-0.155562,mRNA,,
STX17,-0.287543,mRNA,,
RFK,0.316133,mRNA,,
PDE4D,-0.878996,mRNA,,
BAG4,-0.196305,mRNA,,
BZW1,-0.0568027,mRNA,,
CCNE1,0.335076,mRNA,,
CCNT1,-0.986647,mRNA,,
CCNT2,-0.122915,mRNA,,
TPI1,0.0428666,mRNA,,
SHOC2,-0.269555,mRNA,,
DNAJC10,-0.269983,mRNA,,
ABCB7,0.0285856,mRNA,,
CDV3,-0.460335,mRNA,,
ETNK1,-0.230355,mRNA,,
C21orf62,-0.495075,mRNA,,
MIB1,-0.0209624,mRNA,,
TAOK1,-0.856784,mRNA,,path:hsa04010
RPRD1B,-0.510488,mRNA,,
HAUS3,-0.254557,mRNA,,
DCAF17,-0.972195,mRNA,,
GABARAPL1,-0.470857,mRNA,,
LUZP1,0.174281,mRNA,,
SMAD3,-0.162618,mRNA,,
TKTL1,-0.496051,mRNA,,
VEGFA,-0.610786,mRNA,,path:hsa04010
THRAP3,-0.087324,mRNA,,
CD180,0.171385,mRNA,,
ACTR2,-0.0236828,mRNA,,
ARIH1,-0.128138,mRNA,,
PURA,-0.360597,mRNA,,
MLLT6,-0.0162498,mRNA,,
PSKH1,-0.509574,mRNA,,
YWHAQ,-0.173826,mRNA,,
VPS4A,-0.157617,mRNA,,
RACGAP1,0.0451801,mRNA,,
VCL,0.227135,mRNA,,
SOCS5,-0.157252,mRNA,,
OCRL,-0.349218,mRNA,,
KPNA1,0.170897,mRNA,,
PAFAH1B2,-0.451969,mRNA,,
CCL4,-0.759316,mRNA,,
SNCG,0.688792,mRNA,,
CREG1,-0.376238,mRNA,,
ARHGDIA,0.201071,mRNA,,
MAP4K2,-0.265381,mRNA,,path:hsa04010
RAPH1,-0.606325,mRNA,,
MAFK,0.103718,mRNA,,
ENTPD6,0.0637025,mRNA,,
APP,-0.28577,mRNA,,
SH3BGRL2,0.0513059,mRNA,,
KATNAL1,-0.033525,mRNA,,
GNAT1,0.150711,mRNA,,
ZNF585B,-0.656865,mRNA,,
YTHDC1,-0.400138,mRNA,,
ZNF284,-0.235203,mRNA,,
TSPAN3,0.411049,mRNA,,
LIN54,-0.156043,mRNA,,
CCNL1,-0.508942,mRNA,,
FOXA2,-3.27968,mRNA,,
TFAM,-0.260676,mRNA,,
MET,2.287,mRNA,,path:hsa04010
MAPK9,-0.0238455,mRNA,,path:hsa04010
HGF,-1.41665,mRNA,,path:hsa04010
PAK4,0.0204067,mRNA,,
ZNF394,-0.0302786,mRNA,,
JAG1,0.219686,mRNA,,
CSGALNACT1,-2.26077,mRNA,,
EXTL3,0.0579028,mRNA,,
KIT,-3.29168,mRNA,,path:hsa04010
OXSR1,-0.239233,mRNA,,
HES1,0.35713,mRNA,,
POLA2,0.228019,mRNA,,
PDE11A,-2.57107,mRNA,,
ZNF846,-0.220249,mRNA,,
CHCHD4,0.0123095,mRNA,,
DDI2,-0.682184,mRNA,,
ZNF584,0.130655,mRNA,,
SLC26A2,0.231494,mRNA,,
PODXL,0.284576,mRNA,,
ADAT2,-0.637682,mRNA,,
ANKFY1,0.447459,mRNA,,
CHCHD3,-0.0219723,mRNA,,
CD44,1.18645,mRNA,,
MTA3,-0.110414,mRNA,,
TLK2,-0.208602,mRNA,,
HOXA10,0.549466,mRNA,,
ZBTB20,-0.975649,mRNA,,
CTSC,1.73915,mRNA,,
CLNK,-0.0610276,mRNA,,
NR3C1,-0.533173,mRNA,,
ENAH,0.538445,mRNA,,
LRRC55,0.111397,mRNA,,
CDH11,0.623082,mRNA,,
TCF4,-0.480974,mRNA,,
SRGAP1,-0.105088,mRNA,,
POU2F1,0.0527575,mRNA,,
TRPM3,-2.89314,mRNA,,
SYT6,0.330778,mRNA,,
ATP2B1,-0.424423,mRNA,,
CAMK2G,-0.221165,mRNA,,
PRKAR1A,0.172575,mRNA,,
RUNX2,1.83252,mRNA,,
NTRK2,-0.579938,mRNA,,path:hsa04010
WNK3,-1.20319,mRNA,,
CDH8,0.96619,mRNA,,
POU2F2,-0.400839,mRNA,,
AGAP1,0.19012,mRNA,,
IKZF2,0.769816,mRNA,,
ZNF385D,-0.646403,mRNA,,
ZNF362,0.196429,mRNA,,
PHF13,0.509872,mRNA,,
ALDH1A2,-2.02004,mRNA,,
ST3GAL1,-0.192752,mRNA,,
B4GALNT3,1.31619,mRNA,,
OPN5,0.482101,mRNA,,
ZSCAN22,-0.124949,mRNA,,
BCL9L,0.0382854,mRNA,,
GALNT10,-0.842315,mRNA,,
SFT2D2,-0.162871,mRNA,,
CREB1,-0.225102,mRNA,,
MBNL1,-0.134469,mRNA,,
SEMA4G,0.206579,mRNA,,
PTPRT,-0.651898,mRNA,,
CCR5,-0.307014,mRNA,,
MAPRE2,-0.820698,mRNA,,
SERP1,-0.294284,mRNA,,
USP47,-0.193297,mRNA,,
ZWILCH,0.082853,mRNA,,
PRLR,-0.147816,mRNA,,
ZNF48,0.302794,mRNA,,
AKAP1,-0.386706,mRNA,,
SPIB,-1.04022,mRNA,,
CDX2,-0.114291,mRNA,,
IL11,0.746771,mRNA,,
AKAP13,0.0630915,mRNA,,
DPF3,0.0340874,mRNA,,
ETF1,-0.197354,mRNA,,
AP1S1,0.69945,mRNA,,
GTDC1,-0.0898471,mRNA,,
FARP1,0.344207,mRNA,,
SYNJ2BP,-0.509453,mRNA,,
VN1R1,-0.238477,mRNA,,
BCL7A,0.356086,mRNA,,
BACH2,-0.182436,mRNA,,
MCL1,-0.32434,mRNA,,
LRRC4,1.31303,mRNA,,
WWC2,-0.248997,mRNA,,
SOST,-0.719833,mRNA,,
BDNF,0.0979117,mRNA,,path:hsa04010
USP14,-0.0537714,mRNA,,
MDFI,2.20957,mRNA,,
IPO7,0.0993138,mRNA,,
TXNIP,-0.446299,mRNA,,
ERF,0.0659652,mRNA,,
WDR3,-0.23228,mRNA,,
SERINC3,-0.0256155,mRNA,,
TPPP,-2.52717,mRNA,,
PADI2,0.619941,mRNA,,
ANGPTL2,0.484917,mRNA,,
G3BP2,-0.164374,mRNA,,
ASGR1,-1.27801,mRNA,,
GLP1R,0.4685,mRNA,,
SOX4,1.475,mRNA,,
SP1,-0.0450747,mRNA,,
SPARC,0.889242,mRNA,,
HMGA2,5.83426,mRNA,,
STC2,0.529931,mRNA,,
SGPL1,0.302913,mRNA,,
EFNB2,0.673255,mRNA,,
BMPR1A,-0.736185,mRNA,,
CDH1,-0.209127,mRNA,,
CPT1B,0.62274,mRNA,,
ATF6B,0.0612335,mRNA,,
EFNB1,0.686078,mRNA,,
MUC4,0.885534,mRNA,,
SYNGR1,-1.07067,mRNA,,
CHCHD5,0.117643,mRNA,,
SORCS2,0.381166,mRNA,,
TGFBR1,1.41878,mRNA,,path:hsa04010
SLC39A11,-0.491054,mRNA,,
PLAG1,1.77594,mRNA,,
ELOVL6,0.860822,mRNA,,
CACNG8,0.0348528,mRNA,,path:hsa04010
RAB11FIP4,0.313298,mRNA,,
CDC42,0.0454554,mRNA,,path:hsa04010
MYO18A,-0.339609,mRNA,,
IGFBP2,1.24642,mRNA,,
CYBB,0.508233,mRNA,,
IGFBP5,0.181195,mRNA,,
PPP3R1,0.0243301,mRNA,,path:hsa04010
PLCXD3,-1.28241,mRNA,,
SAMD5,-2.08512,mRNA,,
SMOC1,-1.4201,mRNA,,
WDR89,-0.119986,mRNA,,
ZNF264,-0.120856,mRNA,,
ACBD5,-0.372707,mRNA,,
GPRIN3,-0.550299,mRNA,,
FMNL3,-0.054878,mRNA,,
TRAPPC2,0.183503,mRNA,,
DCAF8,-0.0364313,mRNA,,
SH3GLB1,0.0804068,mRNA,,
GNPTAB,0.292944,mRNA,,
F2RL3,0.355607,mRNA,,
VPS53,0.0285425,mRNA,,
ITGB1,0.399105,mRNA,,
NHLRC3,-0.401846,mRNA,,
SEC16A,-0.00159994,mRNA,,
QSOX1,1.28678,mRNA,,
CNKSR3,-0.692438,mRNA,,
POFUT1,-0.43501,mRNA,,
F2RL1,0.170627,mRNA,,
SERF1A,-0.101309,mRNA,,
IQSEC1,-0.148922,mRNA,,
RABGAP1L,-0.683156,mRNA,,
WDR53,-0.128779,mRNA,,
USP28,0.0182508,mRNA,,
CAMTA1,0.190762,mRNA,,
SAMD12,0.239907,mRNA,,
KLRD1,-0.722374,mRNA,,
KIF6,-1.67824,mRNA,,
PSD3,1.80611,mRNA,,
REST,-0.399399,mRNA,,
MFSD8,-0.224817,mRNA,,
SLC12A6,-0.506494,mRNA,,
RGMB,0.061881,mRNA,,
SOCS7,-0.974509,mRNA,,
OCIAD1,-0.239476,mRNA,,
AGFG2,0.0467424,mRNA,,
TMEM67,-0.604994,mRNA,,
INPP5F,0.42457,mRNA,,
WAC,-0.395874,mRNA,,
WEE1,-0.265821,mRNA,,
PAFAH1B1,-0.313733,mRNA,,
GRK7,-0.206517,mRNA,,
NR2C2,-0.267505,mRNA,,
GAB1,-0.179725,mRNA,,
DUSP18,-0.38147,mRNA,,
ABHD2,-0.39428,mRNA,,
N4BP1,-0.102893,mRNA,,
MTMR3,-0.208377,mRNA,,
ZDHHC20,-0.0142851,mRNA,,
PGM2L1,0.61168,mRNA,,
NCOA3,-0.16472,mRNA,,
UBXN2A,-0.0654842,mRNA,,
PRNP,0.19242,mRNA,,
BTN3A1,0.0855985,mRNA,,
ABHD15,-0.151991,mRNA,,
STAC2,0.866831,mRNA,,
POLQ,0.629307,mRNA,,
DSTYK,-0.0215455,mRNA,,
ZBTB37,-0.916083,mRNA,,
A1CF,-0.0205377,mRNA,,
FHDC1,-1.64205,mRNA,,
AAK1,-1.11739,mRNA,,
MAP3K2,-0.468584,mRNA,,path:hsa04010
RBM12B,-0.557172,mRNA,,
HIP1,0.936419,mRNA,,
CAPRIN2,-0.484828,mRNA,,
ELAVL2,-0.0661757,mRNA,,
DPYSL2,0.0834157,mRNA,,
SLC7A11,-0.100189,mRNA,,
RNF115,0.0346098,mRNA,,
SLK,-0.385101,mRNA,,
PLEKHM1,0.221249,mRNA,,
MLXIP,-0.66439,mRNA,,
FBXO21,0.127299,mRNA,,
TNRC6B,-0.498296,mRNA,,
WSB1,0.324236,mRNA,,
IRAK4,-0.134117,mRNA,,path:hsa04010
GNB5,0.122252,mRNA,,
TLR7,0.351202,mRNA,,
ERGIC2,0.18483,mRNA,,
WDR1,0.130441,mRNA,,
HIF1AN,-0.119762,mRNA,,
FKBP14,-0.205684,mRNA,,
RAB42,-0.354199,mRNA,,
LDLR,0.685661,mRNA,,
BTN3A2,0.12458,mRNA,,
C18orf32,-0.0160366,mRNA,,
DCTN5,-0.208948,mRNA,,
DNAL1,-0.75891,mRNA,,
BCL2L11,-1.09383,mRNA,,
CFL2,-0.563752,mRNA,,
BTF3L4,-0.0181867,mRNA,,
RAB5B,0.0151979,mRNA,,
SLC4A7,0.0160892,mRNA,,
CDK6,-0.572706,mRNA,,
TTPAL,-0.218683,mRNA,,
GTF2H3,-0.353414,mRNA,,
ISCA2,0.497382,mRNA,,
YOD1,-0.238237,mRNA,,
MIXL1,-0.0493656,mRNA,,
PTGES3,-0.0522566,mRNA,,
FBXO31,0.410841,mRNA,,
MFSD2A,0.443937,mRNA,,
ICA1L,0.298634,mRNA,,
ENPP5,-0.160688,mRNA,,
CYCS,-0.663578,mRNA,,
UBFD1,0.431882,mRNA,,
ENTPD7,-0.397937,mRNA,,
NRIP3,0.0568841,mRNA,,
ZNFX1,0.0331967,mRNA,,
GATAD1,-0.216472,mRNA,,
SLC30A1,-0.336207,mRNA,,
C17orf75,-0.13975,mRNA,,
ABCG8,-0.01883,mRNA,,
PANK3,-0.522543,mRNA,,
GPR157,-0.535276,mRNA,,
SLC35F5,-0.302202,mRNA,,
KLHL15,-0.46963,mRNA,,
DDHD1,-0.00859572,mRNA,,
TRIM8,0.316693,mRNA,,
SLCO5A1,-0.351465,mRNA,,
ZNF805,0.138602,mRNA,,
SLC1A5,1.60479,mRNA,,
TRAF3IP2,0.0348885,mRNA,,
ZBED1,-0.0431743,mRNA,,
ZNF347,-0.537267,mRNA,,
SAMD8,-0.224004,mRNA,,
ARL1,-0.0491197,mRNA,,
KCNK6,0.924824,mRNA,,
SPTLC2,0.107152,mRNA,,
VPS26A,0.0228997,mRNA,,
FEZ2,0.0773057,mRNA,,
HMGB3,0.243622,mRNA,,
CHAF1A,0.373599,mRNA,,
MTF1,-0.598036,mRNA,,
MXI1,-0.443559,mRNA,,
LASP1,0.751134,mRNA,,
PVR,-0.122343,mRNA,,
NFAT5,-0.197965,mRNA,,
ZBTB6,-0.294332,mRNA,,
NUDT3,0.416111,mRNA,,
GLO1,-0.09589,mRNA,,
ZBTB25,-0.501166,mRNA,,
BRCA1,-0.231982,mRNA,,
CBX5,-0.199312,mRNA,,
SF3B3,0.128105,mRNA,,
WDR37,-0.478086,mRNA,,
OSTM1,0.0723525,mRNA,,
SPCS1,0.035054,mRNA,,
E2F5,-0.237721,mRNA,,
HMGB1,0.0796319,mRNA,,
ITGA2,2.42653,mRNA,,
JAK1,0.177621,mRNA,,
MSH3,-0.219898,mRNA,,
PPP1R12B,-0.832713,mRNA,,
PPP6C,-0.310168,mRNA,,
RNASEH1,-0.248566,mRNA,,
CCL5,-0.658683,mRNA,,
E2F2,0.594424,mRNA,,
EIF2S1,-0.136934,mRNA,,
KCNMB1,0.792592,mRNA,,
BNIP2,-0.15787,mRNA,,
DUSP2,-0.562012,mRNA,,path:hsa04010
PKNOX1,-0.697426,mRNA,,
WIPF2,-0.167564,mRNA,,
ANKRD13C,-0.238567,mRNA,,
MAPRE3,-0.108909,mRNA,,
MFN1,-0.126678,mRNA,,
KCND3,-1.48843,mRNA,,
ESR1,0.0606573,mRNA,,
ORAI2,0.607662,mRNA,,
YIPF4,-0.0552906,mRNA,,
GINS4,-0.0519205,mRNA,,
PURB,-0.0477086,mRNA,,
ZNF280B,-0.571603,mRNA,,
C15orf40,-0.228327,mRNA,,
CXorf38,-0.514622,mRNA,,
VTI1A,-0.21531,mRNA,,
ANKS4B,0.0166127,mRNA,,
RRN3,-0.0559409,mRNA,,
ZYG11A,-1.05227,mRNA,,
NME6,0.135137,mRNA,,
RUNX3,-0.648091,mRNA,,
RPS6KA5,-2.03313,mRNA,,path:hsa04010
ALDH9A1,-0.564461,mRNA,,
REEP3,0.267565,mRNA,,
AKTIP,-0.0474762,mRNA,,
FBXO48,-0.76155,mRNA,,
COX19,-0.178844,mRNA,,
GPR155,-1.29555,mRNA,,
MUC17,0.0678834,mRNA,,
CRCP,-0.0337738,mRNA,,
MGAT4A,-0.0193007,mRNA,,
ZNF292,-0.483836,mRNA,,
PBX1,-0.228443,mRNA,,
DDAH1,0.588375,mRNA,,
LMBR1,0.150076,mRNA,,
NT5C2,-0.336053,mRNA,,
PHF20L1,-0.689023,mRNA,,
RSF1,-0.267155,mRNA,,
SOX5,-2.20017,mRNA,,
LONRF2,1.69213,mRNA,,
RALGPS2,-0.478903,mRNA,,
HOXA9,-0.568821,mRNA,,
FAM126B,-0.686997,mRNA,,
ANKRD46,-0.824439,mRNA,,
CKAP5,0.135741,mRNA,,
LPGAT1,-0.713014,mRNA,,
ERP44,-0.0751225,mRNA,,
DDHD2,-0.313244,mRNA,,
SATB1,-0.0144638,mRNA,,
PPP1R3B,0.590485,mRNA,,
MDM4,-0.286898,mRNA,,
DNM1L,-0.196577,mRNA,,
NUFIP2,-0.152744,mRNA,,
NFIA,-0.68231,mRNA,,
FMR1,0.120248,mRNA,,
ZNF217,0.616597,mRNA,,
EXOC5,-0.210502,mRNA,,
ATF2,-0.813082,mRNA,,path:hsa04010
THBS1,0.79056,mRNA,,
EIF4EBP2,-0.0657908,mRNA,,
B3GNT5,-0.306102,mRNA,,
SOCS4,-0.294138,mRNA,,
PLAT,0.374876,mRNA,,
OXTR,1.21523,mRNA,,
ATP2B4,0.0876605,mRNA,,
ZNF207,0.124762,mRNA,,
RLIM,-0.126419,mRNA,,
HIGD1A,-0.165414,mRNA,,
AP2B1,0.0577803,mRNA,,
RASSF4,-0.176385,mRNA,,
AP3M1,-0.217501,mRNA,,
ABLIM3,-0.903794,mRNA,,
GDPD5,-0.18511,mRNA,,
FGFR1,-0.338525,mRNA,,path:hsa04010
BCL2L13,-0.00331037,mRNA,,
KIF1B,0.0056196,mRNA,,
ZNRF1,0.188848,mRNA,,
CTNNB1,0.554633,mRNA,,
MAPK8,-0.471185,mRNA,,path:hsa04010
UBE2I,0.534511,mRNA,,
GMEB2,-0.279159,mRNA,,
SH3BP4,-0.45432,mRNA,,
PSMD10,-0.0293779,mRNA,,
SCN4B,-0.999873,mRNA,,
ERC1,-0.274966,mRNA,,
CNNM2,-0.397631,mRNA,,
MEF2C,-0.466186,mRNA,,path:hsa04010
GSR,-0.0239958,mRNA,,
CLEC2D,0.0960209,mRNA,,
CALU,0.13137,mRNA,,
CPD,0.57516,mRNA,,
NFIC,-0.599056,mRNA,,
TBPL1,-0.45681,mRNA,,
TRPS1,-0.534656,mRNA,,
PHLPP2,-0.835542,mRNA,,
RASA1,0.735038,mRNA,,path:hsa04010
ZBTB8B,0.983621,mRNA,,
PPARGC1B,-0.122838,mRNA,,
ZBTB33,0.536389,mRNA,,
SUGT1,-0.0631999,mRNA,,
WASF2,-0.107911,mRNA,,
AHSA1,0.0417655,mRNA,,
CD274,-0.0998643,mRNA,,
NRAS,-0.156599,mRNA,,path:hsa04010
PLXNB1,0.484508,mRNA,,
FLOT2,0.443864,mRNA,,
POU4F2,0.0372693,mRNA,,
ASH1L,-0.533136,mRNA,,
SRD5A3,-0.101397,mRNA,,
ALPK2,-0.35783,mRNA,,
BAX,1.06989,mRNA,,
MAPK14,0.133947,mRNA,,path:hsa04010
PGAM4,-0.315556,mRNA,,
LRTM2,-0.947964,mRNA,,
SSX2IP,-0.121779,mRNA,,
ERBB4,-1.78306,mRNA,,path:hsa04010
POU3F2,-0.0394024,mRNA,,
AMMECR1L,-0.263071,mRNA,,
TIAM1,2.9109,mRNA,,
MAPK10,-0.480979,mRNA,,path:hsa04010
ZNF652,-0.481095,mRNA,,
IQCE,-0.407682,mRNA,,
PTPRF,0.658639,mRNA,,
DYRK3,-0.945602,mRNA,,
STAMBP,-0.0527485,mRNA,,
SLC19A3,-0.503791,mRNA,,
CABYR,0.705338,mRNA,,
CAMKK1,0.490782,mRNA,,
UBN2,-0.561671,mRNA,,
MIDN,0.12273,mRNA,,
AKT3,-0.0729472,mRNA,,path:hsa04010
PRDM16,-1.45901,mRNA,,
LIMS1,-0.713264,mRNA,,
BRD1,-0.310628,mRNA,,
EEF1A1,0.237929,mRNA,,
DKK2,0.208635,mRNA,,
POGZ,-0.188867,mRNA,,
ANKRD28,-0.184955,mRNA,,
PHF21A,-0.0728914,mRNA,,
NDUFS1,-0.260792,mRNA,,
CROT,-0.372906,mRNA,,
C19orf12,-0.00083736,mRNA,,
GPR107,-0.296581,mRNA,,
TNKS2,-0.253834,mRNA,,
NDFIP1,-0.207723,mRNA,,
SIRT1,-0.383186,mRNA,,
SLC30A7,0.0821664,mRNA,,
STMN1,0.759864,mRNA,,path:hsa04010
VANGL1,-1.09544,mRNA,,
PEG10,0.102063,mRNA,,
TNFSF10,-0.385933,mRNA,,
ARID1A,-0.264412,mRNA,,
ZNF236,-0.402148,mRNA,,
KPNA6,0.152607,mRNA,,
RHOA,0.06119,mRNA,,
HNRNPD,-0.122403,mRNA,,
ABLIM1,-0.778041,mRNA,,
DENR,0.0384986,mRNA,,
SNX4,-0.79675,mRNA,,
DDX6,-0.309548,mRNA,,
TCEAL1,-0.29535,mRNA,,
LRP6,-0.612487,mRNA,,
SLC10A7,-0.62694,mRNA,,
PCDHA3,0.609761,mRNA,,
PCDHAC1,0.836249,mRNA,,
BMF,0.47988,mRNA,,
BRWD1,-0.266599,mRNA,,
RBM33,-0.242518,mRNA,,
TMEM183A,-0.0233009,mRNA,,
SELE,-0.995698,mRNA,,
HNRNPA1,0.137227,mRNA,,
SDC4,2.19662,mRNA,,
TMEM101,0.112576,mRNA,,
CKAP2L,0.513895,mRNA,,
VKORC1L1,0.0899091,mRNA,,
MYLK3,-0.379076,mRNA,,
RCOR1,-0.0775525,mRNA,,
RRP15,-0.259554,mRNA,,
MRPS16,0.0853886,mRNA,,
RPL15,0.145995,mRNA,,
SLC39A10,0.824784,mRNA,,
DSC3,2.78244,mRNA,,
CARD8,-0.256694,mRNA,,
ABL1,-0.19548,mRNA,,
PABPC1,0.36174,mRNA,,
CYP1A2,-1.02813,mRNA,,
RPL27A,0.0869173,mRNA,,
ZNF749,-0.396368,mRNA,,
TRAT1,-1.02275,mRNA,,
LGALS3BP,0.321272,mRNA,,
GNAI3,-0.0299785,mRNA,,
TOP3A,-0.0543502,mRNA,,
ZNF131,-0.339544,mRNA,,
TRMT5,-0.347155,mRNA,,
ABCG2,0.439127,mRNA,,
TMCC1,0.208784,mRNA,,
GRB10,0.788612,mRNA,,
SPTBN2,3.51248,mRNA,,
SMAD5,-0.272806,mRNA,,
PPP2R2A,0.0177122,mRNA,,
SMARCA4,0.606839,mRNA,,
MGAT4B,1.06571,mRNA,,
OSBPL10,0.85798,mRNA,,
UBR7,-0.169269,mRNA,,
ZNF714,0.227418,mRNA,,
EIF3I,0.36452,mRNA,,
ZFYVE16,-0.265093,mRNA,,
LUC7L2,-0.32138,mRNA,,
TRIM44,-0.648486,mRNA,,
PGPEP1,0.679992,mRNA,,
WDR6,0.185313,mRNA,,
NLE1,0.108547,mRNA,,
DDX21,-0.378374,mRNA,,
MDM2,0.557349,mRNA,,
SLC35A2,0.0465132,mRNA,,
TLE3,0.350172,mRNA,,
SERTAD4,-0.977873,mRNA,,
STOX2,-1.36788,mRNA,,
NFS1,-0.338028,mRNA,,
RECK,-0.676564,mRNA,,
PELI2,-1.09613,mRNA,,
CSNK1G1,-0.576367,mRNA,,
HIPK2,0.180357,mRNA,,
PHACTR4,-0.430263,mRNA,,
DOCK5,-0.782684,mRNA,,
FBXL18,-0.574156,mRNA,,
ZNF772,-0.226084,mRNA,,
COG5,-0.536622,mRNA,,
KIF3B,-0.37483,mRNA,,
SART1,0.209835,mRNA,,
SS18,0.0308079,mRNA,,
DCAF7,0.0386887,mRNA,,
CAPRIN1,0.0711507,mRNA,,
POLE,0.247666,mRNA,,
RNPS1,0.168665,mRNA,,
QKI,-0.372358,mRNA,,
CPSF6,-0.0515579,mRNA,,
FICD,-0.6091,mRNA,,
VCP,0.114445,mRNA,,
LRP10,0.153777,mRNA,,
ZNF770,0.224861,mRNA,,
MGMT,0.0802124,mRNA,,
PBX2,-0.0420094,mRNA,,
RBMS2,0.415856,mRNA,,
SORT1,-0.0802319,mRNA,,
SDHA,-0.199208,mRNA,,
ZW10,-0.092342,mRNA,,
PIWIL1,2.28584,mRNA,,
BBC3,2.16725,mRNA,,
TOM1,-0.0200242,mRNA,,
FYTTD1,0.138613,mRNA,,
CBX2,1.42342,mRNA,,
C18orf25,-0.180882,mRNA,,
CDKL5,-0.917123,mRNA,,
UBIAD1,-0.241037,mRNA,,
TIMM50,0.220265,mRNA,,
RNF215,0.153189,mRNA,,
TP53BP2,-0.0965994,mRNA,,
POLL,-0.0305134,mRNA,,
ADD1,0.0862244,mRNA,,
SPIN3,-0.316145,mRNA,,
PPARA,-0.440728,mRNA,,
UFM1,-0.17287,mRNA,,
EGFR,0.0236313,mRNA,,path:hsa04010
NPTX1,-0.64976,mRNA,,
STX7,-0.342522,mRNA,,
CLEC4E,-1.20925,mRNA,,
UBXN2B,-0.222747,mRNA,,
NLGN1,-2.53391,mRNA,,
CBX3,0.409023,mRNA,,
FRS2,-0.444727,mRNA,,
SLC38A1,-0.899705,mRNA,,
INHBA,0.27444,mRNA,,
DCK,0.0163718,mRNA,,
OTUD4,-0.256216,mRNA,,
PHLDA1,-0.29603,mRNA,,
BAHD1,0.282241,mRNA,,
NPM1,0.208247,mRNA,,
RPL7L1,-0.330639,mRNA,,
SLC1A2,-1.52721,mRNA,,
SRC,0.616808,mRNA,,
MYO1D,0.43027,mRNA,,
ZNF331,-0.671534,mRNA,,
RPS4Y1,-0.0407706,mRNA,,
SATB2,0.441027,mRNA,,
SPRED1,0.307802,mRNA,,
IL5RA,-0.981092,mRNA,,
NF2,0.142953,mRNA,,
RAB27A,1.46114,mRNA,,
CXCL12,-1.40605,mRNA,,
NDFIP2,0.210384,mRNA,,
SRPX2,1.08609,mRNA,,
SERTAD2,0.373425,mRNA,,
KLHDC10,-0.569001,mRNA,,
XPO6,-0.197265,mRNA,,
INTU,-0.200035,mRNA,,
UBA6,-0.0277854,mRNA,,
RDX,-0.567497,mRNA,,
JARID2,-0.0948778,mRNA,,
ARPC5,-0.0844373,mRNA,,
STK40,-0.352832,mRNA,,
SFXN1,-0.116648,mRNA,,
EDC3,0.0864004,mRNA,,
ETS1,0.14395,mRNA,,
CDK1,0.307581,mRNA,,
SP7,-0.0859411,mRNA,,
CASR,-1.19233,mRNA,,
MMP16,2.2683,mRNA,,
FRK,-0.856433,mRNA,,
ABCB9,0.777075,mRNA,,
QSER1,-0.206395,mRNA,,
NFATC2IP,-0.0256052,mRNA,,
PPM1L,-1.67778,mRNA,,
PPIL2,-0.213101,mRNA,,
NFE2L1,-0.251136,mRNA,,
AR,-2.33554,mRNA,,
RPL37A,0.250237,mRNA,,
MXRA7,0.163756,mRNA,,
VAV3,0.137057,mRNA,,
HDLBP,-0.109423,mRNA,,
GNPDA1,0.558846,mRNA,,
PLA2G2D,-0.918993,mRNA,,
CDC23,-0.17316,mRNA,,
NLRC5,0.173844,mRNA,,
CPT2,0.132026,mRNA,,
ADARB1,0.477191,mRNA,,
CFLAR,-0.31665,mRNA,,
GAPVD1,-0.285865,mRNA,,
OPA1,-0.28476,mRNA,,
CD40,0.456252,mRNA,,
ERLIN2,-0.506502,mRNA,,
SYNGR2,0.757933,mRNA,,
AXIN2,-1.26295,mRNA,,
CLTB,0.340573,mRNA,,
NUP98,-0.170984,mRNA,,
ITGA6,0.762288,mRNA,,
TPM1,0.0428073,mRNA,,
LARP1,-0.0902275,mRNA,,
CDON,-2.20797,mRNA,,
ANKS1A,-0.536548,mRNA,,
CASP6,0.325235,mRNA,,
CDC25C,0.624832,mRNA,,
KCNH1,0.507608,mRNA,,
MKLN1,-0.330214,mRNA,,
AKT1,0.292482,mRNA,,path:hsa04010
ADNP,-0.283575,mRNA,,
RBM12,-0.351385,mRNA,,
FUT8,0.166028,mRNA,,
SPTBN1,-0.840735,mRNA,,
APAF1,-0.221035,mRNA,,
SYNE2,-0.79571,mRNA,,
BIRC3,-0.159458,mRNA,,
ZDHHC16,0.431105,mRNA,,
DIABLO,0.212106,mRNA,,
NDRG1,-0.677062,mRNA,,
TRAF3,-0.53083,mRNA,,
IRGQ,0.233426,mRNA,,
EXT2,0.0287332,mRNA,,
MTAP,0.100381,mRNA,,
TMOD2,-0.075333,mRNA,,
BCLAF1,-0.290249,mRNA,,
RNF40,-0.0974025,mRNA,,
MTMR9,-0.261876,mRNA,,
GIGYF2,-0.182357,mRNA,,
GDE1,0.292744,mRNA,,
FIGN,-0.457538,mRNA,,
POLR3E,-0.221572,mRNA,,
TGIF2,-0.327113,mRNA,,
CASP10,0.559884,mRNA,,
KIF2A,-0.318868,mRNA,,
FAM104A,0.167699,mRNA,,
NUCKS1,-0.276073,mRNA,,
ACSL4,0.103274,mRNA,,
WDR77,0.0122055,mRNA,,
MAP4,0.457749,mRNA,,
PLIN3,0.184901,mRNA,,
RRM2,1.27212,mRNA,,
LEF1,0.658088,mRNA,,
XIAP,0.0123908,mRNA,,
GYG1,0.261357,mRNA,,
FOSL1,0.743033,mRNA,,
UST,-1.02199,mRNA,,
CCT3,0.205961,mRNA,,
PDGFRA,-2.09843,mRNA,,path:hsa04010
RRAS,0.96998,mRNA,,path:hsa04010
ERLIN1,0.371716,mRNA,,
SNTB2,-0.534279,mRNA,,
RAB3GAP2,-0.249995,mRNA,,
AKR1B1,-0.0554724,mRNA,,
GATA4,-1.10563,mRNA,,
CXCL9,-0.499351,mRNA,,
CCL22,0.888688,mRNA,,
PDXK,0.0378403,mRNA,,
PEA15,0.566447,mRNA,,
HRK,1.7363,mRNA,,
TNFRSF10A,0.709381,mRNA,,
BCL10,-0.1793,mRNA,,
CDKN1B,-0.290395,mRNA,,
PKP2,1.70917,mRNA,,
STX1A,0.0411178,mRNA,,
TSN,0.176668,mRNA,,
TOMM40,0.14547,mRNA,,
RBCK1,0.306035,mRNA,,
EDEM3,-0.294256,mRNA,,
ZSWIM7,0.21404,mRNA,,
RNF169,-0.303103,mRNA,,
BCL2A1,0.229064,mRNA,,
AIFM1,-0.162853,mRNA,,
ALS2,-0.30849,mRNA,,
LLPH,-0.0620643,mRNA,,
MBD6,-0.202817,mRNA,,
FKBP1B,-0.213014,mRNA,,
TPCN2,-0.210669,mRNA,,
GDF5,0.0474143,mRNA,,
MOV10,0.337814,mRNA,,
CD70,1.7213,mRNA,,
TNF,-0.884273,mRNA,,path:hsa04010
POLR2A,-0.00532241,mRNA,,
RPL37,0.172892,mRNA,,
BIRC5,1.21499,mRNA,,
TGFBR2,-0.327293,mRNA,,path:hsa04010
SHE,0.70267,mRNA,,
ZNF460,-0.654611,mRNA,,
FNIP1,-0.160198,mRNA,,
FBXW2,-0.190183,mRNA,,
GGCX,-0.209955,mRNA,,
ZNF417,-0.574944,mRNA,,
IL6ST,-0.700197,mRNA,,
CYP20A1,-0.547076,mRNA,,
AURKA,-0.344306,mRNA,,
NUP43,0.0541169,mRNA,,
TXLNA,0.287416,mRNA,,
KCNC4,0.0666361,mRNA,,
SUPT7L,0.0482332,mRNA,,
ZDHHC5,0.288447,mRNA,,
CYTH2,0.0602444,mRNA,,
ESRP1,0.300003,mRNA,,
UHRF1BP1,-0.0867985,mRNA,,
G2E3,-0.687721,mRNA,,
TMEM33,0.164794,mRNA,,
SLC25A36,-0.383897,mRNA,,
TEF,0.167792,mRNA,,
LHFPL2,0.143218,mRNA,,
AKAP10,-0.536876,mRNA,,
SOX11,2.50261,mRNA,,
ZNF157,-1.05299,mRNA,,
KIF5B,0.0635354,mRNA,,
GCNT3,-1.02526,mRNA,,
SPRYD4,-0.083497,mRNA,,
HOXA13,0.346571,mRNA,,
CNOT4,-0.446973,mRNA,,
TRIM13,0.0214038,mRNA,,
MTRF1L,-0.295153,mRNA,,
TM2D2,-0.333375,mRNA,,
IL6R,-0.606354,mRNA,,
FOXP1,-0.123937,mRNA,,
SMAD2,-0.235118,mRNA,,
PIK3R1,-0.0574386,mRNA,,
CADM1,0.0313251,mRNA,,
UBE2S,-0.13585,mRNA,,
RCOR3,-0.0956768,mRNA,,
HPGD,-0.360668,mRNA,,
CENPN,-0.0669076,mRNA,,
MBD4,0.0469316,mRNA,,
SEC23IP,-0.307189,mRNA,,
IGSF3,1.03532,mRNA,,
UBASH3B,-0.254349,mRNA,,
MACROD2,1.44726,mRNA,,
PDE4C,3.39864,mRNA,,
ANKRD50,-0.219359,mRNA,,
RPS16,0.113295,mRNA,,
AP1G1,-0.172071,mRNA,,
ANKRD9,-0.697965,mRNA,,
STK4,-0.2025,mRNA,,path:hsa04010
KIF1A,-2.43319,mRNA,,
YIPF6,-0.487221,mRNA,,
GEN1,-0.412395,mRNA,,
FAM120AOS,-0.189454,mRNA,,
ZBTB44,-0.32215,mRNA,,
ATP11B,0.0132118,mRNA,,
RAP1GAP2,0.628313,mRNA,,
MRAS,-0.0454231,mRNA,,path:hsa04010
AGAP3,0.17453,mRNA,,
ACTN4,0.610742,mRNA,,
CEBPG,-0.268584,mRNA,,
SLC31A1,-0.17653,mRNA,,
SRPK1,0.0213946,mRNA,,
GCM1,-0.25416,mRNA,,
ARCN1,-0.0710393,mRNA,,
MORF4L2,-0.252564,mRNA,,
ZNF431,-0.000584814,mRNA,,
RPS19,0.391838,mRNA,,
RPS29,0.143571,mRNA,,
TK1,1.79306,mRNA,,
AZIN1,-0.320716,mRNA,,
LHFPL5,0.227137,mRNA,,
ZNF107,-0.342564,mRNA,,
GPR173,0.233604,mRNA,,
LCOR,-0.676371,mRNA,,
ZNF268,-0.462333,mRNA,,
EEF2K,0.13138,mRNA,,
PAK3,-3.11621,mRNA,,
VGLL4,-0.264111,mRNA,,
TOR1AIP1,-0.447977,mRNA,,
COPS7B,0.246703,mRNA,,
KLF6,-1.14548,mRNA,,
KCNB1,-0.961281,mRNA,,
NCBP2,0.0711113,mRNA,,
MATN1,-0.390173,mRNA,,
COIL,-0.29932,mRNA,,
ANKRD40,-0.10453,mRNA,,
OTUD7A,-0.60448,mRNA,,
ZNF740,-0.220844,mRNA,,
TMEM97,0.0281649,mRNA,,
TMEM106B,0.082156,mRNA,,
IDE,-0.0989825,mRNA,,
TFRC,-0.892238,mRNA,,
PPIP5K2,-0.383862,mRNA,,
ST3GAL5,1.3249,mRNA,,
FXR1,0.0036321,mRNA,,
GLDN,2.13935,mRNA,,
SCARB2,0.48429,mRNA,,
SRGAP2,0.869972,mRNA,,
ABCC1,-0.51134,mRNA,,
MICALL1,-0.169517,mRNA,,
UBE2A,0.563695,mRNA,,
PAK1,-0.131883,mRNA,,path:hsa04010
SLC25A15,-1.8953,mRNA,,
SULT1B1,0.537958,mRNA,,
EHD3,-0.139073,mRNA,,
ZNF385A,0.176443,mRNA,,
KIF16B,-0.504776,mRNA,,
BMPR2,0.144645,mRNA,,
GLS,0.160195,mRNA,,
GNA12,-0.0890615,mRNA,,path:hsa04010
RCC2,0.791827,mRNA,,
CRLS1,0.0809407,mRNA,,
CNNM4,-0.524721,mRNA,,
ALG9,-0.0616428,mRNA,,
ROR1,0.579259,mRNA,,
LANCL1,-0.246043,mRNA,,
SLC5A3,-0.227063,mRNA,,
CNTNAP2,-1.65519,mRNA,,
SERPINB5,1.22414,mRNA,,
RYK,0.0436845,mRNA,,
SLIT3,-0.242573,mRNA,,
PIGH,-0.22185,mRNA,,
GJC1,1.12565,mRNA,,
COMMD7,0.0322026,mRNA,,
ADCY9,-0.486089,mRNA,,
DAZAP2,-0.325737,mRNA,,
RSPRY1,-0.188636,mRNA,,
CACNG5,-0.0917909,mRNA,,path:hsa04010
PIK3R3,0.125385,mRNA,,
FAM136A,0.132232,mRNA,,
MTHFD2,0.49606,mRNA,,
APBB2,-0.636661,mRNA,,
HOXC12,0.00438728,mRNA,,
PPP4R2,-0.502186,mRNA,,
NTRK3,1.28019,mRNA,,
TNFAIP8,-0.740664,mRNA,,
FRMD4B,-0.560983,mRNA,,
NR6A1,-0.73708,mRNA,,
PRRX1,-1.40211,mRNA,,
SOX7,-0.372399,mRNA,,
SERINC5,-0.164119,mRNA,,
ONECUT2,-1.00275,mRNA,,
SLC30A4,-1.06147,mRNA,,
MYLK,-0.194772,mRNA,,
TTC7B,-0.0233559,mRNA,,
ZNF704,-0.732091,mRNA,,
RASGRF1,4.11654,mRNA,,path:hsa04010
RASGRF2,-0.535876,mRNA,,path:hsa04010
DUSP10,-0.286146,mRNA,,path:hsa04010
DUSP1,-1.38667,mRNA,,path:hsa04010
DUSP4,2.39998,mRNA,,path:hsa04010
DUSP5,2.11214,mRNA,,path:hsa04010
DUSP6,2.24118,mRNA,,path:hsa04010
DUSP7,0.460727,mRNA,,path:hsa04010
DUSP8,0.417305,mRNA,,path:hsa04010
DUSP9,0.552695,mRNA,,path:hsa04010
DUSP16,-0.0886686,mRNA,,path:hsa04010
DUSP3,-0.103333,mRNA,,path:hsa04010
PTPN7,-0.0676047,mRNA,,path:hsa04010
PTPRR,0.750965,mRNA,,path:hsa04010
PTPN5,0.303387,mRNA,,path:hsa04010
PPM1B,-0.281325,mRNA,,path:hsa04010
FASLG,-0.469873,mRNA,,path:hsa04010
MAP4K4,0.837173,mRNA,,path:hsa04010
PLA2G4E,-0.117603,mRNA,,path:hsa04010
PLA2G4F,-1.99594,mRNA,,path:hsa04010
PLA2G4D,0.0833023,mRNA,,path:hsa04010
PLA2G4A,-0.845108,mRNA,,path:hsa04010
PLA2G4C,-0.467076,mRNA,,path:hsa04010
JMJD7-PLA2G4B,-0.114633,mRNA,,path:hsa04010
MAPT,-0.561811,mRNA,,path:hsa04010
NFKB2,0.362418,mRNA,,path:hsa04010
RELA,0.276725,mRNA,,path:hsa04010
RELB,0.53776,mRNA,,path:hsa04010
CHUK,-0.316108,mRNA,,path:hsa04010
IKBKB,-0.275459,mRNA,,path:hsa04010
IKBKG,-0.110603,mRNA,,path:hsa04010
MAP3K14,-0.129381,mRNA,,path:hsa04010
MAPK1,0.241241,mRNA,,path:hsa04010
MAPK3,-0.0145805,mRNA,,path:hsa04010
MAP2K2,0.263747,mRNA,,path:hsa04010
MAP2K1,0.204793,mRNA,,path:hsa04010
RAF1,-0.137046,mRNA,,path:hsa04010
BRAF,-0.0967114,mRNA,,path:hsa04010
NF1,-0.147912,mRNA,,path:hsa04010
PRKCA,-1.32397,mRNA,,path:hsa04010
PRKCB,-0.00504381,mRNA,,path:hsa04010
PRKCG,-0.326495,mRNA,,path:hsa04010
RAP1A,-0.0265394,mRNA,,path:hsa04010
RAP1B,0.0542712,mRNA,,path:hsa04010
PRKACA,0.450988,mRNA,,path:hsa04010
PRKACB,-0.832178,mRNA,,path:hsa04010
PRKACG,-0.0172721,mRNA,,path:hsa04010
RAPGEF2,-0.508442,mRNA,,path:hsa04010
RASA2,-0.556066,mRNA,,path:hsa04010
RRAS2,-0.391859,mRNA,,path:hsa04010
HRAS,0.531869,mRNA,,path:hsa04010
KRAS,-0.113046,mRNA,,path:hsa04010
RASGRP1,-0.127859,mRNA,,path:hsa04010
RASGRP2,-0.592291,mRNA,,path:hsa04010
RASGRP4,0.492533,mRNA,,path:hsa04010
RASGRP3,-0.0383387,mRNA,,path:hsa04010
SOS1,-0.450636,mRNA,,path:hsa04010
SOS2,-0.314144,mRNA,,path:hsa04010
GNG12,-0.0881562,mRNA,,path:hsa04010
GRB2,0.0841667,mRNA,,path:hsa04010
CSF1R,0.70339,mRNA,,path:hsa04010
EPHA2,1.00243,mRNA,,path:hsa04010
ERBB2,0.589685,mRNA,,path:hsa04010
ERBB3,1.28531,mRNA,,path:hsa04010
FGFR3,0.908761,mRNA,,path:hsa04010
FGFR2,-1.32147,mRNA,,path:hsa04010
FGFR4,-0.786209,mRNA,,path:hsa04010
FLT1,0.188106,mRNA,,path:hsa04010
FLT3,-0.71821,mRNA,,path:hsa04010
FLT4,-0.447092,mRNA,,path:hsa04010
IGF1R,-0.00738523,mRNA,,path:hsa04010
INSR,1.01721,mRNA,,path:hsa04010
KDR,-0.0177677,mRNA,,path:hsa04010
NGFR,1.01727,mRNA,,path:hsa04010
NTRK1,0.185892,mRNA,,path:hsa04010
PDGFRB,0.282091,mRNA,,path:hsa04010
RET,-0.0855128,mRNA,,path:hsa04010
TEK,-0.132501,mRNA,,path:hsa04010
CACNG3,-0.0176603,mRNA,,path:hsa04010
CACNG2,-0.0906269,mRNA,,path:hsa04010
CACNG4,3.27838,mRNA,,path:hsa04010
CACNA2D3,-1.45905,mRNA,,path:hsa04010
CACNG7,-0.0198379,mRNA,,path:hsa04010
CACNG6,0.0323895,mRNA,,path:hsa04010
CACNA1A,-0.0324239,mRNA,,path:hsa04010
CACNA1B,-1.89609,mRNA,,path:hsa04010
CACNA1C,0.820805,mRNA,,path:hsa04010
CACNA1D,-1.26307,mRNA,,path:hsa04010
CACNA1E,-0.354463,mRNA,,path:hsa04010
CACNA1F,-0.191297,mRNA,,path:hsa04010
CACNA1S,-0.0845072,mRNA,,path:hsa04010
CACNA2D1,-1.65271,mRNA,,path:hsa04010
CACNB1,1.31261,mRNA,,path:hsa04010
CACNB2,-0.029286,mRNA,,path:hsa04010
CACNB3,0.572901,mRNA,,path:hsa04010
CACNB4,-1.29079,mRNA,,path:hsa04010
CACNG1,0.132954,mRNA,,path:hsa04010
CACNA1I,-1.12258,mRNA,,path:hsa04010
CACNA1H,-1.15556,mRNA,,path:hsa04010
CACNA1G,-0.503088,mRNA,,path:hsa04010
CACNA2D2,0.00925111,mRNA,,path:hsa04010
CACNA2D4,-0.651172,mRNA,,path:hsa04010
NR4A1,-1.77694,mRNA,,path:hsa04010
MAPK7,0.247969,mRNA,,path:hsa04010
MAP2K5,-0.18463,mRNA,,path:hsa04010
NLK,-0.219755,mRNA,,path:hsa04010
CDC25B,0.531958,mRNA,,path:hsa04010
RPS6KA4,0.530737,mRNA,,path:hsa04010
MAPKAPK3,0.766329,mRNA,,path:hsa04010
MAPKAPK2,0.276761,mRNA,,path:hsa04010
ATF4,-0.304745,mRNA,,path:hsa04010
MAX,0.163815,mRNA,,path:hsa04010
DDIT3,0.0352708,mRNA,,path:hsa04010
ELK4,-0.581819,mRNA,,path:hsa04010
TP53,0.385569,mRNA,,path:hsa04010
ELK1,0.472703,mRNA,,path:hsa04010
MAPK11,0.515832,mRNA,,path:hsa04010
MAPK13,0.868533,mRNA,,path:hsa04010
MAPK12,0.755565,mRNA,,path:hsa04010
PPP5C,0.521548,mRNA,,path:hsa04010
MAP2K6,-0.940688,mRNA,,path:hsa04010
MAP2K3,0.266134,mRNA,,path:hsa04010
PPM1A,-0.197792,mRNA,,path:hsa04010
AKT2,-0.367895,mRNA,,path:hsa04010
TAOK3,-0.232057,mRNA,,path:hsa04010
TAOK2,0.230473,mRNA,,path:hsa04010
MAP3K4,-0.520806,mRNA,,path:hsa04010
HSPB1,0.229732,mRNA,,path:hsa04010
MAP3K7,-0.148902,mRNA,,path:hsa04010
MAP3K5,0.557399,mRNA,,path:hsa04010
MAP3K6,1.39075,mRNA,,path:hsa04010
MAP3K12,0.382182,mRNA,,path:hsa04010
MAP3K13,-0.112696,mRNA,,path:hsa04010
MAP3K9,-0.566213,mRNA,,path:hsa04010
MAP3K10,-0.302835,mRNA,,path:hsa04010
STK3,0.137627,mRNA,,path:hsa04010
ECSIT,-0.516125,mRNA,,path:hsa04010
TAB2,-0.169146,mRNA,,path:hsa04010
TAB1,-0.111506,mRNA,,path:hsa04010
GADD45G,-1.02643,mRNA,,path:hsa04010
GADD45A,-0.300954,mRNA,,path:hsa04010
GADD45B,-0.944914,mRNA,,path:hsa04010
DAXX,-0.0613811,mRNA,,path:hsa04010
TRAF2,-0.172496,mRNA,,path:hsa04010
CASP3,0.318576,mRNA,,path:hsa04010
CD14,0.605686,mRNA,,path:hsa04010
FAS,0.935702,mRNA,,path:hsa04010
IL1R1,-0.311045,mRNA,,path:hsa04010
IL1RAP,2.08347,mRNA,,path:hsa04010
TNFRSF1A,0.770027,mRNA,,path:hsa04010
TGFB1,1.66259,mRNA,,path:hsa04010
TGFB2,0.861801,mRNA,,path:hsa04010
TGFB3,-0.173384,mRNA,,path:hsa04010
IL1A,-0.621843,mRNA,,path:hsa04010
IL1B,-0.226117,mRNA,,path:hsa04010
MAPKAPK5,0.0194002,mRNA,,path:hsa04010
RAC1,0.248718,mRNA,,path:hsa04010
RAC2,0.670751,mRNA,,path:hsa04010
RAC3,-1.02623,mRNA,,path:hsa04010
PAK2,0.215621,mRNA,,path:hsa04010
MAP3K3,0.0199845,mRNA,,path:hsa04010
MAPK8IP2,-1.30439,mRNA,,path:hsa04010
MAPK8IP1,-0.778765,mRNA,,path:hsa04010
MAP3K11,0.592456,mRNA,,path:hsa04010
MAP2K7,0.272615,mRNA,,path:hsa04010
MAP2K4,0.0298802,mRNA,,path:hsa04010
CRK,-0.224276,mRNA,,path:hsa04010
CRKL,-0.145116,mRNA,,path:hsa04010
ARRB1,0.140166,mRNA,,path:hsa04010
ARRB2,0.280482,mRNA,,path:hsa04010
MECOM,0.952231,mRNA,,path:hsa04010
HSPA1A,-0.750044,mRNA,,path:hsa04010
HSPA1B,-0.539757,mRNA,,path:hsa04010
HSPA1L,-0.625452,mRNA,,path:hsa04010
HSPA6,0.308362,mRNA,,path:hsa04010
HSPA8,-0.346272,mRNA,,path:hsa04010
JUND,-0.761136,mRNA,,path:hsa04010
FOS,-1.85505,mRNA,,path:hsa04010
JUN,-1.77314,mRNA,,path:hsa04010
NFATC3,-0.589972,mRNA,,path:hsa04010
NFATC1,-1.15636,mRNA,,path:hsa04010
PPP3CA,0.183504,mRNA,,path:hsa04010
PPP3CB,0.187404,mRNA,,path:hsa04010
PPP3CC,-0.133756,mRNA,,path:hsa04010
PPP3R2,-0.173382,mRNA,,path:hsa04010
MAPK8IP3,0.162292,mRNA,,path:hsa04010
FLNA,0.786555,mRNA,,path:hsa04010
MAP3K1,0.746672,mRNA,,path:hsa04010
MAP3K8,-1.16864,mRNA,,path:hsa04010
MAP4K1,0.149178,mRNA,,path:hsa04010
MAP4K3,-0.402097,mRNA,,path:hsa04010
SRF,-1.14039,mRNA,,path:hsa04010
MYC,-0.680166,mRNA,,path:hsa04010
RPS6KA6,-2.27032,mRNA,,path:hsa04010
RPS6KA1,-0.0145563,mRNA,,path:hsa04010
RPS6KA2,0.579583,mRNA,,path:hsa04010
RPS6KA3,0.451063,mRNA,,path:hsa04010
MKNK2,0.0741991,mRNA,,path:hsa04010
MKNK1,0.210818,mRNA,,path:hsa04010
CSF1,0.055175,mRNA,,path:hsa04010
EFNA1,-0.0835823,mRNA,,path:hsa04010
EFNA2,0.140312,mRNA,,path:hsa04010
EFNA3,1.01428,mRNA,,path:hsa04010
EFNA4,0.515339,mRNA,,path:hsa04010
EFNA5,-1.40675,mRNA,,path:hsa04010
EGF,-1.51079,mRNA,,path:hsa04010
EREG,2.1937,mRNA,,path:hsa04010
FGF1,1.4326,mRNA,,path:hsa04010
FGF3,0.0648398,mRNA,,path:hsa04010
FGF4,0.0445503,mRNA,,path:hsa04010
FGF5,0.0728579,mRNA,,path:hsa04010
FGF6,-0.0177677,mRNA,,path:hsa04010
FGF7,-1.62033,mRNA,,path:hsa04010
FGF8,0.0147234,mRNA,,path:hsa04010
FGF9,-0.258844,mRNA,,path:hsa04010
FGF10,-1.92348,mRNA,,path:hsa04010
FLT3LG,-0.0542521,mRNA,,path:hsa04010
FGF20,0.89448,mRNA,,path:hsa04010
FGF21,-0.00271036,mRNA,,path:hsa04010
GDNF,0.211255,mRNA,,path:hsa04010
FGF22,-0.0118982,mRNA,,path:hsa04010
ANGPT1,-0.435111,mRNA,,path:hsa04010
ANGPT2,0.546182,mRNA,,path:hsa04010
IGF1,-1.55866,mRNA,,path:hsa04010
IGF2,-1.00932,mRNA,,path:hsa04010
INS,-0.0397988,mRNA,,path:hsa04010
AREG,1.02876,mRNA,,path:hsa04010
KITLG,-0.363473,mRNA,,path:hsa04010
NGF,0.135368,mRNA,,path:hsa04010
NRTN,0.788385,mRNA,,path:hsa04010
NTF3,-0.233913,mRNA,,path:hsa04010
NTF4,0.136894,mRNA,,path:hsa04010
ANGPT4,-1.19173,mRNA,,path:hsa04010
PDGFA,1.27297,mRNA,,path:hsa04010
PDGFB,0.850601,mRNA,,path:hsa04010
PGF,-1.38452,mRNA,,path:hsa04010
PDGFC,0.672015,mRNA,,path:hsa04010
PSPN,-0.269315,mRNA,,path:hsa04010
TGFA,2.3034,mRNA,,path:hsa04010
VEGFB,-0.212938,mRNA,,path:hsa04010
VEGFC,-0.187872,mRNA,,path:hsa04010
PDGFD,-0.0104381,mRNA,,path:hsa04010
FGF23,-0.290166,mRNA,,path:hsa04010
FGF18,-0.0143111,mRNA,,path:hsa04010
FGF17,-0.836944,mRNA,,path:hsa04010
FGF16,-0.143424,mRNA,,path:hsa04010
ARTN,0.56589,mRNA,,path:hsa04010
FGF19,0.400257,mRNA,,path:hsa04010
TRADD,0.122426,mRNA,,path:hsa04010
MYD88,0.48038,mRNA,,path:hsa04010
IRAK1,-0.567205,mRNA,,path:hsa04010
ARAF,-0.110567,mRNA,,path:hsa04010
fu:227de0aca402ebd76649d4b3506286bd4de9551dce503b98dd6a4c485c9c4ae1,,functional_unit,OR,path:hsa04010
fu:1b27e254e218fb1e9354da9d6528b34c70f504613702fe88976bdda220d4bc87,,functional_unit,OR,path:hsa04010
fu:b9b8b3c8ae2282343f37ddb427dd86aa42d0f2e54c5c87245bf80c0cd61469f1,,functional_unit,OR,path:hsa04010
fu:488bc6e28186e5fc78debe7facd69337bc47798c11bd3bc6877d9e889fcdbcd3,,functional_unit,SINGLE,path:hsa04010
fu:f06e54fe2645139d18f0d390e5b96ed3958f8330d7a7b603869c3800dd351dfa,,functional_unit,SINGLE,path:hsa04010
fu:1b21a0754ae7dbf0fb6c62a3b6bfe4fb4c9e7665dacc2da0032db6955cfd4fb6,,functional_unit,SINGLE,path:hsa04010
fu:182546595a64f67c7d531b52f5ea648bfdffbc91c398bcd77b4c3181108d4f47,,functional_unit,OR,path:hsa04010
fu:c00be97392016aacd6ce8f605bc043975dac3ed49e8c37bb1d71b829b700b67b,,functional_unit,SINGLE,path:hsa04010
fu:2a7ce807a71a072e33cfa060ae8d961f501535f9fb9ca64c4c08a5b745639afc,,functional_unit,SINGLE,path:hsa04010
fu:68b59fd0a08ffdb63712c0c594b3cba82114193a51d8d90d2d401e65fbc5c788,,functional_unit,OR,path:hsa04010
fu:503ff7009dc7c17fdbeeafa3bf826554b045867b726d353099cbb525a0328140,,functional_unit,OR,path:hsa04010
fu:740084bed9bf3f76f31fc2a7c5e876e9bd2420074ffeaf6a556f57122b3c848c,,functional_unit,SINGLE,path:hsa04010
fu:e20df2505be33cc63e8287c40fb67b72c280a8dacfe76fc0335243db1a564223,,functional_unit,OR,path:hsa04010
fu:9d4b039ee460e01b1ec62a10591b0a5c21206554333358384567b4adf95982bf,,functional_unit,SINGLE,path:hsa04010
fu:ddac8f8b009c54a46167195ab8f2dd2ebd5472c996fa31c14017ff1097979e01,,functional_unit,SINGLE,path:hsa04010
fu:d64c170791593920f56d0d6aeee18cc20945771d25b8d3dcf2ad1d3b6c1aa33f,,functional_unit,SINGLE,path:hsa04010
fu:2e4f8bca22d5dfb309b27f78dd891a521e37417aab685b77b22f3a8a4214a0ec,,functional_unit,SINGLE,path:hsa04010
fu:5b5e4626ca3a9ed9b4f6cbce92c34a399cbdce634e940c8ddd1f587bf4e7e4e9,,functional_unit,SINGLE,path:hsa04010
fu:4e989969a81f4bd898d33df42d249e6421eadae9031f9e255ffbc88a76341749,,functional_unit,SINGLE,path:hsa04010
fu:73b0b1638dd8d8a03c2af45bdb3737dcb9c39c72032bb6848350349ccf589575,,functional_unit,SINGLE,path:hsa04010
fu:1784ba378ff0cdf17de691d6651718f5f54a4196c998fda24ae4c994ffa53b25,,functional_unit,OR,path:hsa04010
fu:532463be37aaa68cd16d667a80a19f9ec580db84df95db6d3f65bce0b6124bf4,,functional_unit,OR,path:hsa04010
fu:0c600b4235779b9f9c30de21a04c10e095f77fc56130c77b772caf9243264887,,functional_unit,OR,path:hsa04010
fu:d5b71c7bbe761a5dc9aef7833be6cf84ab5d828dab2bb72fd435ac02ae2d9c0b,,functional_unit,SINGLE,path:hsa04010
fu:12daed41dad55bedb1042290de043ff6e78af2c932556a26fc3e480cdb394009,,functional_unit,SINGLE,path:hsa04010
fu:fb0a68698cc1e904d870f5ef3981057e333907efd29bebd8b2a9fab9774a724a,,functional_unit,OR,path:hsa04010
fu:f8b5a6dccbd91312a28c9d47294c38427d8763525fcaf8172cca03e37d79d260,,functional_unit,OR,path:hsa04010
fu:a4db95ef208ce958a72df0d50c1bac730763d86c9ea131c0377afcec7f8a1630,,functional_unit,OR,path:hsa04010
fu:3caf9b5f87d63a70dcce3412b65339de9f6db6b4b8d56a08e8f080aff1a80317,,functional_unit,OR,path:hsa04010
fu:a7d43ed04225d75593d792806ecf4a7fdcdfabd65b78644a89e5d02dab1ab986,,functional_unit,SINGLE,path:hsa04010
fu:0ef7119158f6e7096af420c6896d2c0afde93ae9637687b67a86792ee12a0849,,functional_unit,OR,path:hsa04010
fu:23003cc3a6e4336f73efcdefa0ddbd755969f236009a787ba49c7c4de1489970,,functional_unit,OR,path:hsa04010
fu:a6568a8e7f6d1d00af363f369b76cf7feb3a146655301de5892db4c0b5b9d267,,functional_unit,SINGLE,path:hsa04010
fu:72ceeb85a358ba2e0b395a84a66a9098b065bb75cf51517e41ef59c6cf3c06f1,,functional_unit,SINGLE,path:hsa04010
fu:3603721dc6150b3ca8c6dee07a03605d58860c1bea34f99d1269155bd1bcb71f,,functional_unit,SINGLE,path:hsa04010
fu:6e5b131afbce3d1df86f03296fcb9d52e8eba109bb0c90b3290459f6e2c6836b,,functional_unit,SINGLE,path:hsa04010
fu:faeeef089143868dcab1f96199246470dd349ff96a58fa9ae19a4f46b9fdc600,,functional_unit,SINGLE,path:hsa04010
fu:a491a4a93c7a5b3545e9138d2491ad01aebad799f785ad34cfde0e3b6cdab6e2,,functional_unit,OR,path:hsa04010
fu:77f06af5a0aab9e9dcb0edc3d729129a9955288974a01b527e11f1b450404679,,functional_unit,OR,path:hsa04010
fu:060db228d4ecce344877a67f06d280345ff592f6c987f9e36e3628a14360a506,,functional_unit,SINGLE,path:hsa04010
fu:d44cc061253604eb6006e72d5980a409463e18b72b14c3c9fcd4c1e50b74f48a,,functional_unit,SINGLE,path:hsa04010
fu:f88cbaa674b264c130f58bfe224fa3b91eb284cef051b2c90b90249863426945,,functional_unit,SINGLE,path:hsa04010
fu:41ffad66a200d33fabc1300aec6b68a20722f16eaeb15a4a189a6dc9b2a040cf,,functional_unit,SINGLE,path:hsa04010
fu:8f13ff740df8095b99cce4b96dd9ff0b69db89d0c1930b81f2219908d8d98448,,functional_unit,SINGLE,path:hsa04010
fu:9fbdb9acadbc502fde41fa15cad72ee6c4b1735b385386ad455a3be9da20d4e7,,functional_unit,SINGLE,path:hsa04010
fu:f06860e53c0a9a25dbf66d3e003b358f514b58b6583679bf02ad7c4b05b32be6,,functional_unit,SINGLE,path:hsa04010
fu:314abd3f1a80d90d99e4588c090a9959f880fd18a1404d488ee74ee59050e73c,,functional_unit,SINGLE,path:hsa04010
fu:8a37282185578ee5dea62e0f494f6b10a5324536fe7884549618835209cbca40,,functional_unit,OR,path:hsa04010
fu:bf7ffc74f2f067253366827c8046f7ac095347fc168b9c8d7b787b11097e36c8,,functional_unit,SINGLE,path:hsa04010
fu:b1f6c3beda88e32db9a1c91b46f83767c39b7e91b9c28ac1cc808047932f86ed,,functional_unit,SINGLE,path:hsa04010
fu:e32b8fece975aa413d0c66ef57c2c6431dbdc9d9c00d928e5bc622afc850176a,,functional_unit,SINGLE,path:hsa04010
fu:14f7c1fd37f9324fbeb68563c0c7c5517c8e147f56bbfbb62481da30ba59a2c5,,functional_unit,OR,path:hsa04010
fu:30387a5244329a17de2105eaeef1ae8376e6d1c9940d3b89ca55dde11ab7cbd2,,functional_unit,SINGLE,path:hsa04010
fu:93844188cb5d23fdb58e10f01ec3188139005677c1d65133d7c5ead1053f5466,,functional_unit,OR,path:hsa04010
fu:1971bb21cb4f30fdbd158cb4151f34bf54151324d1c2494cd8d9292b4ab61b64,,functional_unit,OR,path:hsa04010
fu:3ab2780dd65cffc1aa792f93856cfad3af965e6949091c11ace0617c7e5f7966,,functional_unit,SINGLE,path:hsa04010
fu:dbecf5814b919a5477a1db710f8ce2a7fe9429da1b31b98cd420e1769a1521eb,,functional_unit,SINGLE,path:hsa04010
fu:f4aecfe0c2d4c27d52cc48fbfb186b34d566db8d769df1f95051ba02b941ad08,,functional_unit,SINGLE,path:hsa04010
fu:e83f952748bfdcdfaf1303c14744414b7da3dc579cda08de13ccdb141b1ffcf8,,functional_unit,SINGLE,path:hsa04010
fu:707ad0cffc5b2d86d8aad1dad285c9cd5f0366686ed8faf34c59d320275d038f,,functional_unit,SINGLE,path:hsa04010
fu:d80c47e1dba166f4874b2637583715bc20305f047c34e535e86549a4d3d9c9e2,,functional_unit,SINGLE,path:hsa04010
fu:267e9b7495a2eaa9b52ce91d24ebed00d1e401eb04cbdd9644b0ff39c9ca66cd,,functional_unit,OR,path:hsa04010
fu:ef688c4ec36356da7eefa0c49bfa0a5e96ff990eed219ada6d9abc7a38458d75,,functional_unit,OR,path:hsa04010
fu:e2934f5d4ef6f7d0c67f21211cd0340578845e045e204d4f12259c3d824f49e6,,functional_unit,SINGLE,path:hsa04010
fu:dc1f1e1be93989da184dd91a8eaba3e4dfa927f9f847f7f79837dae53b6ba5a8,,functional_unit,OR,path:hsa04010
fu:af957d1a488bdb5520aecc509790477724498447d1d7ad70725f6d528bb25c35,,functional_unit,SINGLE,path:hsa04010
fu:8efc10cbfd99ec3e71e313995c667990c94ce221f78172e5ba1d3e140f494a08,,functional_unit,SINGLE,path:hsa04010
fu:7a26cd747a6505cddfeceb5cffc616cbeb57015d3e0c86da76aaef5e97b23075,,functional_unit,SINGLE,path:hsa04010
fu:8b4b37dde9297be3a7aa05f21387bc4e2f98f2066b2f0bd76029efdde2646e33,,functional_unit,OR,path:hsa04010
fu:ef64a04e6eb9bb891ecf997f6231b9cb6a7a60af1443e1ceb32247de499b1c7f,,functional_unit,SINGLE,path:hsa04010
fu:99c792bf24bd8470d9d8f58b63485924b54aaac9ddcd6fc3b7996709a7aafbbd,,functional_unit,SINGLE,path:hsa04010
fu:e37d9f844fe93199980e75b6594566f373ded48f1a0695a3a6f9f9bbe3ea030e,,functional_unit,SINGLE,path:hsa04010
fu:0703554ac1e7565530f6d3e1784ed58f16c1e94180e2141a707900bd368d48dc,,functional_unit,SINGLE,path:hsa04010
fu:630cce7c8d9901928b0c78cf448e6f77ee67e3be763c1b5bab16266ca7cfa1dc,,functional_unit,SINGLE,path:hsa04010
fu:e5efccfa66ff88c22d8765f7dd1908a312dad6ab035a7b662081fb103b3b82a1,,functional_unit,OR,path:hsa04010
fu:1c8896adfb60b496bbaf8a353bc1a6a30cd72e318c595d5031e7ff39f9f7123c,,functional_unit,SINGLE,path:hsa04010
fu:7b6284f4c2b526ab2d7cb940b0113b982b45c605e7c3729c30b0b6aca5787220,,functional_unit,OR,path:hsa04010
fu:c88ab1d093b1f4ab935c82c129aefd75cc07462c254874e404dab00041d5c23d,,functional_unit,SINGLE,path:hsa04010
fu:0bce84db48c33c5b723bda96de34203742d95bae1976b69d1191cd1de5db70fd,,functional_unit,OR,path:hsa04010
fu:5e420f05941cb6081a43c727000f0b965ad45587569a1cae885a869c189597e1,,functional_unit,OR,path:hsa04010
fu:070787e0eee7c3367cfc05caf8a0b56fb6b7087da1bdb7ef856b82b003fb4ad3,,functional_unit,SINGLE,path:hsa04010
fu:d78ed0db3508b2aa17dc827aa3f88aae379f26cffaf904f93b7b79cec45d6a62,,functional_unit,SINGLE,path:hsa04010
fu:7f70d17efa90142ca77a409f0c4e42ab5b836174a5abbfe3f603ec7f31636bac,,functional_unit,OR,path:hsa04010
fu:cde18ec7f1018c3c86907179b8598407aadb36c2e3d26b49b9b097e7f1beca6e,,functional_unit,OR,path:hsa04010
fu:379625cf06357b4b29b1d55e785c1e28d82490773419743bc08dd1e8bd916bc3,,functional_unit,OR,path:hsa04010
fu:e20f673cdbe78e5034978bf2aec75777804c53a479173e0bfb1dd7a521e6e848,,functional_unit,OR,path:hsa04010
fu:f44c4d5b4226c60553d0f6903611ae990e52aba4907f1f988ae6d1ccfc96f64c,,functional_unit,SINGLE,path:hsa04010
fu:cab4c0dfaf176f821d8da5295bab1d724f6d2a7c5161cdb80ef9bde2fcb4ce75,,functional_unit,SINGLE,path:hsa04010
fu:93aad4ff610522c3ba3481ba5492db8cf4c58ced3f174bd6c54b20f38b650811,,functional_unit,OR,path:hsa04010
fu:75b95b749ca9ff695ba1ecaad0e211429ecaf95e6593eb65a1570213726335da,,functional_unit,SINGLE,path:hsa04010
fu:24c02a9cb276f47b5796c2fc03e071e00f423adddf7dd360f2117a7be79dc85e,,functional_unit,OR,path:hsa04010
fu:712d3f2e307960712f8f7ac892448bd5ad630cae9b7dd97ace1239619c801efe,,functional_unit,OR,path:hsa04010
fu:119a02db8768ceadfa489122d36db5b603659dcd389dbcf9865822153e9b6444,,functional_unit,SINGLE,path:hsa04010
fu:01884b0bfdcf66b05b497ff9b30c888f71b830761896fa8e89417b95184f5887,,functional_unit,OR,path:hsa04010
fu:7417886e9b78d222bf76013510b68facd9af928d820275a2630d2ba7a81fe4e0,,functional_unit,SINGLE,path:hsa04010
fu:f586a471f3c6e2af967760b25d2ed62d4a51518fedb409cf8d531cbbe2c26571,,functional_unit,OR,path:hsa04010
fu:c72347a55259e53ea590f60265fd56b19d8b036a58cfce375b71fab05fcdaba7,,functional_unit,SINGLE,path:hsa04010
fu:831688651754a31459e25059fa08a0fc4eb62265a6ec20f0cffd7edf13b27f09,,functional_unit,SINGLE,path:hsa04010
fu:5967974e6c51ae9a416c13856c81a3c246da5ea58e14acb820579117ad3a396d,,functional_unit,OR,path:hsa04010
fu:9db10e5dd5e606df1c6d82024a02825a4ad9d330f2e89c67e2675dfb21f20456,,functional_unit,SINGLE,path:hsa04010
fu:1b3dbcb87d2db0a8cec37777b136cb88c0927a5376660e801d81733e29df0b54,,functional_unit,SINGLE,path:hsa04010
fu:a3f2663b5aa95d79437c936a473af8d38654e8e751e07eb3a2ceed2d799c8741,,functional_unit,SINGLE,path:hsa04010
fu:7edb4bc0989a78ab2f3c7aa4c9c5513820d48df0e51b3c7534b3b43a973bf331,,functional_unit,SINGLE,path:hsa04010
fu:323518dc763dadc1e277c74122e9b3b085639abe76d024c1ad0765b21ee8f554,,functional_unit,SINGLE,path:hsa04010
fu:2e0adbfe408d82b32ac46cefc7a79593a21d7a7230f6a6a7355fd21a63264e33,,functional_unit,SINGLE,path:hsa04010
fu:5c3f19b6b6afc7965298124bc3ff079a2dc95b1381cd495b44bd15b1d9bd90ab,,functional_unit,SINGLE,path:hsa04010
fu:89c532737e78ce58a2a94fb6ef993106ebe40f26c0185c543369f5ff5d6fcf1d,,functional_unit,SINGLE,path:hsa04010
fu:852e63fe5a79f0e72a09cb4e9301ed0742c224033cf0ba77fe747dc2d1b60e39,,functional_unit,SINGLE,path:hsa04010
fu:1293aabc7d9be29c2a493d302247e58520146c546c1956cda254be8480c527de,,functional_unit,OR,path:hsa04010
fu:84692161c0557d0f75da23e1f5a34e6ef09ce8d0dfa0a79ba2fb35501b68c6aa,,functional_unit,OR,path:hsa04010
fu:5670ba6c97f929ace90df9c33a929c195cffe83dc50fe4304d743795dfd92dbb,,functional_unit,OR,path:hsa04010
fu:e0c5c39903ec776bd435971db9105b1318f9e061b0379d3026c0565f13091456,,functional_unit,SINGLE,path:hsa04010
fu:9f4809138a800ea38b00483325afcc23f9df85066bdafd0394186142781b312b,,functional_unit,SINGLE,path:hsa04010
fu:198e05b949c4888a5ff3b09f9f893d3b98d70ab34defa0436e0a3f30f0fb11f1,,functional_unit,OR,path:hsa04010
fu:5d98fc210da7e2e1c74ce5cc25faed3242559c521d65c334990558f5842cff4b,,functional_unit,SINGLE,path:hsa04010
fu:6738a5cb3d1acef83359ebd1f24a746c53764177a20a976b4f4c11ff24a3a794,,functional_unit,AND,path:hsa04010
fu:5c1da86a671666064947fab8dc2c8783e502175cefa547a79fe0fafcad53550d,,functional_unit,AND,path:hsa04010
