id,type,logic
RASGRF1,gene,
RASGRF2,gene,
fu:ea3af571,functional_unit,OR
DUSP10,gene,
DUSP1,gene,
DUSP2,gene,
DUSP4,gene,
DUSP5,gene,
DUSP6,gene,
DUSP7,gene,
DUSP8,gene,
DUSP9,gene,
DUSP16,gene,
fu:bd9bd64d,functional_unit,OR
DUSP3,gene,
PTPN7,gene,
PTPRR,gene,
PTPN5,gene,
fu:645ada17,functional_unit,OR
PPM1B,gene,
fu:3c67a02d,functional_unit,SINGLE
FASLG,gene,
fu:d4ebbf2b,functional_unit,SINGLE
MAP4K4,gene,
fu:f0d46f11,functional_unit,SINGLE
PLA2G4B,gene,
PLA2G4E,gene,
PLA2G4F,gene,
PLA2G4D,gene,
PLA2G4A,gene,
PLA2G4C,gene,
JMJD7-PLA2G4B,gene,
fu:0c2b138c,functional_unit,OR
STMN1,gene,
fu:e661480b,functional_unit,SINGLE
MAPT,gene,
fu:7e702847,functional_unit,SINGLE
NFKB1,gene,
NFKB2,gene,
RELA,gene,
RELB,gene,
fu:3c93b301,functional_unit,OR
CHUK,gene,
IKBKB,gene,
IKBKG,gene,
fu:523a744b,functional_unit,OR
MAP3K14,gene,
fu:b9ec221f,functional_unit,SINGLE
MAPK1,gene,
MAPK3,gene,
fu:7c6d4d4a,functional_unit,OR
LAMTOR3,gene,
fu:93eeec94,functional_unit,SINGLE
MAP2K2,gene,
fu:4781eb07,functional_unit,SINGLE
MAP2K1,gene,
fu:ee804b17,functional_unit,SINGLE
RAF1,gene,
fu:5324c493,functional_unit,SINGLE
BRAF,gene,
fu:7cec7b64,functional_unit,SINGLE
RASA1,gene,
fu:30ad397b,functional_unit,SINGLE
NF1,gene,
fu:3968d652,functional_unit,SINGLE
PRKCA,gene,
PRKCB,gene,
PRKCG,gene,
fu:6fc31f40,functional_unit,OR
RAP1A,gene,
RAP1B,gene,
fu:5264ac6f,functional_unit,OR
PRKACA,gene,
PRKACB,gene,
PRKACG,gene,
fu:0ddd2c17,functional_unit,OR
RAPGEF2,gene,
fu:cbc27d79,functional_unit,SINGLE
RASA2,gene,
fu:7d8d1672,functional_unit,SINGLE
RRAS2,gene,
MRAS,gene,
HRAS,gene,
KRAS,gene,
NRAS,gene,
RRAS,gene,
fu:cb603216,functional_unit,OR
RASGRP1,gene,
RASGRP2,gene,
RASGRP4,gene,
RASGRP3,gene,
fu:a6602c7f,functional_unit,OR
SOS1,gene,
SOS2,gene,
fu:9bd0df30,functional_unit,OR
GNA12,gene,
GNG12,gene,
fu:c3d880e8,functional_unit,OR
GRB2,gene,
fu:0d65318d,functional_unit,SINGLE
CSF1R,gene,
EGFR,gene,
EPHA2,gene,
ERBB2,gene,
ERBB3,gene,
ERBB4,gene,
FGFR1,gene,
FGFR3,gene,
FGFR2,gene,
FGFR4,gene,
FLT1,gene,
FLT3,gene,
FLT4,gene,
IGF1R,gene,
INSR,gene,
KDR,gene,
KIT,gene,
MET,gene,
NGFR,gene,
NTRK1,gene,
NTRK2,gene,
PDGFRA,gene,
PDGFRB,gene,
RET,gene,
TEK,gene,
fu:727cb396,functional_unit,OR
CACNG3,gene,
CACNG2,gene,
CACNG5,gene,
CACNG4,gene,
CACNA2D3,gene,
CACNG8,gene,
CACNG7,gene,
CACNG6,gene,
CACNA1A,gene,
CACNA1B,gene,
CACNA1C,gene,
CACNA1D,gene,
CACNA1E,gene,
CACNA1F,gene,
CACNA1S,gene,
CACNA2D1,gene,
CACNB1,gene,
CACNB2,gene,
CACNB3,gene,
CACNB4,gene,
CACNG1,gene,
CACNA1I,gene,
CACNA1H,gene,
CACNA1G,gene,
CACNA2D2,gene,
CACNA2D4,gene,
fu:bd379c39,functional_unit,OR
NR4A1,gene,
fu:14d50a78,functional_unit,SINGLE
MAPK7,gene,
fu:f05aba10,functional_unit,SINGLE
MAP2K5,gene,
fu:faf1b7e0,functional_unit,SINGLE
NLK,gene,
fu:db8a4a8a,functional_unit,SINGLE
CDC25B,gene,
fu:e45fbd5c,functional_unit,SINGLE
RPS6KA4,gene,
RPS6KA5,gene,
fu:b8ada536,functional_unit,OR
MAPKAPK3,gene,
MAPKAPK2,gene,
fu:8c7ba104,functional_unit,OR
ATF4,gene,
fu:7bca3a7b,functional_unit,SINGLE
MEF2C,gene,
fu:f101a6f1,functional_unit,SINGLE
MAX,gene,
fu:45df5340,functional_unit,SINGLE
DDIT3,gene,
fu:dda08e08,functional_unit,SINGLE
ELK4,gene,
fu:0a37beb9,functional_unit,SINGLE
TP53,gene,
fu:31725aa3,functional_unit,SINGLE
ELK1,gene,
fu:5fde3828,functional_unit,SINGLE
ATF2,gene,
fu:bfc9ae48,functional_unit,SINGLE
MAPK14,gene,
MAPK11,gene,
MAPK13,gene,
MAPK12,gene,
fu:5800992d,functional_unit,OR
PPP5C,gene,
fu:306b6021,functional_unit,SINGLE
MAP2K6,gene,
fu:5e60e9dc,functional_unit,SINGLE
MAP2K3,gene,
fu:416a5afd,functional_unit,SINGLE
fu:da3df1ca,functional_unit,OR
fu:7da6eba5,functional_unit,OR
PPM1A,gene,
fu:5dc42453,functional_unit,SINGLE
AKT3,gene,
AKT1,gene,
AKT2,gene,
fu:41203a8a,functional_unit,OR
TAOK3,gene,
TAOK1,gene,
TAOK2,gene,
fu:0c8f7154,functional_unit,OR
MAP3K4,gene,
fu:8cf03d63,functional_unit,SINGLE
HSPB1,gene,
fu:6953fac9,functional_unit,SINGLE
MAP3K7,gene,
fu:cabad419,functional_unit,SINGLE
MAP3K5,gene,
fu:aacf07bb,functional_unit,SINGLE
MAP3K6,gene,
fu:e9c5128e,functional_unit,SINGLE
MAP3K20,gene,
fu:8ce177b4,functional_unit,SINGLE
MAP3K12,gene,
MAP3K13,gene,
fu:1ee1c600,functional_unit,OR
MAP3K9,gene,
MAP3K10,gene,
MAP3K21,gene,
fu:e7b77b07,functional_unit,OR
MAP4K2,gene,
fu:b8f9f795,functional_unit,SINGLE
STK3,gene,
STK4,gene,
fu:b9db94ef,functional_unit,OR
ECSIT,gene,
fu:3285e573,functional_unit,SINGLE
TAB2,gene,
fu:545ebf7d,functional_unit,SINGLE
TAB1,gene,
fu:d7d24a4c,functional_unit,SINGLE
GADD45G,gene,
GADD45A,gene,
GADD45B,gene,
fu:41822415,functional_unit,OR
TRAF6,gene,
fu:4d346bcc,functional_unit,SINGLE
DAXX,gene,
fu:02465256,functional_unit,SINGLE
TRAF2,gene,
fu:af1b2d2f,functional_unit,SINGLE
CASP3,gene,
fu:eda4acea,functional_unit,SINGLE
CD14,gene,
fu:cec976f1,functional_unit,SINGLE
TGFBR1,gene,
TGFBR2,gene,
fu:e1dd59a5,functional_unit,OR
FAS,gene,
fu:12950895,functional_unit,SINGLE
IL1R1,gene,
IL1RAP,gene,
fu:9274968e,functional_unit,OR
TNFRSF1A,gene,
fu:cb1c88d1,functional_unit,SINGLE
TGFB1,gene,
TGFB2,gene,
TGFB3,gene,
fu:619d8916,functional_unit,OR
IL1A,gene,
IL1B,gene,
fu:5b3ce1d9,functional_unit,OR
TNF,gene,
fu:93677f06,functional_unit,SINGLE
MAPKAPK5,gene,
fu:9ac97dd2,functional_unit,SINGLE
RAC1,gene,
RAC2,gene,
RAC3,gene,
CDC42,gene,
fu:e2794b69,functional_unit,OR
PAK1,gene,
PAK2,gene,
fu:9a263ecd,functional_unit,OR
MAP3K2,gene,
MAP3K3,gene,
fu:6dc0c7f6,functional_unit,OR
MAPK8IP2,gene,
MAPK8IP1,gene,
fu:92589075,functional_unit,OR
MAP3K11,gene,
fu:28d07664,functional_unit,SINGLE
MAP2K7,gene,
fu:66672553,functional_unit,SINGLE
MAPK8,gene,
MAPK9,gene,
MAPK10,gene,
fu:fefb3eac,functional_unit,OR
MAP2K4,gene,
fu:d7921de4,functional_unit,SINGLE
CRK,gene,
CRKL,gene,
fu:5d3f8d6d,functional_unit,OR
ARRB1,gene,
ARRB2,gene,
fu:05519816,functional_unit,OR
MECOM,gene,
fu:6a22a160,functional_unit,SINGLE
HSPA1A,gene,
HSPA1B,gene,
HSPA1L,gene,
HSPA6,gene,
HSPA8,gene,
fu:5fff24cf,functional_unit,OR
JUND,gene,
fu:f5686479,functional_unit,SINGLE
FOS,gene,
JUN,gene,
fu:1b813b45,functional_unit,OR
NFATC3,gene,
fu:55bfa81d,functional_unit,SINGLE
NFATC1,gene,
fu:73b76124,functional_unit,SINGLE
PPP3CA,gene,
PPP3CB,gene,
PPP3CC,gene,
PPP3R1,gene,
PPP3R2,gene,
fu:ff2e7a0f,functional_unit,OR
MAPK8IP3,gene,
fu:be5424aa,functional_unit,SINGLE
FLNA,gene,
fu:d00c086a,functional_unit,SINGLE
MAP3K1,gene,
fu:210acb65,functional_unit,SINGLE
MAP3K8,gene,
fu:eadbb23d,functional_unit,SINGLE
MAP4K1,gene,
fu:c7fdd986,functional_unit,SINGLE
MAP4K3,gene,
fu:d0d79cd1,functional_unit,SINGLE
fu:5926e68e,functional_unit,SINGLE
SRF,gene,
fu:dc542d4d,functional_unit,SINGLE
MYC,gene,
fu:fc6a389a,functional_unit,SINGLE
fu:f449b983,functional_unit,SINGLE
fu:7b593a5c,functional_unit,SINGLE
fu:f64183b7,functional_unit,SINGLE
RPS6KA6,gene,
RPS6KA1,gene,
RPS6KA2,gene,
RPS6KA3,gene,
fu:99084968,functional_unit,OR
MKNK2,gene,
MKNK1,gene,
fu:642e62d6,functional_unit,OR
EFNA4-EFNA3,gene,
CSF1,gene,
EFNA1,gene,
EFNA2,gene,
EFNA3,gene,
EFNA4,gene,
EFNA5,gene,
EGF,gene,
EREG,gene,
FGF1,gene,
FGF2,gene,
FGF3,gene,
FGF4,gene,
FGF5,gene,
FGF6,gene,
FGF7,gene,
FGF8,gene,
FGF9,gene,
FGF10,gene,
VEGFD,gene,
FLT3LG,gene,
FGF20,gene,
FGF21,gene,
GDNF,gene,
FGF22,gene,
ANGPT1,gene,
ANGPT2,gene,
HGF,gene,
IGF1,gene,
IGF2,gene,
INS,gene,
AREG,gene,
KITLG,gene,
NGF,gene,
NRTN,gene,
NTF3,gene,
NTF4,gene,
ANGPT4,gene,
PDGFA,gene,
PDGFB,gene,
PGF,gene,
PDGFC,gene,
PSPN,gene,
BDNF,gene,
TGFA,gene,
VEGFA,gene,
VEGFB,gene,
VEGFC,gene,
PDGFD,gene,
FGF23,gene,
FGF18,gene,
FGF17,gene,
FGF16,gene,
ARTN,gene,
FGF19,gene,
fu:0d329cca,functional_unit,OR
TRADD,gene,
fu:fd78464d,functional_unit,SINGLE
MYD88,gene,
fu:c2e0c4ae,functional_unit,SINGLE
IRAK1,gene,
IRAK4,gene,
fu:622bda7f,functional_unit,OR
ARAF,gene,
fu:d0ad993a,functional_unit,SINGLE
fu:0b389115,functional_unit,SINGLE
fu:8f8c2fbf,functional_unit,AND
fu:839c82c3,functional_unit,AND
MIMAT0000680,mir,
MIMAT0002875,mir,
MIMAT0000456,mir,
MIMAT0002819,mir,
MIMAT0019025,mir,
MIMAT0000075,mir,
MIMAT0000263,mir,
MIMAT0000278,mir,
MIMAT0000232,mir,
MIMAT0000243,mir,
MIMAT0004563,mir,
MIMAT0000646,mir,
MIMAT0019042,mir,
MIMAT0019799,mir,
MIMAT0000073,mir,
MIMAT0000074,mir,
MIMAT0000722,mir,
MIMAT0001629,mir,
MIMAT0002171,mir,
MIMAT0003221,mir,
MIMAT0016854,mir,
MIMAT0016860,mir,
MIMAT0004495,mir,
MIMAT0004597,mir,
MIMAT0002879,mir,
MIMAT0004507,mir,
MIMAT0000245,mir,
MIMAT0000451,mir,
MIMAT0000761,mir,
MIMAT0005573,mir,
MIMAT0005876,mir,
MIMAT0022721,mir,
MIMAT0032029,mir,
MIMAT0016901,mir,
MIMAT0016916,mir,
MIMAT0019844,mir,
MIMAT0021129,mir,
MIMAT0022290,mir,
MIMAT0022496,mir,
MIMAT0024614,mir,
MIMAT0027402,mir,
MIMAT0027506,mir,
MIMAT0027572,mir,
MIMAT0028117,mir,
MIMAT0031012,mir,
MIMAT0000092,mir,
MIMAT0002175,mir,
MIMAT0003280,mir,
MIMAT0022938,mir,
MIMAT0005583,mir,
MIMAT0019862,mir,
MIMAT0021124,mir,
MIMAT0027456,mir,
MIMAT0027470,mir,
MIMAT0027666,mir,
MIMAT0028211,mir,
MIMAT0030998,mir,
MIMAT0004609,mir,
MIMAT0019047,mir,
MIMAT0024613,mir,
MIMAT0027494,mir,
MIMAT0000072,mir,
MIMAT0004592,mir,
MIMAT0004671,mir,
MIMAT0019849,mir,
MIMAT0024617,mir,
MIMAT0004776,mir,
MIMAT0022741,mir,
MIMAT0027550,mir,
MIMAT0004697,mir,
MIMAT0021025,mir,
MIMAT0000080,mir,
MIMAT0000070,mir,
MIMAT0000255,mir,
MIMAT0005459,mir,
MIMAT0006764,mir,
MIMAT0018004,mir,
MIMAT0027377,mir,
MIMAT0027481,mir,
MIMAT0027682,mir,
MIMAT0000093,mir,
MIMAT0004949,mir,
MIMAT0005867,mir,
MIMAT0019213,mir,
MIMAT0015085,mir,
MIMAT0027626,mir,
MIMAT0000423,mir,
MIMAT0005792,mir,
MIMAT0018943,mir,
MIMAT0000066,mir,
MIMAT0000242,mir,
MIMAT0004550,mir,
MIMAT0004589,mir,
MIMAT0000424,mir,
MIMAT0001412,mir,
MIMAT0002876,mir,
MIMAT0026720,mir,
MIMAT0014984,mir,
MIMAT0018118,mir,
MIMAT0018181,mir,
MIMAT0018206,mir,
MIMAT0019006,mir,
MIMAT0019007,mir,
MIMAT0023711,mir,
MIMAT0024618,mir,
MIMAT0025485,mir,
MIMAT0027380,mir,
MIMAT0027443,mir,
MIMAT0027458,mir,
MIMAT0027460,mir,
MIMAT0027476,mir,
MIMAT0027498,mir,
MIMAT0027660,mir,
MIMAT0027668,mir,
MIMAT0028109,mir,
MIMAT0030415,mir,
MIMAT0030417,mir,
MIMAT0030422,mir,
MIMAT0004952,mir,
MIMAT0016903,mir,
MIMAT0025482,mir,
MIMAT0027430,mir,
MIMAT0027583,mir,
MIMAT0027595,mir,
MIMAT0027634,mir,
MIMAT0003271,mir,
MIMAT0000103,mir,
MIMAT0019778,mir,
MIMAT0000427,mir,
MIMAT0015023,mir,
MIMAT0015052,mir,
MIMAT0016853,mir,
MIMAT0016900,mir,
MIMAT0018940,mir,
MIMAT0019023,mir,
MIMAT0019895,mir,
MIMAT0027353,mir,
MIMAT0027408,mir,
MIMAT0027520,mir,
MIMAT0027573,mir,
MIMAT0000086,mir,
MIMAT0019021,mir,
MIMAT0021034,mir,
MIMAT0019853,mir,
MIMAT0000088,mir,
MIMAT0004703,mir,
MIMAT0027582,mir,
MIMAT0003273,mir,
MIMAT0004918,mir,
MIMAT0019233,mir,
MIMAT0019977,mir,
MIMAT0019854,mir,
MIMAT0015089,mir,
MIMAT0019882,mir,
MIMAT0021128,mir,
MIMAT0027491,mir,
MIMAT0027507,mir,
MIMAT0027675,mir,
MIMAT0004491,mir,
MIMAT0004492,mir,
MIMAT0000731,mir,
MIMAT0018971,mir,
MIMAT0019814,mir,
MIMAT0022260,mir,
MIMAT0027426,mir,
MIMAT0027614,mir,
MIMAT0027631,mir,
MIMAT0000069,mir,
MIMAT0016881,mir,
MIMAT0018349,mir,
MIMAT0027543,mir,
MIMAT0001080,mir,
MIMAT0000083,mir,
MIMAT0009206,mir,
MIMAT0019361,mir,
MIMAT0022714,mir,
MIMAT0005871,mir,
MIMAT0022273,mir,
MIMAT0027688,mir,
MIMAT0000454,mir,
MIMAT0003945,mir,
MIMAT0000422,mir,
MIMAT0000756,mir,
MIMAT0019050,mir,
MIMAT0022293,mir,
MIMAT0027358,mir,
MIMAT0027539,mir,
MIMAT0027655,mir,
MIMAT0028116,mir,
MIMAT0003256,mir,
MIMAT0027032,mir,
MIMAT0019928,mir,
MIMAT0023694,mir,
MIMAT0010195,mir,
MIMAT0000064,mir,
MIMAT0000095,mir,
MIMAT0004564,mir,
MIMAT0000432,mir,
MIMAT0000455,mir,
MIMAT0003385,mir,
MIMAT0000720,mir,
MIMAT0004692,mir,
MIMAT0000770,mir,
MIMAT0002833,mir,
MIMAT0002856,mir,
MIMAT0002874,mir,
MIMAT0003163,mir,
MIMAT0003255,mir,
MIMAT0003294,mir,
MIMAT0003298,mir,
MIMAT0004948,mir,
MIMAT0005929,mir,
MIMAT0006767,mir,
MIMAT0026917,mir,
MIMAT0013517,mir,
MIMAT0019200,mir,
MIMAT0014988,mir,
MIMAT0015021,mir,
MIMAT0018083,mir,
MIMAT0018980,mir,
MIMAT0019698,mir,
MIMAT0019721,mir,
MIMAT0019815,mir,
MIMAT0019838,mir,
MIMAT0019896,mir,
MIMAT0019953,mir,
MIMAT0019960,mir,
MIMAT0019978,mir,
MIMAT0022288,mir,
MIMAT0022491,mir,
MIMAT0024597,mir,
MIMAT0027363,mir,
MIMAT0027381,mir,
MIMAT0027391,mir,
MIMAT0027429,mir,
MIMAT0027508,mir,
MIMAT0027535,mir,
MIMAT0027562,mir,
MIMAT0027640,mir,
MIMAT0027647,mir,
MIMAT0028118,mir,
MIMAT0028119,mir,
MIMAT0028212,mir,
MIMAT0028224,mir,
MIMAT0033692,mir,
MIMAT0000261,mir,
MIMAT0000415,mir,
MIMAT0000435,mir,
MIMAT0000437,mir,
MIMAT0002811,mir,
MIMAT0002834,mir,
MIMAT0002838,mir,
MIMAT0004794,mir,
MIMAT0003248,mir,
MIMAT0003299,mir,
MIMAT0022710,mir,
MIMAT0015002,mir,
MIMAT0016851,mir,
MIMAT0018978,mir,
MIMAT0019082,mir,
MIMAT0019847,mir,
MIMAT0021043,mir,
MIMAT0021045,mir,
MIMAT0025478,mir,
MIMAT0027425,mir,
MIMAT0027448,mir,
MIMAT0027549,mir,
MIMAT0027624,mir,
MIMAT0027686,mir,
MIMAT0028115,mir,
MIMAT0030413,mir,
MIMAT0031181,mir,
MIMAT0004515,mir,
MIMAT0005457,mir,
MIMAT0002862,mir,
MIMAT0000265,mir,
MIMAT0000268,mir,
MIMAT0004780,mir,
MIMAT0027370,mir,
MIMAT0027427,mir,
MIMAT0000762,mir,
MIMAT0004762,mir,
MIMAT0025852,mir,
MIMAT0015024,mir,
MIMAT0015026,mir,
MIMAT0004920,mir,
MIMAT0032026,mir,
MIMAT0015008,mir,
MIMAT0018090,mir,
MIMAT0027683,mir,
MIMAT0027503,mir,
MIMAT0027553,mir,
MIMAT0005930,mir,
MIMAT0016863,mir,
MIMAT0022696,mir,
MIMAT0000760,mir,
MIMAT0018944,mir,
MIMAT0019720,mir,
MIMAT0004982,mir,
MIMAT0021033,mir,
MIMAT0027038,mir,
MIMAT0018190,mir,
MIMAT0019015,mir,
MIMAT0002830,mir,
MIMAT0003292,mir,
MIMAT0019715,mir,
MIMAT0019939,mir,
MIMAT0027526,mir,
MIMAT0027662,mir,
MIMAT0019737,mir,
MIMAT0027672,mir,
MIMAT0000617,mir,
MIMAT0000765,mir,
MIMAT0004595,mir,
MIMAT0019908,mir,
MIMAT0025841,mir,
MIMAT0027400,mir,
MIMAT0027544,mir,
MIMAT0030986,mir,
MIMAT0000717,mir,
MIMAT0000098,mir,
MIMAT0000099,mir,
MIMAT0026474,mir,
MIMAT0000244,mir,
MIMAT0000250,mir,
MIMAT0000420,mir,
MIMAT0001339,mir,
MIMAT0002821,mir,
MIMAT0014999,mir,
MIMAT0018074,mir,
MIMAT0018984,mir,
MIMAT0019031,mir,
MIMAT0000084,mir,
MIMAT0022844,mir,
MIMAT0000419,mir,
MIMAT0002877,mir,
MIMAT0017986,mir,
MIMAT0018109,mir,
MIMAT0022736,mir,
MIMAT0027667,mir,
MIMAT0027633,mir,
MIMAT0015004,mir,
MIMAT0019363,mir,
MIMAT0019855,mir,
MIMAT0027516,mir,
MIMAT0027536,mir,
MIMAT0018088,mir,
MIMAT0027416,mir,
MIMAT0000222,mir,
MIMAT0004598,mir,
MIMAT0000685,mir,
MIMAT0000738,mir,
MIMAT0018357,mir,
MIMAT0027396,mir,
MIMAT0027418,mir,
MIMAT0027486,mir,
MIMAT0027620,mir,
MIMAT0027643,mir,
MIMAT0027650,mir,
MIMAT0000443,mir,
MIMAT0005883,mir,
MIMAT0022724,mir,
MIMAT0012735,mir,
MIMAT0014989,mir,
MIMAT0022487,mir,
MIMAT0027412,mir,
MIMAT0027432,mir,
MIMAT0027646,mir,
MIMAT0000251,mir,
MIMAT0000461,mir,
MIMAT0004602,mir,
MIMAT0004493,mir,
MIMAT0004509,mir,
MIMAT0000104,mir,
MIMAT0000273,mir,
MIMAT0000281,mir,
MIMAT0002174,mir,
MIMAT0000751,mir,
MIMAT0004761,mir,
MIMAT0004748,mir,
MIMAT0021039,mir,
MIMAT0022294,mir,
MIMAT0027454,mir,
MIMAT0027587,mir,
MIMAT0015080,mir,
MIMAT0019041,mir,
MIMAT0023252,mir,
MIMAT0027678,mir,
MIMAT0000449,mir,
MIMAT0003322,mir,
MIMAT0017981,mir,
MIMAT0019043,mir,
MIMAT0021123,mir,
MIMAT0015077,mir,
MIMAT0019806,mir,
MIMAT0019885,mir,
MIMAT0021022,mir,
MIMAT0027414,mir,
MIMAT0027591,mir,
MIMAT0000438,mir,
MIMAT0027378,mir,
MIMAT0027528,mir,
MIMAT0009451,mir,
MIMAT0004701,mir,
MIMAT0024610,mir,
MIMAT0019868,mir,
MIMAT0004517,mir,
MIMAT0015035,mir,
MIMAT0004599,mir,
MIMAT0026612,mir,
MIMAT0022939,mir,
MIMAT0011161,mir,
MIMAT0018072,mir,
MIMAT0018937,mir,
MIMAT0018985,mir,
MIMAT0019033,mir,
MIMAT0019077,mir,
MIMAT0019723,mir,
MIMAT0019820,mir,
MIMAT0025462,mir,
MIMAT0028112,mir,
MIMAT0027027,mir,
MIMAT0018945,mir,
MIMAT0000684,mir,
MIMAT0000715,mir,
MIMAT0001413,mir,
MIMAT0004809,mir,
MIMAT0004983,mir,
MIMAT0022720,mir,
MIMAT0007883,mir,
MIMAT0019208,mir,
MIMAT0016889,mir,
MIMAT0019913,mir,
MIMAT0025481,mir,
MIMAT0025844,mir,
MIMAT0027457,mir,
MIMAT0027687,mir,
MIMAT0028111,mir,
MIMAT0028214,mir,
MIMAT0030426,mir,
MIMAT0019927,mir,
MIMAT0025854,mir,
MIMAT0002858,mir,
MIMAT0002867,mir,
MIMAT0004911,mir,
MIMAT0011163,mir,
MIMAT0011775,mir,
MIMAT0018201,mir,
MIMAT0019066,mir,
MIMAT0019965,mir,
MIMAT0019971,mir,
MIMAT0027673,mir,
MIMAT0014987,mir,
MIMAT0019210,mir,
MIMAT0022256,mir,
MIMAT0019761,mir,
MIMAT0022282,mir,
MIMAT0000252,mir,
MIMAT0000065,mir,
MIMAT0022693,mir,
MIMAT0002806,mir,
MIMAT0015030,mir,
MIMAT0019014,mir,
MIMAT0019776,mir,
MIMAT0027367,mir,
MIMAT0027467,mir,
MIMAT0027604,mir,
MIMAT0031010,mir,
MIMAT0019707,mir,
MIMAT0000425,mir,
MIMAT0018202,mir,
MIMAT0019703,mir,
MIMAT0000063,mir,
MIMAT0000271,mir,
MIMAT0019692,mir,
MIMAT0000231,mir,
MIMAT0004587,mir,
MIMAT0018926,mir,
MIMAT0018082,mir,
MIMAT0018927,mir,
MIMAT0018932,mir,
MIMAT0021041,mir,
MIMAT0003288,mir,
MIMAT0018119,mir,
MIMAT0004784,mir,
MIMAT0004927,mir,
MIMAT0018956,mir,
MIMAT0027103,mir,
MIMAT0004984,mir,
MIMAT0000256,mir,
MIMAT0000259,mir,
MIMAT0005913,mir,
MIMAT0015028,mir,
MIMAT0018952,mir,
MIMAT0023702,mir,
MIMAT0004767,mir,
MIMAT0018949,mir,
MIMAT0019921,mir,
MIMAT0027357,mir,
MIMAT0027439,mir,
MIMAT0004513,mir,
MIMAT0019841,mir,
MIMAT0027415,mir,
MIMAT0019938,mir,
MIMAT0027635,mir,
MIMAT0002173,mir,
MIMAT0002827,mir,
MIMAT0002829,mir,
MIMAT0000430,mir,
MIMAT0026613,mir,
MIMAT0000450,mir,
MIMAT0000690,mir,
MIMAT0004945,mir,
MIMAT0005939,mir,
MIMAT0025486,mir,
MIMAT0027602,mir,
MIMAT0027681,mir,
MIMAT0018087,mir,
MIMAT0027420,mir,
MIMAT0019069,mir,
MIMAT0003222,mir,
MIMAT0017999,mir,
MIMAT0019704,mir,
MIMAT0027384,mir,
MIMAT0005892,mir,
MIMAT0019836,mir,
MIMAT0000226,mir,
MIMAT0015087,mir,
MIMAT0000772,mir,
MIMAT0000279,mir,
MIMAT0004450,mir,
MIMAT0027578,mir,
MIMAT0030429,mir,
MIMAT0002853,mir,
MIMAT0026615,mir,
MIMAT0019062,mir,
MIMAT0027612,mir,
MIMAT0000417,mir,
MIMAT0026480,mir,
MIMAT0027421,mir,
MIMAT0030425,mir,
MIMAT0011777,mir,
MIMAT0018081,mir,
MIMAT0018122,mir,
MIMAT0019065,mir,
MIMAT0000726,mir,
MIMAT0022471,mir,
MIMAT0000100,mir,
MIMAT0000414,mir,
MIMAT0000681,mir,
MIMAT0001340,mir,
MIMAT0004792,mir,
MIMAT0010214,mir,
MIMAT0005794,mir,
MIMAT0013802,mir,
MIMAT0019890,mir,
MIMAT0027437,mir,
MIMAT0004680,mir,
MIMAT0005878,mir,
MIMAT0022492,mir,
MIMAT0027599,mir,
MIMAT0000076,mir,
MIMAT0002807,mir,
MIMAT0016852,mir,
MIMAT0021125,mir,
MIMAT0029310,mir,
MIMAT0035542,mir,
MIMAT0027369,mir,
MIMAT0000077,mir,
MIMAT0003276,mir,
MIMAT0022713,mir,
MIMAT0022838,mir,
MIMAT0015045,mir,
MIMAT0016880,mir,
MIMAT0021085,mir,
MIMAT0027394,mir,
MIMAT0027538,mir,
MIMAT0005793,mir,
MIMAT0019072,mir,
MIMAT0027610,mir,
MIMAT0000264,mir,
MIMAT0018107,mir,
MIMAT0030987,mir,
MIMAT0004768,mir,
MIMAT0004909,mir,
MIMAT0022255,mir,
MIMAT0003284,mir,
MIMAT0015065,mir,
MIMAT0017992,mir,
MIMAT0019073,mir,
MIMAT0027485,mir,
MIMAT0027537,mir,
MIMAT0030018,mir,
MIMAT0030430,mir,
MIMAT0027399,mir,
MIMAT0015083,mir,
MIMAT0016859,mir,
MIMAT0005920,mir,
MIMAT0022694,mir,
MIMAT0019719,mir,
MIMAT0009197,mir,
MIMAT0004603,mir,
MIMAT0000691,mir,
MIMAT0002826,mir,
MIMAT0003310,mir,
MIMAT0005592,mir,
MIMAT0018193,mir,
MIMAT0018200,mir,
MIMAT0019784,mir,
MIMAT0021080,mir,
MIMAT0027392,mir,
MIMAT0027409,mir,
MIMAT0027417,mir,
MIMAT0027442,mir,
MIMAT0027637,mir,
MIMAT0027685,mir,
MIMAT0004488,mir,
MIMAT0010313,mir,
MIMAT0019008,mir,
MIMAT0021021,mir,
MIMAT0027365,mir,
MIMAT0027466,mir,
MIMAT0027483,mir,
MIMAT0027621,mir,
MIMAT0006765,mir,
MIMAT0026623,mir,
MIMAT0015032,mir,
MIMAT0019027,mir,
MIMAT0002828,mir,
MIMAT0021086,mir,
MIMAT0018444,mir,
MIMAT0015378,mir,
MIMAT0019809,mir,
MIMAT0025857,mir,
MIMAT0015022,mir,
MIMAT0028223,mir,
MIMAT0019048,mir,
MIMAT0014992,mir,
MIMAT0010364,mir,
MIMAT0002822,mir,
MIMAT0013518,mir,
MIMAT0016855,mir,
MIMAT0018359,mir,
MIMAT0019051,mir,
MIMAT0019700,mir,
MIMAT0019827,mir,
MIMAT0019899,mir,
MIMAT0027356,mir,
MIMAT0027395,mir,
MIMAT0027463,mir,
MIMAT0027488,mir,
MIMAT0027505,mir,
MIMAT0004689,mir,
MIMAT0019762,mir,
MIMAT0003315,mir,
MIMAT0003316,mir,
MIMAT0005891,mir,
MIMAT0018005,mir,
MIMAT0019856,mir,
MIMAT0024615,mir,
MIMAT0027588,mir,
MIMAT0015069,mir,
MIMAT0004612,mir,
MIMAT0026740,mir,
MIMAT0005788,mir,
MIMAT0016917,mir,
MIMAT0019063,mir,
MIMAT0019772,mir,
MIMAT0025458,mir,
MIMAT0027419,mir,
MIMAT0000266,mir,
MIMAT0026476,mir,
MIMAT0005921,mir,
MIMAT0030982,mir,
MIMAT0027558,mir,
MIMAT0027630,mir,
MIMAT0028110,mir,
MIMAT0027438,mir,
MIMAT0019878,mir,
MIMAT0004694,mir,
MIMAT0031074,mir,
MIMAT0017997,mir,
MIMAT0018070,mir,
MIMAT0018977,mir,
MIMAT0027375,mir,
MIMAT0027524,mir,
MIMAT0004795,mir,
MIMAT0021023,mir,
MIMAT0004548,mir,
MIMAT0004605,mir,
MIMAT0030021,mir,
MIMAT0000421,mir,
MIMAT0003885,mir,
MIMAT0019232,mir,
MIMAT0018953,mir,
MIMAT0019735,mir,
MIMAT0019850,mir,
MIMAT0019861,mir,
MIMAT0022283,mir,
MIMAT0025451,mir,
MIMAT0027568,mir,
MIMAT0028230,mir,
MIMAT0031004,mir,
MIMAT0002176,mir,
MIMAT0022705,mir,
MIMAT0021026,mir,
MIMAT0005914,mir,
MIMAT0015039,mir,
MIMAT0019060,mir,
MIMAT0019972,mir,
MIMAT0027345,mir,
MIMAT0027452,mir,
MIMAT0026477,mir,
MIMAT0026621,mir,
MIMAT0005798,mir,
MIMAT0005827,mir,
MIMAT0018098,mir,
MIMAT0018959,mir,
MIMAT0021020,mir,
MIMAT0021117,mir,
MIMAT0000253,mir,
MIMAT0000426,mir,
MIMAT0000457,mir,
MIMAT0004972,mir,
MIMAT0022940,mir,
MIMAT0005576,mir,
MIMAT0022289,mir,
MIMAT0004808,mir,
MIMAT0015040,mir,
MIMAT0003879,mir,
MIMAT0000062,mir,
MIMAT0004553,mir,
MIMAT0000682,mir,
MIMAT0004501,mir,
MIMAT0027671,mir,
MIMAT0019833,mir,
MIMAT0000764,mir,
MIMAT0003283,mir,
MIMAT0027397,mir,
MIMAT0004763,mir,
MIMAT0002844,mir,
MIMAT0002863,mir,
MIMAT0002864,mir,
MIMAT0004773,mir,
MIMAT0002872,mir,
MIMAT0004778,mir,
MIMAT0022943,mir,
MIMAT0026736,mir,
MIMAT0019199,mir,
MIMAT0019209,mir,
MIMAT0019216,mir,
MIMAT0016886,mir,
MIMAT0019064,mir,
MIMAT0019079,mir,
MIMAT0019080,mir,
MIMAT0019705,mir,
MIMAT0019710,mir,
MIMAT0019739,mir,
MIMAT0019755,mir,
MIMAT0019767,mir,
MIMAT0027431,mir,
MIMAT0027523,mir,
MIMAT0027622,mir,
MIMAT0027652,mir,
MIMAT0027680,mir,
MIMAT0000067,mir,
MIMAT0005907,mir,
MIMAT0015031,mir,
MIMAT0018089,mir,
MIMAT0022975,mir,
MIMAT0019359,mir,
MIMAT0022469,mir,
MIMAT0027530,mir,
MIMAT0019777,mir,
MIMAT0027387,mir,
MIMAT0028120,mir,
MIMAT0000087,mir,
MIMAT0000692,mir,
MIMAT0000737,mir,
MIMAT0000686,mir,
MIMAT0000723,mir,
MIMAT0003291,mir,
MIMAT0005884,mir,
MIMAT0022292,mir,
MIMAT0000082,mir,
MIMAT0004551,mir,
MIMAT0000269,mir,
MIMAT0031001,mir,
MIMAT0000081,mir,
MIMAT0000101,mir,
MIMAT0000431,mir,
MIMAT0004979,mir,
MIMAT0011778,mir,
MIMAT0018187,mir,
MIMAT0027607,mir,
MIMAT0002891,mir,
MIMAT0004693,mir,
MIMAT0001635,mir,
MIMAT0003312,mir,
MIMAT0003880,mir,
MIMAT0015076,mir,
MIMAT0016868,mir,
MIMAT0027618,mir,
MIMAT0027632,mir,
MIMAT0000693,mir,
MIMAT0004498,mir,
MIMAT0000718,mir,
MIMAT0004802,mir,
MIMAT0026622,mir,
MIMAT0003330,mir,
MIMAT0005582,mir,
MIMAT0026737,mir,
MIMAT0015003,mir,
MIMAT0015073,mir,
MIMAT0019218,mir,
MIMAT0018957,mir,
MIMAT0018974,mir,
MIMAT0019018,mir,
MIMAT0019769,mir,
MIMAT0019954,mir,
MIMAT0021081,mir,
MIMAT0022486,mir,
MIMAT0023714,mir,
MIMAT0025468,mir,
MIMAT0027447,mir,
MIMAT0027615,mir,
MIMAT0027659,mir,
MIMAT0031180,mir,
MIMAT0002816,mir,
MIMAT0003328,mir,
MIMAT0016915,mir,
MIMAT0018934,mir,
MIMAT0027514,mir,
MIMAT0000447,mir,
MIMAT0002836,mir,
MIMAT0003270,mir,
MIMAT0003320,mir,
MIMAT0017989,mir,
MIMAT0026472,mir,
MIMAT0003218,mir,
MIMAT0010497,mir,
MIMAT0004970,mir,
MIMAT0018105,mir,
MIMAT0018973,mir,
MIMAT0019923,mir,
MIMAT0019937,mir,
MIMAT0027041,mir,
MIMAT0022301,mir,
MIMAT0025454,mir,
MIMAT0027368,mir,
MIMAT0027440,mir,
MIMAT0027534,mir,
MIMAT0027651,mir,
MIMAT0019201,mir,
MIMAT0023715,mir,
MIMAT0027413,mir,
MIMAT0030990,mir,
MIMAT0019215,mir,
MIMAT0019690,mir,
MIMAT0022272,mir,
MIMAT0027465,mir,
MIMAT0019980,mir,
MIMAT0002882,mir,
MIMAT0011156,mir,
MIMAT0016921,mir,
MIMAT0025471,mir,
MIMAT0027567,mir,
MIMAT0004487,mir,
MIMAT0000753,mir,
MIMAT0021127,mir,
MIMAT0000736,mir,
MIMAT0004957,mir,
MIMAT0005952,mir,
MIMAT0015037,mir,
MIMAT0027674,mir,
MIMAT0016925,mir,
MIMAT0025843,mir,
MIMAT0027489,mir,
MIMAT0027559,mir,
MIMAT0027575,mir,
MIMAT0030981,mir,
MIMAT0004772,mir,
MIMAT0019898,mir,
MIMAT0004489,mir,
MIMAT0022861,mir,
MIMAT0000724,mir,
MIMAT0002820,mir,
MIMAT0002846,mir,
MIMAT0002854,mir,
MIMAT0004814,mir,
MIMAT0018108,mir,
MIMAT0018355,mir,
MIMAT0018995,mir,
MIMAT0019358,mir,
MIMAT0019750,mir,
MIMAT0019969,mir,
MIMAT0027453,mir,
MIMAT0027598,mir,
MIMAT0027663,mir,
MIMAT0000732,mir,
MIMAT0003326,mir,
MIMAT0022711,mir,
MIMAT0007881,mir,
MIMAT0014982,mir,
MIMAT0015048,mir,
MIMAT0019012,mir,
MIMAT0027474,mir,
MIMAT0018189,mir,
MIMAT0024782,mir,
MIMAT0031000,mir,
MIMAT0019985,mir,
MIMAT0009447,mir,
MIMAT0015056,mir,
MIMAT0002841,mir,
MIMAT0004950,mir,
MIMAT0016878,mir,
MIMAT0019773,mir,
MIMAT0027566,mir,
MIMAT0000318,mir,
MIMAT0003881,mir,
MIMAT0004901,mir,
MIMAT0019793,mir,
MIMAT0019966,mir,
MIMAT0030421,mir,
MIMAT0019845,mir,
MIMAT0027690,mir,
MIMAT0027564,mir,
MIMAT0000071,mir,
MIMAT0000434,mir,
MIMAT0003317,mir,
MIMAT0027556,mir,
MIMAT0019837,mir,
MIMAT0019892,mir,
MIMAT0000091,mir,
MIMAT0000433,mir,
MIMAT0019734,mir,
MIMAT0019873,mir,
MIMAT0021017,mir,
MIMAT0002837,mir,
MIMAT0003250,mir,
MIMAT0003257,mir,
MIMAT0003888,mir,
MIMAT0010133,mir,
MIMAT0016909,mir,
MIMAT0018351,mir,
MIMAT0018933,mir,
MIMAT0018972,mir,
MIMAT0019695,mir,
MIMAT0019757,mir,
MIMAT0019789,mir,
MIMAT0019871,mir,
MIMAT0019924,mir,
MIMAT0019948,mir,
MIMAT0021019,mir,
MIMAT0021121,mir,
MIMAT0023710,mir,
MIMAT0023713,mir,
MIMAT0027455,mir,
MIMAT0027606,mir,
MIMAT0027616,mir,
MIMAT0027625,mir,
MIMAT0019893,mir,
MIMAT0022275,mir,
MIMAT0019053,mir,
MIMAT0022297,mir,
MIMAT0027490,mir,
MIMAT0027496,mir,
MIMAT0000089,mir,
MIMAT0000416,mir,
MIMAT0022298,mir,
MIMAT0022489,mir,
MIMAT0004508,mir,
MIMAT0007348,mir,
MIMAT0026921,mir,
MIMAT0018996,mir,
MIMAT0024599,mir,
MIMAT0010367,mir,
MIMAT0019225,mir,
MIMAT0019744,mir,
MIMAT0019763,mir,
MIMAT0005589,mir,
MIMAT0019019,mir,
MIMAT0003307,mir,
MIMAT0004674,mir,
MIMAT0002823,mir,
MIMAT0002808,mir,
MIMAT0002860,mir,
MIMAT0006778,mir,
MIMAT0004959,mir,
MIMAT0027561,mir,
MIMAT0030020,mir,
MIMAT0000068,mir,
MIMAT0000258,mir,
MIMAT0002842,mir,
MIMAT0003306,mir,
MIMAT0003948,mir,
MIMAT0019842,mir,
MIMAT0002809,mir,
MIMAT0002871,mir,
MIMAT0005904,mir,
MIMAT0022484,mir,
MIMAT0000428,mir,
MIMAT0027638,mir,
MIMAT0027656,mir,
MIMAT0003302,mir,
MIMAT0027554,mir,
MIMAT0022295,mir,
MIMAT0027636,mir,
MIMAT0016884,mir,
MIMAT0022967,mir,
MIMAT0018965,mir,
MIMAT0019835,mir,
MIMAT0026617,mir,
MIMAT0015041,mir,
MIMAT0015066,mir,
MIMAT0016871,mir,
MIMAT0018987,mir,
MIMAT0018930,mir,
MIMAT0019962,mir,
MIMAT0030416,mir,
MIMAT0031890,mir,
MIMAT0004565,mir,
MIMAT0000418,mir,
MIMAT0005869,mir,
MIMAT0019712,mir,
MIMAT0019788,mir,
MIMAT0027386,mir,
MIMAT0027389,mir,
MIMAT0028121,mir,
MIMAT0028227,mir,
MIMAT0000763,mir,
MIMAT0028213,mir,
MIMAT0019759,mir,
MIMAT0001343,mir,
MIMAT0003247,mir,
MIMAT0004947,mir,
MIMAT0018114,mir,
MIMAT0000759,mir,
MIMAT0003884,mir,
MIMAT0022946,mir,
MIMAT0019791,mir,
MIMAT0000257,mir,
MIMAT0007888,mir,
MIMAT0027499,mir,
MIMAT0019886,mir,
MIMAT0019214,mir,
MIMAT0027405,mir,
MIMAT0031179,mir,
MIMAT0004986,mir,
MIMAT0005825,mir,
MIMAT0015377,mir,
MIMAT0015014,mir,
MIMAT0018006,mir,
MIMAT0020956,mir,
MIMAT0019716,mir,
MIMAT0019781,mir,
MIMAT0022979,mir,
MIMAT0004611,mir,
MIMAT0019955,mir,
MIMAT0003249,mir,
MIMAT0019709,mir,
MIMAT0031007,mir,
MIMAT0022691,mir,
MIMAT0004588,mir,
MIMAT0000441,mir,
MIMAT0026734,mir,
MIMAT0022942,mir,
MIMAT0005898,mir,
MIMAT0014997,mir,
MIMAT0018203,mir,
MIMAT0019003,mir,
MIMAT0019730,mir,
MIMAT0019891,mir,
MIMAT0027475,mir,
MIMAT0027577,mir,
MIMAT0030992,mir,
MIMAT0004919,mir,
MIMAT0019798,mir,
MIMAT0019912,mir,
MIMAT0000097,mir,
MIMAT0022707,mir,
MIMAT0005949,mir,
MIMAT0018989,mir,
MIMAT0000227,mir,
MIMAT0004676,mir,
MIMAT0004687,mir,
MIMAT0011157,mir,
MIMAT0019198,mir,
MIMAT0016879,mir,
MIMAT0019220,mir,
MIMAT0019717,mir,
MIMAT0019920,mir,
MIMAT0025455,mir,
MIMAT0025465,mir,
MIMAT0027382,mir,
MIMAT0027433,mir,
MIMAT0027519,mir,
MIMAT0027565,mir,
MIMAT0027689,mir,
MIMAT0027691,mir,
MIMAT0019857,mir,
MIMAT0019883,mir,
MIMAT0019001,mir,
MIMAT0031119,mir,
