#node1	node2	node1_string_id	node2_string_id	neighborhood_on_chromosome	gene_fusion	phylogenetic_cooccurrence	homology	coexpression	experimentally_determined_interaction	database_annotated	automated_textmining	combined_score
ABI3BP	MAMDC2	9606.ENSP00000284322	9606.ENSP00000366387	0	0	0	0	0.146	0	0	0.356	0.427
ARMH1	ARMH4	9606.ENSP00000420716	9606.ENSP00000267485	0	0	0	0	0	0	0	0.479	0.479
ARMH1	ARMH2	9606.ENSP00000420716	9606.ENSP00000454913	0	0	0	0	0	0	0	0.875	0.875
ARMH2	ARMH4	9606.ENSP00000454913	9606.ENSP00000267485	0	0	0	0	0	0	0	0.558	0.558
ARMH2	CATSPER3	9606.ENSP00000454913	9606.ENSP00000282611	0	0	0	0	0	0	0	0.474	0.474
ARMH2	ZNF497	9606.ENSP00000454913	9606.ENSP00000311183	0	0	0	0	0	0	0	0.580	0.580
ARMH2	ZMYND12	9606.ENSP00000454913	9606.ENSP00000361646	0	0	0	0	0	0	0	0.654	0.654
ARMH2	TAFA2	9606.ENSP00000454913	9606.ENSP00000393987	0	0	0	0	0	0	0	0.475	0.475
ATRN	PCDH9	9606.ENSP00000262919	9606.ENSP00000367096	0	0	0	0	0.061	0	0	0.392	0.405
ATRN	DPP4	9606.ENSP00000262919	9606.ENSP00000353731	0	0	0	0	0.047	0	0	0.710	0.711
C1QTNF8	OR10Z1	9606.ENSP00000330426	9606.ENSP00000493003	0	0	0	0	0	0	0	0.506	0.506
C1QTNF8	RLN2	9606.ENSP00000330426	9606.ENSP00000371040	0	0	0	0	0	0	0	0.544	0.544
C1QTNF8	RXFP1	9606.ENSP00000330426	9606.ENSP00000405841	0	0	0	0	0.056	0.292	0	0.855	0.894
CACHD1	CACNG3	9606.ENSP00000290039	9606.ENSP00000005284	0	0	0	0	0	0	0.540	0.106	0.571
CACHD1	CACNG1	9606.ENSP00000290039	9606.ENSP00000226021	0	0	0	0	0	0.531	0.540	0	0.775
CACHD1	CACNG6	9606.ENSP00000290039	9606.ENSP00000252729	0	0	0	0	0.052	0	0.540	0	0.545
CACHD1	CATSPERB	9606.ENSP00000290039	9606.ENSP00000256343	0	0	0	0	0.083	0	0.540	0.071	0.573
CACHD1	CACNG4	9606.ENSP00000290039	9606.ENSP00000262138	0	0	0	0	0.066	0	0.540	0.080	0.570
CACHD1	CACNG8	9606.ENSP00000290039	9606.ENSP00000270458	0	0	0	0	0	0	0.540	0	0.540
CACHD1	CATSPER3	9606.ENSP00000290039	9606.ENSP00000282611	0	0	0	0	0.057	0.249	0.540	0.085	0.662
CACHD1	CACNA1D	9606.ENSP00000290039	9606.ENSP00000288139	0	0	0	0	0.057	0.249	0.540	0.239	0.719
CACHD1	TMEM249	9606.ENSP00000290039	9606.ENSP00000454468	0	0	0	0	0	0	0.540	0	0.540
CACHD1	EFCAB9	9606.ENSP00000290039	9606.ENSP00000381247	0	0	0	0	0	0	0.540	0	0.540
CACHD1	TMEM262	9606.ENSP00000290039	9606.ENSP00000432459	0	0	0	0	0	0	0.540	0	0.540
CACHD1	CATSPERZ	9606.ENSP00000290039	9606.ENSP00000491717	0	0	0	0	0	0	0.540	0	0.540
CACHD1	CATSPERG	9606.ENSP00000290039	9606.ENSP00000386962	0	0	0	0	0	0	0.540	0	0.540
CACHD1	CATSPERD	9606.ENSP00000290039	9606.ENSP00000371037	0	0	0	0	0	0	0.540	0.048	0.543
CACHD1	CATSPERE	9606.ENSP00000290039	9606.ENSP00000355492	0	0	0	0	0.042	0	0.540	0.048	0.543
CACHD1	CACNG7	9606.ENSP00000290039	9606.ENSP00000375647	0	0	0	0	0.074	0	0.540	0	0.555
CACHD1	STAC3	9606.ENSP00000290039	9606.ENSP00000329200	0	0	0	0	0	0	0.540	0.079	0.558
CACHD1	CACNG2	9606.ENSP00000290039	9606.ENSP00000300105	0	0	0	0	0	0	0.540	0.080	0.558
CACHD1	CATSPER4	9606.ENSP00000290039	9606.ENSP00000390423	0	0	0	0	0.056	0	0.540	0.106	0.577
CACHD1	CATSPER1	9606.ENSP00000290039	9606.ENSP00000309052	0	0	0	0	0.056	0	0.540	0.106	0.577
CACHD1	CACNA2D3	9606.ENSP00000290039	9606.ENSP00000419101	0	0	0	0.554	0.042	0	0.540	0.170	0.602
CACHD1	CACNA2D2	9606.ENSP00000290039	9606.ENSP00000418081	0	0	0	0.554	0	0	0.540	0.213	0.622
CACHD1	CACNA2D1	9606.ENSP00000290039	9606.ENSP00000349320	0	0	0	0.555	0.084	0	0.540	0.222	0.643
CACHD1	CACNA2D4	9606.ENSP00000290039	9606.ENSP00000372169	0	0	0	0.552	0	0	0.540	0.263	0.646
CACHD1	CATSPER2	9606.ENSP00000290039	9606.ENSP00000371180	0	0	0	0	0.057	0.249	0.540	0.085	0.662
CACHD1	CACNA1H	9606.ENSP00000290039	9606.ENSP00000334198	0	0	0	0	0.076	0	0.540	0.281	0.668
CACHD1	CACNB2	9606.ENSP00000290039	9606.ENSP00000320025	0	0	0	0	0.066	0.302	0.540	0.115	0.699
CACHD1	CACNB3	9606.ENSP00000290039	9606.ENSP00000301050	0	0	0	0	0.055	0.302	0.540	0.130	0.700
CACHD1	CACNB1	9606.ENSP00000290039	9606.ENSP00000377840	0	0	0	0	0.055	0.302	0.540	0.165	0.712
CACHD1	CACNB4	9606.ENSP00000290039	9606.ENSP00000438949	0	0	0	0	0.055	0.302	0.540	0.226	0.734
CACHD1	CACNA1F	9606.ENSP00000290039	9606.ENSP00000365441	0	0	0	0	0.057	0.249	0.540	0.324	0.750
CACHD1	CACNA1S	9606.ENSP00000290039	9606.ENSP00000355192	0	0	0	0	0.057	0.249	0.540	0.353	0.761
CACNA1D	CACNG3	9606.ENSP00000288139	9606.ENSP00000005284	0	0	0	0	0	0	0.900	0.592	0.957
CACNA1D	CACNG1	9606.ENSP00000288139	9606.ENSP00000226021	0	0	0	0	0.128	0.742	0.720	0.935	0.995
CACNA1D	CACNG6	9606.ENSP00000288139	9606.ENSP00000252729	0	0	0	0	0.055	0	0.900	0	0.901
CACNA1D	CATSPERB	9606.ENSP00000288139	9606.ENSP00000256343	0	0	0	0	0.049	0.142	0.720	0.053	0.754
CACNA1D	CACNG4	9606.ENSP00000288139	9606.ENSP00000262138	0	0	0	0	0.049	0	0.900	0.872	0.986
CACNA1D	CACNG8	9606.ENSP00000288139	9606.ENSP00000270458	0	0	0	0	0.060	0.041	0.900	0.669	0.966
CACNA1D	CATSPER3	9606.ENSP00000288139	9606.ENSP00000282611	0	0	0	0.579	0	0.152	0.720	0.051	0.754
CACNA1D	GNAI1	9606.ENSP00000288139	9606.ENSP00000497260	0	0	0	0	0	0	0.650	0.064	0.658
CACNA1D	GNAI3	9606.ENSP00000288139	9606.ENSP00000358867	0	0	0	0	0	0	0.650	0.064	0.658
CACNA1D	KCNMB3	9606.ENSP00000288139	9606.ENSP00000319370	0	0	0	0	0.042	0	0.650	0.089	0.667
CACNA1D	TMEM249	9606.ENSP00000288139	9606.ENSP00000454468	0	0	0	0	0	0	0.720	0	0.720
CACNA1D	KCNMB2	9606.ENSP00000288139	9606.ENSP00000407592	0	0	0	0	0	0	0.650	0.270	0.733
CACNA1D	CATSPER2	9606.ENSP00000288139	9606.ENSP00000371180	0	0	0	0.586	0.062	0	0.720	0.100	0.743
CACNA1D	CATSPERZ	9606.ENSP00000288139	9606.ENSP00000491717	0	0	0	0	0	0.130	0.720	0	0.745
CACNA1D	TMEM262	9606.ENSP00000288139	9606.ENSP00000432459	0	0	0	0	0	0.130	0.720	0	0.745
CACNA1D	CATSPERG	9606.ENSP00000288139	9606.ENSP00000386962	0	0	0	0	0.060	0.114	0.720	0.064	0.752
CACNA1D	EFCAB9	9606.ENSP00000288139	9606.ENSP00000381247	0	0	0	0	0	0.136	0.720	0.064	0.753
CACNA1D	CATSPERE	9606.ENSP00000288139	9606.ENSP00000355492	0	0	0	0	0	0.126	0.720	0.073	0.753
CACNA1D	CATSPERD	9606.ENSP00000288139	9606.ENSP00000371037	0	0	0	0	0	0.152	0.720	0.052	0.755
CACNA1D	GNAI2	9606.ENSP00000288139	9606.ENSP00000312999	0	0	0	0	0	0	0.650	0.398	0.780
CACNA1D	CATSPER1	9606.ENSP00000288139	9606.ENSP00000309052	0	0	0	0.562	0.056	0.189	0.720	0.111	0.784
CACNA1D	CATSPER4	9606.ENSP00000288139	9606.ENSP00000390423	0	0	0	0.566	0.074	0.189	0.720	0.107	0.787
CACNA1D	STAC3	9606.ENSP00000288139	9606.ENSP00000329200	0	0	0	0	0.062	0	0.720	0.335	0.810
CACNA1D	CACNA1H	9606.ENSP00000288139	9606.ENSP00000334198	0	0	0.101	0.632	0.076	0.189	0.720	0.355	0.856
CACNA1D	CACNG2	9606.ENSP00000288139	9606.ENSP00000300105	0	0	0	0	0.063	0	0.720	0.535	0.867
CACNA1D	CACNA2D3	9606.ENSP00000288139	9606.ENSP00000419101	0	0	0	0	0.069	0.289	0.540	0.642	0.876
CACNA1D	INS	9606.ENSP00000288139	9606.ENSP00000380432	0	0	0	0	0.043	0	0.900	0.370	0.934
CACNA1D	CACNB4	9606.ENSP00000288139	9606.ENSP00000438949	0	0	0	0	0.092	0.412	0.900	0.430	0.965
CACNA1D	CACNA2D4	9606.ENSP00000288139	9606.ENSP00000372169	0	0	0	0	0.067	0.289	0.900	0.616	0.971
CACNA1D	CACNA2D2	9606.ENSP00000288139	9606.ENSP00000418081	0	0	0	0	0.111	0.439	0.800	0.744	0.971
CACNA1D	CACNA1S	9606.ENSP00000288139	9606.ENSP00000355192	0	0	0.058	0.964	0	0	0.900	0.758	0.975
CACNA1D	CACNG7	9606.ENSP00000288139	9606.ENSP00000375647	0	0	0	0	0	0.041	0.900	0.783	0.977
CACNA1D	CACNA1F	9606.ENSP00000288139	9606.ENSP00000365441	0	0	0.057	0.967	0	0	0.900	0.812	0.980
CACNA1D	CACNB1	9606.ENSP00000288139	9606.ENSP00000377840	0	0	0	0	0.067	0.753	0.540	0.924	0.990
CACNA1D	CACNB3	9606.ENSP00000288139	9606.ENSP00000301050	0	0	0	0	0.067	0.938	0.900	0.564	0.997
CACNA1D	CACNB2	9606.ENSP00000288139	9606.ENSP00000320025	0	0	0	0	0.093	0.811	0.800	0.939	0.997
CACNA1D	CACNA2D1	9606.ENSP00000288139	9606.ENSP00000349320	0	0	0	0	0.086	0.949	0.900	0.939	0.999
CACNA1F	CACNG3	9606.ENSP00000365441	9606.ENSP00000005284	0	0	0	0	0.049	0	0.900	0.299	0.927
CACNA1F	CACNG1	9606.ENSP00000365441	9606.ENSP00000226021	0	0	0	0	0.125	0.596	0.720	0.395	0.932
CACNA1F	CACNG6	9606.ENSP00000365441	9606.ENSP00000252729	0	0	0	0	0.055	0	0.900	0.051	0.902
CACNA1F	CATSPERB	9606.ENSP00000365441	9606.ENSP00000256343	0	0	0	0	0	0.142	0.720	0.057	0.753
CACNA1F	CACNG4	9606.ENSP00000365441	9606.ENSP00000262138	0	0	0	0	0.055	0	0.900	0.318	0.930
CACNA1F	CACNG8	9606.ENSP00000365441	9606.ENSP00000270458	0	0	0	0	0.045	0.041	0.900	0.229	0.920
CACNA1F	CATSPER3	9606.ENSP00000365441	9606.ENSP00000282611	0	0	0	0.580	0	0.152	0.720	0.051	0.754
CACNA1F	CACNG2	9606.ENSP00000365441	9606.ENSP00000300105	0	0	0	0	0.056	0	0.720	0.232	0.779
CACNA1F	CACNB3	9606.ENSP00000365441	9606.ENSP00000301050	0	0	0	0	0.067	0.412	0.900	0.567	0.973
CACNA1F	CATSPER1	9606.ENSP00000365441	9606.ENSP00000309052	0	0	0	0.559	0.056	0.189	0.720	0.136	0.790
CACNA1F	GNAI2	9606.ENSP00000365441	9606.ENSP00000312999	0	0	0	0	0	0	0.650	0.064	0.658
CACNA1F	KCNMB3	9606.ENSP00000365441	9606.ENSP00000319370	0	0	0	0	0	0	0.650	0.069	0.660
CACNA1F	CACNB2	9606.ENSP00000365441	9606.ENSP00000320025	0	0	0	0	0.072	0.412	0.720	0.848	0.973
CACNA1F	STAC3	9606.ENSP00000365441	9606.ENSP00000329200	0	0	0	0	0.060	0	0.720	0.317	0.804
CACNA1F	CACNA1H	9606.ENSP00000365441	9606.ENSP00000334198	0	0	0.103	0.652	0.096	0.189	0.720	0.306	0.849
CACNA1F	CACNA2D1	9606.ENSP00000365441	9606.ENSP00000349320	0	0	0	0	0.080	0.439	0.900	0.793	0.987
CACNA1F	CACNA1S	9606.ENSP00000365441	9606.ENSP00000355192	0	0	0.062	0.956	0	0	0.900	0.883	0.988
CACNA1F	CATSPERE	9606.ENSP00000365441	9606.ENSP00000355492	0	0	0	0	0	0.126	0.720	0.129	0.768
CACNA1F	GNAI3	9606.ENSP00000365441	9606.ENSP00000358867	0	0	0	0	0	0	0.650	0.064	0.658
CACNA1F	GNAI1	9606.ENSP00000365441	9606.ENSP00000497260	0	0	0	0	0	0	0.650	0.064	0.658
CACNA1F	KCNMB2	9606.ENSP00000365441	9606.ENSP00000407592	0	0	0	0	0	0	0.650	0.080	0.664
CACNA1F	TMEM249	9606.ENSP00000365441	9606.ENSP00000454468	0	0	0	0	0	0	0.720	0	0.720
CACNA1F	CATSPER2	9606.ENSP00000365441	9606.ENSP00000371180	0	0	0	0.590	0	0	0.720	0.057	0.724
CACNA1F	TMEM262	9606.ENSP00000365441	9606.ENSP00000432459	0	0	0	0	0	0.130	0.720	0	0.745
CACNA1F	CATSPERZ	9606.ENSP00000365441	9606.ENSP00000491717	0	0	0	0	0.049	0.130	0.720	0	0.748
CACNA1F	CATSPERG	9606.ENSP00000365441	9606.ENSP00000386962	0	0	0	0	0.060	0.114	0.720	0.054	0.749
CACNA1F	EFCAB9	9606.ENSP00000365441	9606.ENSP00000381247	0	0	0	0	0	0.136	0.720	0.064	0.753
CACNA1F	CATSPERD	9606.ENSP00000365441	9606.ENSP00000371037	0	0	0	0	0	0.152	0.720	0.049	0.754
CACNA1F	CACNA2D3	9606.ENSP00000365441	9606.ENSP00000419101	0	0	0	0	0.067	0.289	0.540	0.374	0.783
CACNA1F	CATSPER4	9606.ENSP00000365441	9606.ENSP00000390423	0	0	0	0.565	0.074	0.189	0.720	0.091	0.783
CACNA1F	CACNA2D2	9606.ENSP00000365441	9606.ENSP00000418081	0	0	0	0	0.082	0.439	0.540	0.456	0.854
CACNA1F	CACNB1	9606.ENSP00000365441	9606.ENSP00000377840	0	0	0	0	0.080	0.412	0.540	0.598	0.886
CACNA1F	CACNG7	9606.ENSP00000365441	9606.ENSP00000375647	0	0	0	0	0.047	0.041	0.900	0.219	0.919
CACNA1F	CACNB4	9606.ENSP00000365441	9606.ENSP00000438949	0	0	0	0	0.067	0.412	0.900	0.452	0.965
CACNA1F	CACNA2D4	9606.ENSP00000365441	9606.ENSP00000372169	0	0	0	0	0.067	0.289	0.900	0.745	0.980
CACNA1H	CACNG3	9606.ENSP00000334198	9606.ENSP00000005284	0	0	0	0	0.044	0	0.720	0.377	0.818
CACNA1H	CACNG1	9606.ENSP00000334198	9606.ENSP00000226021	0	0	0	0	0.083	0	0.720	0.345	0.817
CACNA1H	CACNG6	9606.ENSP00000334198	9606.ENSP00000252729	0	0	0	0	0.044	0	0.720	0.156	0.754
CACNA1H	CATSPERB	9606.ENSP00000334198	9606.ENSP00000256343	0	0	0	0	0	0.336	0.720	0.151	0.828
CACNA1H	CACNG4	9606.ENSP00000334198	9606.ENSP00000262138	0	0	0	0	0.098	0	0.720	0.380	0.829
CACNA1H	CACNG8	9606.ENSP00000334198	9606.ENSP00000270458	0	0	0	0	0.073	0	0.720	0.260	0.791
CACNA1H	CATSPER3	9606.ENSP00000334198	9606.ENSP00000282611	0	0	0	0.612	0.056	0.336	0.720	0.115	0.824
CACNA1H	CACNG2	9606.ENSP00000334198	9606.ENSP00000300105	0	0	0	0	0	0	0.720	0.320	0.801
CACNA1H	CACNB3	9606.ENSP00000334198	9606.ENSP00000301050	0	0	0	0	0.060	0	0.720	0.622	0.891
CACNA1H	CATSPER1	9606.ENSP00000334198	9606.ENSP00000309052	0	0	0	0.562	0	0.312	0.720	0.112	0.814
CACNA1H	CACNB2	9606.ENSP00000334198	9606.ENSP00000320025	0	0	0	0	0.049	0	0.720	0.502	0.856
CACNA1H	STAC3	9606.ENSP00000334198	9606.ENSP00000329200	0	0	0	0	0	0	0.720	0.209	0.769
CACNA1H	TMEM249	9606.ENSP00000334198	9606.ENSP00000454468	0	0	0	0	0	0	0.720	0	0.720
CACNA1H	CATSPER4	9606.ENSP00000334198	9606.ENSP00000390423	0	0	0	0.584	0	0	0.720	0.078	0.731
CACNA1H	CACNB1	9606.ENSP00000334198	9606.ENSP00000377840	0	0	0	0	0	0	0.540	0.502	0.761
CACNA1H	CATSPERE	9606.ENSP00000334198	9606.ENSP00000355492	0	0	0	0	0	0.166	0.720	0.161	0.786
CACNA1H	CATSPERZ	9606.ENSP00000334198	9606.ENSP00000491717	0	0	0	0	0	0.287	0.720	0.063	0.796
CACNA1H	CACNG7	9606.ENSP00000334198	9606.ENSP00000375647	0	0	0	0	0.098	0	0.720	0.266	0.798
CACNA1H	CATSPER2	9606.ENSP00000334198	9606.ENSP00000371180	0	0	0	0.595	0.067	0.224	0.720	0.131	0.800
CACNA1H	EFCAB9	9606.ENSP00000334198	9606.ENSP00000381247	0	0	0	0	0	0.287	0.720	0.097	0.804
CACNA1H	TMEM262	9606.ENSP00000334198	9606.ENSP00000432459	0	0	0	0	0	0.336	0.720	0	0.806
CACNA1H	CACNA2D2	9606.ENSP00000334198	9606.ENSP00000418081	0	0	0	0	0.137	0	0.540	0.582	0.820
CACNA1H	CACNA2D3	9606.ENSP00000334198	9606.ENSP00000419101	0	0	0	0	0.057	0	0.540	0.623	0.822
CACNA1H	CATSPERD	9606.ENSP00000334198	9606.ENSP00000371037	0	0	0	0	0	0.287	0.720	0.185	0.823
CACNA1H	CACNA2D4	9606.ENSP00000334198	9606.ENSP00000372169	0	0	0	0	0.057	0	0.720	0.402	0.828
CACNA1H	CATSPERG	9606.ENSP00000334198	9606.ENSP00000386962	0	0	0	0	0	0.336	0.720	0.204	0.839
CACNA1H	CACNA1S	9606.ENSP00000334198	9606.ENSP00000355192	0	0	0.101	0.650	0.074	0.189	0.720	0.298	0.843
CACNA1H	CACNB4	9606.ENSP00000334198	9606.ENSP00000438949	0	0	0	0	0	0	0.720	0.527	0.861
CACNA1H	CACNA2D1	9606.ENSP00000334198	9606.ENSP00000349320	0	0	0	0	0.077	0	0.720	0.712	0.919
CACNA1S	CACNG3	9606.ENSP00000355192	9606.ENSP00000005284	0	0	0	0	0.049	0	0.900	0.196	0.916
CACNA1S	CACNG1	9606.ENSP00000355192	9606.ENSP00000226021	0	0	0	0	0.270	0.937	0.720	0.842	0.997
CACNA1S	CACNG6	9606.ENSP00000355192	9606.ENSP00000252729	0	0	0	0	0.080	0	0.900	0.270	0.927
CACNA1S	CATSPERB	9606.ENSP00000355192	9606.ENSP00000256343	0	0	0	0	0	0.142	0.720	0.172	0.783
CACNA1S	CACNG4	9606.ENSP00000355192	9606.ENSP00000262138	0	0	0	0	0.042	0	0.900	0.222	0.918
CACNA1S	CACNG8	9606.ENSP00000355192	9606.ENSP00000270458	0	0	0	0	0.055	0.041	0.900	0.224	0.920
CACNA1S	CATSPER3	9606.ENSP00000355192	9606.ENSP00000282611	0	0	0	0.580	0.044	0.152	0.720	0.109	0.770
CACNA1S	CACNG2	9606.ENSP00000355192	9606.ENSP00000300105	0	0	0	0	0	0	0.720	0.226	0.774
CACNA1S	CACNB3	9606.ENSP00000355192	9606.ENSP00000301050	0	0	0	0	0.067	0.412	0.900	0.407	0.963
CACNA1S	CATSPER1	9606.ENSP00000355192	9606.ENSP00000309052	0	0	0	0.559	0.056	0.189	0.720	0.156	0.794
CACNA1S	GNAI2	9606.ENSP00000355192	9606.ENSP00000312999	0	0	0	0	0	0	0.650	0.064	0.658
CACNA1S	KCNMB3	9606.ENSP00000355192	9606.ENSP00000319370	0	0	0	0	0	0	0.650	0.086	0.666
CACNA1S	CACNB2	9606.ENSP00000355192	9606.ENSP00000320025	0	0	0	0	0.087	0.797	0.720	0.795	0.987
CACNA1S	STAC3	9606.ENSP00000355192	9606.ENSP00000329200	0	0	0	0	0.134	0	0.720	0.898	0.973
CACNA1S	CACNA2D1	9606.ENSP00000355192	9606.ENSP00000349320	0	0	0	0	0.086	0.940	0.900	0.849	0.999
CACNA1S	GNAI1	9606.ENSP00000355192	9606.ENSP00000497260	0	0	0	0	0	0	0.650	0.064	0.658
CACNA1S	GNAI3	9606.ENSP00000355192	9606.ENSP00000358867	0	0	0	0	0	0	0.650	0.064	0.658
CACNA1S	KCNMB2	9606.ENSP00000355192	9606.ENSP00000407592	0	0	0	0	0	0	0.650	0.069	0.660
CACNA1S	TMEM249	9606.ENSP00000355192	9606.ENSP00000454468	0	0	0	0	0	0	0.720	0	0.720
CACNA1S	CATSPER2	9606.ENSP00000355192	9606.ENSP00000371180	0	0	0	0.581	0	0	0.720	0.095	0.736
CACNA1S	TMEM262	9606.ENSP00000355192	9606.ENSP00000432459	0	0	0	0	0	0.130	0.720	0	0.745
CACNA1S	CATSPERG	9606.ENSP00000355192	9606.ENSP00000386962	0	0	0	0	0.044	0.114	0.720	0.064	0.748
CACNA1S	EFCAB9	9606.ENSP00000355192	9606.ENSP00000381247	0	0	0	0	0	0.136	0.720	0.064	0.753
CACNA1S	CATSPERZ	9606.ENSP00000355192	9606.ENSP00000491717	0	0	0	0	0	0.130	0.720	0.069	0.753
CACNA1S	CACNA2D3	9606.ENSP00000355192	9606.ENSP00000419101	0	0	0	0	0.067	0.289	0.540	0.294	0.755
CACNA1S	CATSPERE	9606.ENSP00000355192	9606.ENSP00000355492	0	0	0	0	0.044	0.126	0.720	0.093	0.759
CACNA1S	CATSPERD	9606.ENSP00000355192	9606.ENSP00000371037	0	0	0	0	0	0.152	0.720	0.135	0.776
CACNA1S	CATSPER4	9606.ENSP00000355192	9606.ENSP00000390423	0	0	0	0.565	0.090	0.189	0.720	0.158	0.802
CACNA1S	CACNA2D2	9606.ENSP00000355192	9606.ENSP00000418081	0	0	0	0	0.080	0.439	0.540	0.485	0.861
CACNA1S	CACNG7	9606.ENSP00000355192	9606.ENSP00000375647	0	0	0	0	0.042	0.041	0.900	0.172	0.913
CACNA1S	CACNA2D4	9606.ENSP00000355192	9606.ENSP00000372169	0	0	0	0	0.067	0.289	0.900	0.460	0.959
CACNA1S	CACNB4	9606.ENSP00000355192	9606.ENSP00000438949	0	0	0	0	0.067	0.412	0.900	0.495	0.968
CACNA1S	CACNB1	9606.ENSP00000355192	9606.ENSP00000377840	0	0	0	0	0.107	0.937	0.540	0.857	0.995
CACNA2D1	CACNG3	9606.ENSP00000349320	9606.ENSP00000005284	0	0	0	0	0.064	0	0.900	0.790	0.978
CACNA2D1	CACNG1	9606.ENSP00000349320	9606.ENSP00000226021	0	0	0	0	0	0.911	0.720	0.939	0.998
CACNA2D1	CACNG6	9606.ENSP00000349320	9606.ENSP00000252729	0	0	0	0	0.055	0	0.900	0.184	0.916
CACNA2D1	CATSPERB	9606.ENSP00000349320	9606.ENSP00000256343	0	0	0	0	0.091	0	0.720	0.073	0.743
CACNA2D1	CACNG4	9606.ENSP00000349320	9606.ENSP00000262138	0	0	0	0	0.062	0	0.900	0.726	0.972
CACNA2D1	CACNG8	9606.ENSP00000349320	9606.ENSP00000270458	0	0	0	0	0	0	0.900	0.666	0.965
CACNA2D1	CATSPER3	9606.ENSP00000349320	9606.ENSP00000282611	0	0	0	0	0.057	0.249	0.720	0.085	0.794
CACNA2D1	CACNG2	9606.ENSP00000349320	9606.ENSP00000300105	0	0	0	0	0.049	0	0.720	0.697	0.912
CACNA2D1	CACNB3	9606.ENSP00000349320	9606.ENSP00000301050	0	0	0	0	0.060	0.875	0.900	0.686	0.995
CACNA2D1	CATSPER1	9606.ENSP00000349320	9606.ENSP00000309052	0	0	0	0	0.056	0	0.720	0.147	0.754
CACNA2D1	CACNB2	9606.ENSP00000349320	9606.ENSP00000320025	0	0	0	0	0.083	0.401	0.720	0.972	0.995
CACNA2D1	STAC3	9606.ENSP00000349320	9606.ENSP00000329200	0	0	0	0	0	0	0.720	0.189	0.763
CACNA2D1	CATSPERZ	9606.ENSP00000349320	9606.ENSP00000491717	0	0	0	0	0	0	0.720	0	0.720
CACNA2D1	TMEM262	9606.ENSP00000349320	9606.ENSP00000432459	0	0	0	0	0	0	0.720	0	0.720
CACNA2D1	TMEM249	9606.ENSP00000349320	9606.ENSP00000454468	0	0	0	0	0	0	0.720	0	0.720
CACNA2D1	CATSPERG	9606.ENSP00000349320	9606.ENSP00000386962	0	0	0	0	0	0	0.720	0	0.720
CACNA2D1	EFCAB9	9606.ENSP00000349320	9606.ENSP00000381247	0	0	0	0	0	0	0.720	0	0.720
CACNA2D1	CATSPERE	9606.ENSP00000349320	9606.ENSP00000355492	0	0	0	0	0.044	0	0.720	0.058	0.726
CACNA2D1	CATSPERD	9606.ENSP00000349320	9606.ENSP00000371037	0	0	0	0	0.099	0	0.720	0.048	0.738
CACNA2D1	CACNA2D2	9606.ENSP00000349320	9606.ENSP00000418081	0	0	0.051	0.952	0	0	0.540	0.456	0.741
CACNA2D1	CATSPER4	9606.ENSP00000349320	9606.ENSP00000390423	0	0	0	0	0.057	0	0.720	0.121	0.747
CACNA2D1	CATSPER2	9606.ENSP00000349320	9606.ENSP00000371180	0	0	0	0	0.067	0.284	0.720	0.092	0.807
CACNA2D1	CACNA2D3	9606.ENSP00000349320	9606.ENSP00000419101	0	0	0	0.721	0.067	0.072	0.540	0.581	0.810
CACNA2D1	CACNA2D4	9606.ENSP00000349320	9606.ENSP00000372169	0	0	0	0.718	0	0.087	0.900	0.282	0.928
CACNA2D1	CACNG7	9606.ENSP00000349320	9606.ENSP00000375647	0	0	0	0	0.108	0	0.900	0.643	0.965
CACNA2D1	CACNB4	9606.ENSP00000349320	9606.ENSP00000438949	0	0	0	0	0.066	0.401	0.900	0.735	0.983
CACNA2D1	CACNB1	9606.ENSP00000349320	9606.ENSP00000377840	0	0	0	0	0.108	0.952	0.540	0.978	0.999
CACNA2D2	CACNG3	9606.ENSP00000418081	9606.ENSP00000005284	0	0	0	0	0.067	0	0.540	0.294	0.670
CACNA2D2	CACNG1	9606.ENSP00000418081	9606.ENSP00000226021	0	0	0	0	0	0.794	0.540	0.815	0.981
CACNA2D2	CACNG6	9606.ENSP00000418081	9606.ENSP00000252729	0	0	0	0	0.055	0	0.540	0.204	0.624
CACNA2D2	CATSPERB	9606.ENSP00000418081	9606.ENSP00000256343	0	0	0	0	0.087	0	0.540	0.111	0.594
CACNA2D2	CACNG4	9606.ENSP00000418081	9606.ENSP00000262138	0	0	0	0	0.067	0	0.540	0.652	0.837
CACNA2D2	CACNG8	9606.ENSP00000418081	9606.ENSP00000270458	0	0	0	0	0.044	0	0.540	0.470	0.746
CACNA2D2	CATSPER3	9606.ENSP00000418081	9606.ENSP00000282611	0	0	0	0	0.057	0.249	0.540	0.126	0.677
CACNA2D2	CACNG2	9606.ENSP00000418081	9606.ENSP00000300105	0	0	0	0	0.049	0	0.540	0.630	0.824
CACNA2D2	CACNB3	9606.ENSP00000418081	9606.ENSP00000301050	0	0	0	0	0.062	0.401	0.540	0.552	0.869
CACNA2D2	CATSPER1	9606.ENSP00000418081	9606.ENSP00000309052	0	0	0	0	0.056	0	0.540	0.184	0.614
CACNA2D2	GNAI2	9606.ENSP00000418081	9606.ENSP00000312999	0	0	0	0	0.059	0	0.500	0.092	0.535
CACNA2D2	CACNB2	9606.ENSP00000418081	9606.ENSP00000320025	0	0	0	0	0.060	0.401	0.800	0.926	0.990
CACNA2D2	STAC3	9606.ENSP00000418081	9606.ENSP00000329200	0	0	0	0	0	0	0.540	0.063	0.550
CACNA2D2	CATSPERE	9606.ENSP00000418081	9606.ENSP00000355492	0	0	0	0	0	0	0.540	0.126	0.580
CACNA2D2	CATSPERD	9606.ENSP00000418081	9606.ENSP00000371037	0	0	0	0	0.088	0	0.540	0.048	0.565
CACNA2D2	CATSPER2	9606.ENSP00000418081	9606.ENSP00000371180	0	0	0	0	0.067	0.284	0.540	0.118	0.692
CACNA2D2	CACNA2D4	9606.ENSP00000418081	9606.ENSP00000372169	0	0	0	0.729	0	0.070	0.540	0.272	0.661
CACNA2D2	CACNG7	9606.ENSP00000418081	9606.ENSP00000375647	0	0	0	0	0.084	0	0.540	0.644	0.837
CACNA2D2	CACNB1	9606.ENSP00000418081	9606.ENSP00000377840	0	0	0	0	0.085	0.401	0.540	0.817	0.947
CACNA2D2	INS	9606.ENSP00000418081	9606.ENSP00000380432	0	0	0	0	0.044	0	0.400	0.104	0.441
CACNA2D2	EFCAB9	9606.ENSP00000418081	9606.ENSP00000381247	0	0	0	0	0	0	0.540	0.079	0.558
CACNA2D2	CATSPERG	9606.ENSP00000418081	9606.ENSP00000386962	0	0	0	0	0	0	0.540	0	0.540
CACNA2D2	CATSPER4	9606.ENSP00000418081	9606.ENSP00000390423	0	0	0	0	0.057	0	0.540	0.121	0.585
CACNA2D2	GNAI1	9606.ENSP00000418081	9606.ENSP00000497260	0	0	0	0	0.059	0	0.500	0.092	0.535
CACNA2D2	TMEM249	9606.ENSP00000418081	9606.ENSP00000454468	0	0	0	0	0	0	0.540	0	0.540
CACNA2D2	CATSPERZ	9606.ENSP00000418081	9606.ENSP00000491717	0	0	0	0	0	0	0.540	0	0.540
CACNA2D2	TMEM262	9606.ENSP00000418081	9606.ENSP00000432459	0	0	0	0	0	0	0.540	0	0.540
CACNA2D2	CACNA2D3	9606.ENSP00000418081	9606.ENSP00000419101	0	0	0	0.743	0.062	0.070	0.540	0.516	0.779
CACNA2D2	CACNB4	9606.ENSP00000418081	9606.ENSP00000438949	0	0	0	0	0.060	0.401	0.540	0.866	0.960
CACNA2D3	CACNG3	9606.ENSP00000419101	9606.ENSP00000005284	0	0	0	0	0.086	0	0.540	0.089	0.583
CACNA2D3	CACNG1	9606.ENSP00000419101	9606.ENSP00000226021	0	0	0	0	0	0.595	0.540	0.712	0.941
CACNA2D3	CACNG6	9606.ENSP00000419101	9606.ENSP00000252729	0	0	0	0	0.052	0	0.540	0.487	0.756
CACNA2D3	CATSPERB	9606.ENSP00000419101	9606.ENSP00000256343	0	0	0	0	0.086	0	0.540	0.087	0.582
CACNA2D3	CACNG4	9606.ENSP00000419101	9606.ENSP00000262138	0	0	0	0	0	0	0.540	0.335	0.681
CACNA2D3	CACNG8	9606.ENSP00000419101	9606.ENSP00000270458	0	0	0	0	0	0	0.540	0.265	0.647
CACNA2D3	CATSPER3	9606.ENSP00000419101	9606.ENSP00000282611	0	0	0	0	0.057	0.249	0.540	0.085	0.662
CACNA2D3	CACNG2	9606.ENSP00000419101	9606.ENSP00000300105	0	0	0	0	0.059	0	0.540	0.381	0.708
CACNA2D3	CACNB3	9606.ENSP00000419101	9606.ENSP00000301050	0	0	0	0	0.060	0.306	0.540	0.678	0.890
CACNA2D3	CATSPER1	9606.ENSP00000419101	9606.ENSP00000309052	0	0	0	0	0.062	0	0.540	0.106	0.580
CACNA2D3	CACNB2	9606.ENSP00000419101	9606.ENSP00000320025	0	0	0	0	0.060	0.306	0.540	0.821	0.939
CACNA2D3	STAC3	9606.ENSP00000419101	9606.ENSP00000329200	0	0	0	0	0	0	0.540	0	0.540
CACNA2D3	CATSPERE	9606.ENSP00000419101	9606.ENSP00000355492	0	0	0	0	0	0	0.540	0.081	0.559
CACNA2D3	CATSPERD	9606.ENSP00000419101	9606.ENSP00000371037	0	0	0	0	0.086	0	0.540	0.048	0.564
CACNA2D3	CATSPER2	9606.ENSP00000419101	9606.ENSP00000371180	0	0	0	0	0.067	0.284	0.540	0.092	0.683
CACNA2D3	CACNA2D4	9606.ENSP00000419101	9606.ENSP00000372169	0	0	0.057	0.965	0.049	0	0.540	0.266	0.656
CACNA2D3	CACNG7	9606.ENSP00000419101	9606.ENSP00000375647	0	0	0	0	0.080	0	0.540	0.301	0.678
CACNA2D3	CACNB1	9606.ENSP00000419101	9606.ENSP00000377840	0	0	0	0	0.085	0.306	0.540	0.778	0.926
CACNA2D3	EFCAB9	9606.ENSP00000419101	9606.ENSP00000381247	0	0	0	0	0	0	0.540	0	0.540
CACNA2D3	CATSPERG	9606.ENSP00000419101	9606.ENSP00000386962	0	0	0	0	0	0	0.540	0	0.540
CACNA2D3	CATSPER4	9606.ENSP00000419101	9606.ENSP00000390423	0	0	0	0	0.057	0	0.540	0.121	0.585
CACNA2D3	TMEM262	9606.ENSP00000419101	9606.ENSP00000432459	0	0	0	0	0	0	0.540	0	0.540
CACNA2D3	CATSPERZ	9606.ENSP00000419101	9606.ENSP00000491717	0	0	0	0	0	0	0.540	0	0.540
CACNA2D3	TMEM249	9606.ENSP00000419101	9606.ENSP00000454468	0	0	0	0	0	0	0.540	0	0.540
CACNA2D3	CACNB4	9606.ENSP00000419101	9606.ENSP00000438949	0	0	0	0	0.102	0.306	0.540	0.656	0.888
CACNA2D4	CACNG3	9606.ENSP00000372169	9606.ENSP00000005284	0	0	0	0	0	0	0.900	0.190	0.915
CACNA2D4	CACNG1	9606.ENSP00000372169	9606.ENSP00000226021	0	0	0	0	0	0.595	0.720	0.698	0.962
CACNA2D4	CACNG6	9606.ENSP00000372169	9606.ENSP00000252729	0	0	0	0	0.052	0	0.900	0	0.901
CACNA2D4	CATSPERB	9606.ENSP00000372169	9606.ENSP00000256343	0	0	0	0	0.086	0	0.720	0.087	0.745
CACNA2D4	CACNG4	9606.ENSP00000372169	9606.ENSP00000262138	0	0	0	0	0	0	0.900	0.400	0.937
CACNA2D4	CACNG8	9606.ENSP00000372169	9606.ENSP00000270458	0	0	0	0	0	0	0.900	0.264	0.923
CACNA2D4	CATSPER3	9606.ENSP00000372169	9606.ENSP00000282611	0	0	0	0	0.057	0.249	0.720	0.085	0.794
CACNA2D4	CACNG2	9606.ENSP00000372169	9606.ENSP00000300105	0	0	0	0	0	0	0.720	0.286	0.791
CACNA2D4	CACNB3	9606.ENSP00000372169	9606.ENSP00000301050	0	0	0	0	0.060	0.306	0.900	0.866	0.990
CACNA2D4	CATSPER1	9606.ENSP00000372169	9606.ENSP00000309052	0	0	0	0	0.101	0	0.720	0.106	0.755
CACNA2D4	CACNB2	9606.ENSP00000372169	9606.ENSP00000320025	0	0	0	0	0.060	0.306	0.720	0.750	0.948
CACNA2D4	STAC3	9606.ENSP00000372169	9606.ENSP00000329200	0	0	0	0	0.108	0	0.720	0	0.739
CACNA2D4	CATSPERE	9606.ENSP00000372169	9606.ENSP00000355492	0	0	0	0	0.042	0	0.720	0.054	0.724
CACNA2D4	CATSPERD	9606.ENSP00000372169	9606.ENSP00000371037	0	0	0	0	0.086	0	0.720	0.048	0.735
CACNA2D4	CATSPER2	9606.ENSP00000372169	9606.ENSP00000371180	0	0	0	0	0.067	0.284	0.720	0.092	0.807
CACNA2D4	CATSPERZ	9606.ENSP00000372169	9606.ENSP00000491717	0	0	0	0	0	0	0.720	0	0.720
CACNA2D4	TMEM262	9606.ENSP00000372169	9606.ENSP00000432459	0	0	0	0	0	0	0.720	0	0.720
CACNA2D4	TMEM249	9606.ENSP00000372169	9606.ENSP00000454468	0	0	0	0	0	0	0.720	0	0.720
CACNA2D4	CATSPERG	9606.ENSP00000372169	9606.ENSP00000386962	0	0	0	0	0	0	0.720	0	0.720
CACNA2D4	EFCAB9	9606.ENSP00000372169	9606.ENSP00000381247	0	0	0	0	0	0	0.720	0	0.720
CACNA2D4	CATSPER4	9606.ENSP00000372169	9606.ENSP00000390423	0	0	0	0	0.057	0	0.720	0.121	0.747
CACNA2D4	CACNB1	9606.ENSP00000372169	9606.ENSP00000377840	0	0	0	0	0.060	0.306	0.540	0.795	0.930
CACNA2D4	CACNG7	9606.ENSP00000372169	9606.ENSP00000375647	0	0	0	0	0	0	0.900	0.333	0.930
CACNA2D4	CACNB4	9606.ENSP00000372169	9606.ENSP00000438949	0	0	0	0	0.066	0.306	0.900	0.472	0.961
CACNB1	CACNG3	9606.ENSP00000377840	9606.ENSP00000005284	0	0	0	0	0.085	0	0.540	0.808	0.912
CACNB1	CACNG1	9606.ENSP00000377840	9606.ENSP00000226021	0	0	0	0	0.143	0.802	0.540	0.971	0.997
CACNB1	CACNG6	9606.ENSP00000377840	9606.ENSP00000252729	0	0	0	0	0.097	0	0.540	0.228	0.651
CACNB1	CATSPERB	9606.ENSP00000377840	9606.ENSP00000256343	0	0	0	0	0	0	0.540	0.053	0.545
CACNB1	CACNG4	9606.ENSP00000377840	9606.ENSP00000262138	0	0	0	0	0.044	0	0.540	0.851	0.928
CACNB1	CACNG8	9606.ENSP00000377840	9606.ENSP00000270458	0	0	0	0	0.047	0	0.540	0.791	0.900
CACNB1	CATSPER3	9606.ENSP00000377840	9606.ENSP00000282611	0	0	0	0	0.060	0.271	0.540	0.080	0.671
CACNB1	CACNG2	9606.ENSP00000377840	9606.ENSP00000300105	0	0	0	0	0.055	0	0.540	0.677	0.847
CACNB1	CACNB3	9606.ENSP00000377840	9606.ENSP00000301050	0	0	0.062	0.953	0.060	0.785	0.540	0.396	0.937
CACNB1	CATSPER1	9606.ENSP00000377840	9606.ENSP00000309052	0	0	0	0	0	0	0.540	0.179	0.606
CACNB1	CACNB2	9606.ENSP00000377840	9606.ENSP00000320025	0	0	0.055	0.964	0.056	0.804	0.540	0.396	0.942
CACNB1	STAC3	9606.ENSP00000377840	9606.ENSP00000329200	0	0	0	0	0.128	0	0.540	0.418	0.746
CACNB1	CATSPERE	9606.ENSP00000377840	9606.ENSP00000355492	0	0	0	0	0.051	0	0.540	0.048	0.548
CACNB1	CATSPERD	9606.ENSP00000377840	9606.ENSP00000371037	0	0	0	0	0.051	0	0.540	0	0.544
CACNB1	CATSPER2	9606.ENSP00000377840	9606.ENSP00000371180	0	0	0	0	0.062	0.288	0.540	0.090	0.683
CACNB1	CACNG7	9606.ENSP00000377840	9606.ENSP00000375647	0	0	0	0	0.081	0	0.540	0.751	0.885
CACNB1	EFCAB9	9606.ENSP00000377840	9606.ENSP00000381247	0	0	0	0	0	0	0.540	0	0.540
CACNB1	CATSPERG	9606.ENSP00000377840	9606.ENSP00000386962	0	0	0	0	0.042	0	0.540	0	0.540
CACNB1	TMEM249	9606.ENSP00000377840	9606.ENSP00000454468	0	0	0	0	0	0	0.540	0	0.540
CACNB1	CATSPERZ	9606.ENSP00000377840	9606.ENSP00000491717	0	0	0	0	0.043	0	0.540	0	0.540
CACNB1	TMEM262	9606.ENSP00000377840	9606.ENSP00000432459	0	0	0	0	0	0	0.540	0	0.540
CACNB1	CACNB4	9606.ENSP00000377840	9606.ENSP00000438949	0	0	0.057	0.962	0.049	0.065	0.540	0.072	0.577
CACNB1	CATSPER4	9606.ENSP00000377840	9606.ENSP00000390423	0	0	0	0	0	0	0.540	0.138	0.586
CACNB2	CACNG3	9606.ENSP00000320025	9606.ENSP00000005284	0	0	0	0	0.080	0	0.720	0.212	0.779
CACNB2	CACNG1	9606.ENSP00000320025	9606.ENSP00000226021	0	0	0	0	0.103	0.507	0.720	0.268	0.897
CACNB2	CACNG6	9606.ENSP00000320025	9606.ENSP00000252729	0	0	0	0	0.060	0	0.720	0.486	0.852
CACNB2	CATSPERB	9606.ENSP00000320025	9606.ENSP00000256343	0	0	0	0	0	0	0.720	0.056	0.724
CACNB2	CACNG4	9606.ENSP00000320025	9606.ENSP00000262138	0	0	0	0	0	0	0.720	0.292	0.793
CACNB2	CACNG8	9606.ENSP00000320025	9606.ENSP00000270458	0	0	0	0	0.067	0	0.720	0.180	0.767
CACNB2	CATSPER3	9606.ENSP00000320025	9606.ENSP00000282611	0	0	0	0	0.060	0.271	0.720	0.080	0.799
CACNB2	CACNG2	9606.ENSP00000320025	9606.ENSP00000300105	0	0	0	0	0.045	0	0.720	0.359	0.813
CACNB2	CACNB3	9606.ENSP00000320025	9606.ENSP00000301050	0	0	0.063	0.952	0	0.790	0.720	0.389	0.961
CACNB2	CATSPER1	9606.ENSP00000320025	9606.ENSP00000309052	0	0	0	0	0	0	0.720	0.132	0.746
CACNB2	GNAI2	9606.ENSP00000320025	9606.ENSP00000312999	0	0	0	0	0.055	0	0.500	0.070	0.522
CACNB2	INS	9606.ENSP00000320025	9606.ENSP00000380432	0	0	0	0	0	0	0.400	0.129	0.455
CACNB2	GNAI1	9606.ENSP00000320025	9606.ENSP00000497260	0	0	0	0	0.055	0	0.500	0.279	0.629
CACNB2	TMEM249	9606.ENSP00000320025	9606.ENSP00000454468	0	0	0	0	0	0	0.720	0	0.720
CACNB2	EFCAB9	9606.ENSP00000320025	9606.ENSP00000381247	0	0	0	0	0	0	0.720	0	0.720
CACNB2	CATSPERZ	9606.ENSP00000320025	9606.ENSP00000491717	0	0	0	0	0	0	0.720	0	0.720
CACNB2	TMEM262	9606.ENSP00000320025	9606.ENSP00000432459	0	0	0	0	0	0	0.720	0	0.720
CACNB2	CATSPERG	9606.ENSP00000320025	9606.ENSP00000386962	0	0	0	0	0	0	0.720	0	0.720
CACNB2	CATSPERD	9606.ENSP00000320025	9606.ENSP00000371037	0	0	0	0	0.051	0	0.720	0	0.722
CACNB2	CATSPERE	9606.ENSP00000320025	9606.ENSP00000355492	0	0	0	0	0.051	0	0.720	0.061	0.728
CACNB2	STAC3	9606.ENSP00000320025	9606.ENSP00000329200	0	0	0	0	0.074	0	0.720	0.151	0.760
CACNB2	CATSPER4	9606.ENSP00000320025	9606.ENSP00000390423	0	0	0	0	0	0	0.720	0.198	0.765
CACNB2	CACNG7	9606.ENSP00000320025	9606.ENSP00000375647	0	0	0	0	0	0	0.720	0.319	0.801
CACNB2	CATSPER2	9606.ENSP00000320025	9606.ENSP00000371180	0	0	0	0	0.082	0.288	0.720	0.153	0.824
CACNB2	CACNB4	9606.ENSP00000320025	9606.ENSP00000438949	0	0	0.054	0.963	0.080	0.126	0.720	0.568	0.891
CACNB3	CACNG3	9606.ENSP00000301050	9606.ENSP00000005284	0	0	0	0	0.059	0	0.900	0.397	0.938
CACNB3	CACNG1	9606.ENSP00000301050	9606.ENSP00000226021	0	0	0	0	0.103	0.505	0.720	0.293	0.900
CACNB3	CACNG6	9606.ENSP00000301050	9606.ENSP00000252729	0	0	0	0	0.060	0	0.900	0.114	0.909
CACNB3	CATSPERB	9606.ENSP00000301050	9606.ENSP00000256343	0	0	0	0	0	0	0.720	0.093	0.735
CACNB3	CACNG4	9606.ENSP00000301050	9606.ENSP00000262138	0	0	0	0	0.042	0	0.900	0.638	0.962
CACNB3	CACNG8	9606.ENSP00000301050	9606.ENSP00000270458	0	0	0	0	0.042	0	0.900	0.336	0.930
CACNB3	CATSPER3	9606.ENSP00000301050	9606.ENSP00000282611	0	0	0	0	0.060	0.271	0.720	0.095	0.803
CACNB3	CACNG2	9606.ENSP00000301050	9606.ENSP00000300105	0	0	0	0	0	0	0.800	0.362	0.867
CACNB3	INS	9606.ENSP00000301050	9606.ENSP00000380432	0	0	0	0	0	0	0.400	0.091	0.431
CACNB3	GNAI1	9606.ENSP00000301050	9606.ENSP00000497260	0	0	0	0	0.055	0	0.500	0.070	0.522
CACNB3	GNAI2	9606.ENSP00000301050	9606.ENSP00000312999	0	0	0	0	0.055	0	0.500	0.070	0.522
CACNB3	CATSPERG	9606.ENSP00000301050	9606.ENSP00000386962	0	0	0	0	0	0	0.720	0	0.720
CACNB3	EFCAB9	9606.ENSP00000301050	9606.ENSP00000381247	0	0	0	0	0	0	0.720	0	0.720
CACNB3	CATSPERZ	9606.ENSP00000301050	9606.ENSP00000491717	0	0	0	0	0	0	0.720	0	0.720
CACNB3	TMEM262	9606.ENSP00000301050	9606.ENSP00000432459	0	0	0	0	0	0	0.720	0	0.720
CACNB3	TMEM249	9606.ENSP00000301050	9606.ENSP00000454468	0	0	0	0	0	0	0.720	0	0.720
CACNB3	CATSPERD	9606.ENSP00000301050	9606.ENSP00000371037	0	0	0	0	0.051	0	0.720	0	0.722
CACNB3	STAC3	9606.ENSP00000301050	9606.ENSP00000329200	0	0	0	0	0.074	0	0.720	0.081	0.740
CACNB3	CATSPERE	9606.ENSP00000301050	9606.ENSP00000355492	0	0	0	0	0.051	0	0.720	0.106	0.741
CACNB3	CATSPER4	9606.ENSP00000301050	9606.ENSP00000390423	0	0	0	0	0	0	0.720	0.138	0.748
CACNB3	CATSPER1	9606.ENSP00000301050	9606.ENSP00000309052	0	0	0	0	0.048	0	0.720	0.211	0.771
CACNB3	CATSPER2	9606.ENSP00000301050	9606.ENSP00000371180	0	0	0	0	0.062	0.288	0.720	0.090	0.807
CACNB3	CACNG7	9606.ENSP00000301050	9606.ENSP00000375647	0	0	0	0	0.061	0	0.900	0.440	0.942
CACNB3	CACNB4	9606.ENSP00000301050	9606.ENSP00000438949	0	0	0.056	0.965	0	0.395	0.900	0.446	0.964
CACNB4	CACNG3	9606.ENSP00000438949	9606.ENSP00000005284	0	0	0	0	0.124	0	0.900	0.567	0.958
CACNB4	CACNG1	9606.ENSP00000438949	9606.ENSP00000226021	0	0	0	0	0.100	0.477	0.720	0.569	0.935
CACNB4	CACNG6	9606.ENSP00000438949	9606.ENSP00000252729	0	0	0	0	0.057	0	0.900	0.503	0.949
CACNB4	CATSPERB	9606.ENSP00000438949	9606.ENSP00000256343	0	0	0	0	0.043	0	0.720	0.177	0.760
CACNB4	CACNG4	9606.ENSP00000438949	9606.ENSP00000262138	0	0	0	0	0	0	0.900	0.370	0.934
CACNB4	CACNG8	9606.ENSP00000438949	9606.ENSP00000270458	0	0	0	0	0.109	0	0.900	0.382	0.940
CACNB4	CATSPER3	9606.ENSP00000438949	9606.ENSP00000282611	0	0	0	0	0.060	0.271	0.720	0.080	0.799
CACNB4	CACNG2	9606.ENSP00000438949	9606.ENSP00000300105	0	0	0	0	0.087	0	0.800	0.753	0.951
CACNB4	CATSPER1	9606.ENSP00000438949	9606.ENSP00000309052	0	0	0	0	0	0	0.720	0.132	0.746
CACNB4	STAC3	9606.ENSP00000438949	9606.ENSP00000329200	0	0	0	0	0.074	0	0.720	0.116	0.750
CACNB4	CATSPERE	9606.ENSP00000438949	9606.ENSP00000355492	0	0	0	0	0.051	0	0.720	0.213	0.772
CACNB4	CATSPERD	9606.ENSP00000438949	9606.ENSP00000371037	0	0	0	0	0.051	0	0.720	0	0.722
CACNB4	CATSPER2	9606.ENSP00000438949	9606.ENSP00000371180	0	0	0	0	0.090	0.288	0.720	0.090	0.812
CACNB4	CACNG7	9606.ENSP00000438949	9606.ENSP00000375647	0	0	0	0	0.074	0	0.900	0.366	0.936
CACNB4	EFCAB9	9606.ENSP00000438949	9606.ENSP00000381247	0	0	0	0	0	0	0.720	0	0.720
CACNB4	CATSPERG	9606.ENSP00000438949	9606.ENSP00000386962	0	0	0	0	0	0	0.720	0.165	0.756
CACNB4	CATSPER4	9606.ENSP00000438949	9606.ENSP00000390423	0	0	0	0	0	0	0.720	0.138	0.748
CACNB4	TMEM262	9606.ENSP00000438949	9606.ENSP00000432459	0	0	0	0	0	0	0.720	0	0.720
CACNB4	CATSPERZ	9606.ENSP00000438949	9606.ENSP00000491717	0	0	0	0	0	0	0.720	0	0.720
CACNB4	TMEM249	9606.ENSP00000438949	9606.ENSP00000454468	0	0	0	0	0	0	0.720	0	0.720
CACNG1	CACNG3	9606.ENSP00000226021	9606.ENSP00000005284	0	0.007	0	0	0.044	0	0.720	0.914	0.974
CACNG1	CATSPERB	9606.ENSP00000226021	9606.ENSP00000256343	0	0	0	0	0	0	0.720	0	0.720
CACNG1	TMEM262	9606.ENSP00000226021	9606.ENSP00000432459	0	0	0	0	0	0	0.720	0	0.720
CACNG1	CATSPERZ	9606.ENSP00000226021	9606.ENSP00000491717	0	0	0	0	0	0	0.720	0	0.720
CACNG1	TMEM249	9606.ENSP00000226021	9606.ENSP00000454468	0	0	0	0	0	0	0.720	0	0.720
CACNG1	CATSPERG	9606.ENSP00000226021	9606.ENSP00000386962	0	0	0	0	0.047	0	0.720	0	0.721
CACNG1	EFCAB9	9606.ENSP00000226021	9606.ENSP00000381247	0	0	0	0	0.048	0	0.720	0	0.722
CACNG1	CATSPERE	9606.ENSP00000226021	9606.ENSP00000355492	0	0	0	0	0.054	0	0.720	0.050	0.726
CACNG1	CATSPERD	9606.ENSP00000226021	9606.ENSP00000371037	0	0	0	0	0.054	0	0.720	0.050	0.726
CACNG1	CATSPER1	9606.ENSP00000226021	9606.ENSP00000309052	0	0	0	0	0	0	0.720	0.078	0.730
CACNG1	CATSPER4	9606.ENSP00000226021	9606.ENSP00000390423	0	0	0	0	0	0	0.720	0.090	0.734
CACNG1	CACNG6	9606.ENSP00000226021	9606.ENSP00000252729	0	0	0	0.884	0.117	0	0.720	0.086	0.754
CACNG1	STAC3	9606.ENSP00000226021	9606.ENSP00000329200	0	0	0	0	0.191	0	0.720	0.055	0.767
CACNG1	CATSPER3	9606.ENSP00000226021	9606.ENSP00000282611	0	0	0	0	0.051	0.313	0.720	0.064	0.806
CACNG1	CATSPER2	9606.ENSP00000226021	9606.ENSP00000371180	0	0	0	0	0.056	0.387	0.720	0.177	0.848
CACNG1	CACNG2	9606.ENSP00000226021	9606.ENSP00000300105	0	0.006	0	0	0.044	0	0.720	0.871	0.962
CACNG1	CACNG8	9606.ENSP00000226021	9606.ENSP00000270458	0	0.014	0	0	0.048	0	0.720	0.890	0.968
CACNG1	CACNG7	9606.ENSP00000226021	9606.ENSP00000375647	0	0	0	0	0.060	0	0.720	0.916	0.976
CACNG1	CACNG4	9606.ENSP00000226021	9606.ENSP00000262138	0	0.009	0	0	0.098	0	0.720	0.952	0.986
CACNG2	CACNG3	9606.ENSP00000300105	9606.ENSP00000005284	0	0	0.050	0.976	0.139	0	0.720	0.062	0.756
CACNG2	CACNG6	9606.ENSP00000300105	9606.ENSP00000252729	0	0.032	0	0	0	0	0.720	0.115	0.741
CACNG2	CATSPERB	9606.ENSP00000300105	9606.ENSP00000256343	0	0	0	0	0	0	0.720	0	0.720
CACNG2	CACNG4	9606.ENSP00000300105	9606.ENSP00000262138	0	0	0.052	0.957	0.044	0	0.720	0.078	0.734
CACNG2	CACNG8	9606.ENSP00000300105	9606.ENSP00000270458	0	0	0.052	0.948	0.086	0	0.720	0.085	0.748
CACNG2	CATSPER3	9606.ENSP00000300105	9606.ENSP00000282611	0	0	0	0	0	0	0.720	0	0.720
CACNG2	CATSPERZ	9606.ENSP00000300105	9606.ENSP00000491717	0	0	0	0	0	0	0.720	0	0.720
CACNG2	TMEM262	9606.ENSP00000300105	9606.ENSP00000432459	0	0	0	0	0	0	0.720	0	0.720
CACNG2	CATSPERD	9606.ENSP00000300105	9606.ENSP00000371037	0	0	0	0	0	0	0.720	0	0.720
CACNG2	CATSPERE	9606.ENSP00000300105	9606.ENSP00000355492	0	0	0	0	0	0	0.720	0	0.720
CACNG2	EFCAB9	9606.ENSP00000300105	9606.ENSP00000381247	0	0	0	0	0	0	0.720	0	0.720
CACNG2	TMEM249	9606.ENSP00000300105	9606.ENSP00000454468	0	0	0	0	0	0	0.720	0	0.720
CACNG2	CATSPER2	9606.ENSP00000300105	9606.ENSP00000371180	0	0	0	0	0	0	0.720	0	0.720
CACNG2	CATSPER1	9606.ENSP00000300105	9606.ENSP00000309052	0	0	0	0	0	0	0.720	0.052	0.723
CACNG2	CATSPER4	9606.ENSP00000300105	9606.ENSP00000390423	0	0	0	0	0	0	0.720	0.052	0.723
CACNG2	CATSPERG	9606.ENSP00000300105	9606.ENSP00000386962	0	0	0	0	0.042	0	0.720	0.057	0.724
CACNG2	STAC3	9606.ENSP00000300105	9606.ENSP00000329200	0	0	0	0	0	0	0.720	0.085	0.732
CACNG2	CACNG7	9606.ENSP00000300105	9606.ENSP00000375647	0	0	0.088	0.742	0.099	0	0.720	0.240	0.801
CACNG3	TMEM249	9606.ENSP00000005284	9606.ENSP00000454468	0	0	0	0	0	0	0.720	0	0.720
CACNG3	CATSPER2	9606.ENSP00000005284	9606.ENSP00000371180	0	0	0	0	0	0	0.720	0	0.720
CACNG3	CATSPER3	9606.ENSP00000005284	9606.ENSP00000282611	0	0	0	0	0	0	0.720	0	0.720
CACNG3	CATSPERD	9606.ENSP00000005284	9606.ENSP00000371037	0	0	0	0	0	0	0.720	0	0.720
CACNG3	CATSPERE	9606.ENSP00000005284	9606.ENSP00000355492	0	0	0	0	0	0	0.720	0	0.720
CACNG3	EFCAB9	9606.ENSP00000005284	9606.ENSP00000381247	0	0	0	0	0	0	0.720	0	0.720
CACNG3	TMEM262	9606.ENSP00000005284	9606.ENSP00000432459	0	0	0	0	0	0	0.720	0	0.720
CACNG3	CATSPERB	9606.ENSP00000005284	9606.ENSP00000256343	0	0	0	0	0	0	0.720	0	0.720
CACNG3	STAC3	9606.ENSP00000005284	9606.ENSP00000329200	0	0	0	0	0	0	0.720	0	0.720
CACNG3	CATSPER4	9606.ENSP00000005284	9606.ENSP00000390423	0	0	0	0	0	0	0.720	0.052	0.723
CACNG3	CATSPER1	9606.ENSP00000005284	9606.ENSP00000309052	0	0	0	0	0	0	0.720	0.052	0.723
CACNG3	CATSPERZ	9606.ENSP00000005284	9606.ENSP00000491717	0	0	0	0	0	0	0.720	0.077	0.730
CACNG3	CATSPERG	9606.ENSP00000005284	9606.ENSP00000386962	0	0	0	0	0.042	0	0.720	0.137	0.748
CACNG3	CACNG4	9606.ENSP00000005284	9606.ENSP00000262138	0	0	0.053	0.954	0	0	0.900	0.082	0.905
CACNG3	CACNG6	9606.ENSP00000005284	9606.ENSP00000252729	0	0.034	0	0	0	0	0.900	0.126	0.908
CACNG3	CACNG8	9606.ENSP00000005284	9606.ENSP00000270458	0	0	0.049	0.946	0.118	0	0.900	0.085	0.913
CACNG3	CACNG7	9606.ENSP00000005284	9606.ENSP00000375647	0	0	0.117	0.728	0.183	0	0.900	0.262	0.939
CACNG4	CACNG6	9606.ENSP00000262138	9606.ENSP00000252729	0	0.090	0	0	0.042	0	0.900	0.141	0.915
CACNG4	CATSPERB	9606.ENSP00000262138	9606.ENSP00000256343	0	0	0	0	0	0	0.720	0.060	0.725
CACNG4	CATSPER2	9606.ENSP00000262138	9606.ENSP00000371180	0	0	0	0	0	0	0.720	0	0.720
CACNG4	TMEM249	9606.ENSP00000262138	9606.ENSP00000454468	0	0	0	0	0	0	0.720	0	0.720
CACNG4	CATSPERD	9606.ENSP00000262138	9606.ENSP00000371037	0	0	0	0	0	0	0.720	0	0.720
CACNG4	EFCAB9	9606.ENSP00000262138	9606.ENSP00000381247	0	0	0	0	0	0	0.720	0	0.720
CACNG4	TMEM262	9606.ENSP00000262138	9606.ENSP00000432459	0	0	0	0	0	0	0.720	0	0.720
CACNG4	CATSPERZ	9606.ENSP00000262138	9606.ENSP00000491717	0	0	0	0	0	0	0.720	0	0.720
CACNG4	STAC3	9606.ENSP00000262138	9606.ENSP00000329200	0	0	0	0	0	0	0.720	0	0.720
CACNG4	CATSPER4	9606.ENSP00000262138	9606.ENSP00000390423	0	0	0	0	0	0	0.720	0.052	0.723
CACNG4	CATSPER1	9606.ENSP00000262138	9606.ENSP00000309052	0	0	0	0	0	0	0.720	0.052	0.723
CACNG4	CATSPER3	9606.ENSP00000262138	9606.ENSP00000282611	0	0	0	0	0	0	0.720	0.063	0.726
CACNG4	CATSPERG	9606.ENSP00000262138	9606.ENSP00000386962	0	0	0	0	0.049	0	0.720	0.057	0.726
CACNG4	CATSPERE	9606.ENSP00000262138	9606.ENSP00000355492	0	0	0	0	0	0	0.720	0.091	0.734
CACNG4	CACNG8	9606.ENSP00000262138	9606.ENSP00000270458	0	0	0.056	0.956	0.047	0	0.900	0.080	0.906
CACNG4	CACNG7	9606.ENSP00000262138	9606.ENSP00000375647	0	0	0.091	0.749	0.105	0	0.900	0.475	0.951
CACNG6	EFCAB9	9606.ENSP00000252729	9606.ENSP00000381247	0	0	0	0	0	0	0.720	0	0.720
CACNG6	CATSPERE	9606.ENSP00000252729	9606.ENSP00000355492	0	0	0	0	0	0	0.720	0	0.720
CACNG6	CATSPERG	9606.ENSP00000252729	9606.ENSP00000386962	0	0	0	0	0	0	0.720	0	0.720
CACNG6	CATSPERB	9606.ENSP00000252729	9606.ENSP00000256343	0	0	0	0	0	0	0.720	0	0.720
CACNG6	CATSPER4	9606.ENSP00000252729	9606.ENSP00000390423	0	0	0	0	0	0	0.720	0	0.720
CACNG6	CATSPERZ	9606.ENSP00000252729	9606.ENSP00000491717	0	0	0	0	0	0	0.720	0	0.720
CACNG6	TMEM262	9606.ENSP00000252729	9606.ENSP00000432459	0	0	0	0	0	0	0.720	0	0.720
CACNG6	TMEM249	9606.ENSP00000252729	9606.ENSP00000454468	0	0	0	0	0	0	0.720	0	0.720
CACNG6	CATSPERD	9606.ENSP00000252729	9606.ENSP00000371037	0	0	0	0	0.047	0	0.720	0	0.721
CACNG6	CATSPER1	9606.ENSP00000252729	9606.ENSP00000309052	0	0	0	0	0.049	0	0.720	0	0.722
CACNG6	CATSPER2	9606.ENSP00000252729	9606.ENSP00000371180	0	0	0	0	0	0	0.720	0.052	0.723
CACNG6	CATSPER3	9606.ENSP00000252729	9606.ENSP00000282611	0	0	0	0	0	0	0.720	0.064	0.726
CACNG6	STAC3	9606.ENSP00000252729	9606.ENSP00000329200	0	0	0	0	0.089	0	0.720	0	0.734
CACNG6	CACNG8	9606.ENSP00000252729	9606.ENSP00000270458	0	0.138	0	0	0.058	0	0.900	0.053	0.912
CACNG6	CACNG7	9606.ENSP00000252729	9606.ENSP00000375647	0	0	0.278	0	0.060	0	0.900	0.135	0.933
CACNG7	CATSPERB	9606.ENSP00000375647	9606.ENSP00000256343	0	0	0	0	0	0	0.720	0.123	0.744
CACNG7	CACNG8	9606.ENSP00000375647	9606.ENSP00000270458	0	0	0.094	0.722	0.226	0	0.900	0.297	0.944
CACNG7	CATSPER3	9606.ENSP00000375647	9606.ENSP00000282611	0	0	0	0	0.086	0.041	0.720	0.105	0.751
CACNG7	CATSPER1	9606.ENSP00000375647	9606.ENSP00000309052	0	0	0	0	0.073	0	0.720	0.069	0.737
CACNG7	STAC3	9606.ENSP00000375647	9606.ENSP00000329200	0	0	0	0	0.042	0	0.720	0	0.720
CACNG7	CATSPERE	9606.ENSP00000375647	9606.ENSP00000355492	0	0	0	0	0	0.046	0.720	0.137	0.749
CACNG7	CATSPERD	9606.ENSP00000375647	9606.ENSP00000371037	0	0	0	0	0.048	0.046	0.720	0.069	0.731
CACNG7	CATSPER2	9606.ENSP00000375647	9606.ENSP00000371180	0	0	0	0	0	0.041	0.720	0.087	0.733
CACNG7	TMEM249	9606.ENSP00000375647	9606.ENSP00000454468	0	0	0	0	0	0	0.720	0	0.720
CACNG7	TMEM262	9606.ENSP00000375647	9606.ENSP00000432459	0	0	0	0	0	0	0.720	0	0.720
CACNG7	CATSPERZ	9606.ENSP00000375647	9606.ENSP00000491717	0	0	0	0	0	0	0.720	0	0.720
CACNG7	CATSPERG	9606.ENSP00000375647	9606.ENSP00000386962	0	0	0	0	0.048	0.047	0.720	0.049	0.726
CACNG7	EFCAB9	9606.ENSP00000375647	9606.ENSP00000381247	0	0	0	0	0	0.104	0.720	0.046	0.739
CACNG7	CATSPER4	9606.ENSP00000375647	9606.ENSP00000390423	0	0	0	0	0.073	0	0.720	0.090	0.743
CACNG8	CATSPERB	9606.ENSP00000270458	9606.ENSP00000256343	0	0	0	0	0	0	0.720	0.086	0.733
CACNG8	TMEM249	9606.ENSP00000270458	9606.ENSP00000454468	0	0	0	0	0	0	0.720	0	0.720
CACNG8	STAC3	9606.ENSP00000270458	9606.ENSP00000329200	0	0	0	0	0.044	0	0.720	0	0.720
CACNG8	TMEM262	9606.ENSP00000270458	9606.ENSP00000432459	0	0	0	0	0	0	0.720	0	0.720
CACNG8	CATSPERZ	9606.ENSP00000270458	9606.ENSP00000491717	0	0	0	0	0.044	0	0.720	0	0.720
CACNG8	CATSPER3	9606.ENSP00000270458	9606.ENSP00000282611	0	0	0	0	0	0.041	0.720	0.069	0.728
CACNG8	CATSPERG	9606.ENSP00000270458	9606.ENSP00000386962	0	0	0	0	0.060	0.047	0.720	0.049	0.729
CACNG8	CATSPER1	9606.ENSP00000270458	9606.ENSP00000309052	0	0	0	0	0.075	0	0.720	0	0.730
CACNG8	CATSPERD	9606.ENSP00000270458	9606.ENSP00000371037	0	0	0	0	0.056	0.046	0.720	0.069	0.733
CACNG8	EFCAB9	9606.ENSP00000270458	9606.ENSP00000381247	0	0	0	0	0	0.104	0.720	0.046	0.739
CACNG8	CATSPER4	9606.ENSP00000270458	9606.ENSP00000390423	0	0	0	0	0.073	0	0.720	0.091	0.743
CACNG8	CATSPER2	9606.ENSP00000270458	9606.ENSP00000371180	0	0	0	0	0.067	0.041	0.720	0.102	0.745
CACNG8	CATSPERE	9606.ENSP00000270458	9606.ENSP00000355492	0	0	0	0	0	0.046	0.720	0.262	0.785
CATSPER1	CATSPERB	9606.ENSP00000309052	9606.ENSP00000256343	0	0	0	0	0	0.831	0.720	0.999	0.999
CATSPER1	CATSPER3	9606.ENSP00000309052	9606.ENSP00000282611	0	0	0.238	0.573	0.056	0.831	0.720	0.635	0.985
CATSPER1	TMEM249	9606.ENSP00000309052	9606.ENSP00000454468	0	0	0	0	0	0	0.720	0	0.720
CATSPER1	STAC3	9606.ENSP00000309052	9606.ENSP00000329200	0	0	0	0	0.062	0	0.720	0	0.726
CATSPER1	TMEM262	9606.ENSP00000309052	9606.ENSP00000432459	0	0	0	0	0	0.507	0.720	0	0.856
CATSPER1	CATSPERE	9606.ENSP00000309052	9606.ENSP00000355492	0	0	0	0	0	0.507	0.720	0.667	0.950
CATSPER1	CATSPERZ	9606.ENSP00000309052	9606.ENSP00000491717	0	0	0	0	0	0.507	0.720	0.709	0.956
CATSPER1	CATSPER2	9606.ENSP00000309052	9606.ENSP00000371180	0	0	0.227	0.565	0.056	0.839	0.720	0.563	0.983
CATSPER1	CATSPER4	9606.ENSP00000309052	9606.ENSP00000390423	0	0	0.227	0.595	0	0.839	0.720	0.592	0.983
CATSPER1	EFCAB9	9606.ENSP00000309052	9606.ENSP00000381247	0	0	0	0	0	0.507	0.720	0.922	0.988
CATSPER1	CATSPERD	9606.ENSP00000309052	9606.ENSP00000371037	0	0	0	0	0.042	0.507	0.720	0.929	0.989
CATSPER1	CATSPERG	9606.ENSP00000309052	9606.ENSP00000386962	0	0	0	0	0	0.839	0.720	0.972	0.998
CATSPER2	CATSPERB	9606.ENSP00000371180	9606.ENSP00000256343	0	0	0	0	0	0.507	0.720	0.795	0.969
CATSPER2	CATSPER3	9606.ENSP00000371180	9606.ENSP00000282611	0	0	0.237	0.583	0	0.797	0.720	0.727	0.986
CATSPER2	STAC3	9606.ENSP00000371180	9606.ENSP00000329200	0	0	0	0	0.053	0	0.720	0	0.723
CATSPER2	CATSPERE	9606.ENSP00000371180	9606.ENSP00000355492	0	0	0	0	0.056	0.797	0.720	0.663	0.979
CATSPER2	CATSPERD	9606.ENSP00000371180	9606.ENSP00000371037	0	0	0.206	0	0	0.797	0.720	0.748	0.987
CATSPER2	TMEM249	9606.ENSP00000371180	9606.ENSP00000454468	0	0	0	0	0	0	0.720	0	0.720
CATSPER2	TMEM262	9606.ENSP00000371180	9606.ENSP00000432459	0	0	0	0	0	0.507	0.720	0	0.856
CATSPER2	CATSPERG	9606.ENSP00000371180	9606.ENSP00000386962	0	0	0	0	0.097	0.507	0.720	0.545	0.935
CATSPER2	CATSPERZ	9606.ENSP00000371180	9606.ENSP00000491717	0	0	0	0	0	0.507	0.720	0.642	0.946
CATSPER2	EFCAB9	9606.ENSP00000371180	9606.ENSP00000381247	0	0	0.263	0	0	0.507	0.720	0.705	0.966
CATSPER2	CATSPER4	9606.ENSP00000371180	9606.ENSP00000390423	0	0	0.232	0.597	0.067	0.507	0.720	0.767	0.972
CATSPER3	CATSPERB	9606.ENSP00000282611	9606.ENSP00000256343	0	0	0	0	0.049	0.828	0.720	0.794	0.989
CATSPER3	TMEM249	9606.ENSP00000282611	9606.ENSP00000454468	0	0	0	0	0	0	0.720	0	0.720
CATSPER3	STAC3	9606.ENSP00000282611	9606.ENSP00000329200	0	0	0	0	0.067	0	0.720	0	0.727
CATSPER3	TMEM262	9606.ENSP00000282611	9606.ENSP00000432459	0	0	0	0	0	0.507	0.720	0	0.856
CATSPER3	CATSPERG	9606.ENSP00000282611	9606.ENSP00000386962	0	0	0	0	0	0.507	0.720	0.548	0.932
CATSPER3	CATSPERZ	9606.ENSP00000282611	9606.ENSP00000491717	0	0	0	0	0	0.507	0.720	0.622	0.943
CATSPER3	CATSPERE	9606.ENSP00000282611	9606.ENSP00000355492	0	0	0	0	0.043	0.507	0.720	0.673	0.951
CATSPER3	EFCAB9	9606.ENSP00000282611	9606.ENSP00000381247	0	0	0	0	0	0.797	0.720	0.740	0.983
CATSPER3	CATSPER4	9606.ENSP00000282611	9606.ENSP00000390423	0	0	0.232	0.608	0.056	0.797	0.720	0.705	0.985
CATSPER3	CATSPERD	9606.ENSP00000282611	9606.ENSP00000371037	0	0	0	0	0	0.797	0.720	0.780	0.986
CATSPER4	CATSPERB	9606.ENSP00000390423	9606.ENSP00000256343	0	0	0	0	0	0.797	0.720	0.885	0.992
CATSPER4	STAC3	9606.ENSP00000390423	9606.ENSP00000329200	0	0	0	0	0	0	0.720	0	0.720
CATSPER4	CATSPERE	9606.ENSP00000390423	9606.ENSP00000355492	0	0	0	0	0	0.507	0.720	0.648	0.947
CATSPER4	CATSPERD	9606.ENSP00000390423	9606.ENSP00000371037	0	0	0	0	0	0.507	0.720	0.833	0.974
CATSPER4	EFCAB9	9606.ENSP00000390423	9606.ENSP00000381247	0	0	0	0	0	0.507	0.720	0.806	0.970
CATSPER4	CATSPERG	9606.ENSP00000390423	9606.ENSP00000386962	0	0	0	0	0	0.336	0.720	0.537	0.906
CATSPER4	TMEM249	9606.ENSP00000390423	9606.ENSP00000454468	0	0	0	0	0	0	0.720	0	0.720
CATSPER4	TMEM262	9606.ENSP00000390423	9606.ENSP00000432459	0	0	0	0	0	0.797	0.720	0	0.940
CATSPER4	CATSPERZ	9606.ENSP00000390423	9606.ENSP00000491717	0	0	0	0	0	0.507	0.720	0.617	0.942
CATSPERB	STAC3	9606.ENSP00000256343	9606.ENSP00000329200	0	0	0	0	0	0	0.720	0	0.720
CATSPERB	TMEM249	9606.ENSP00000256343	9606.ENSP00000454468	0	0	0.265	0	0	0	0.720	0	0.785
CATSPERB	TMEM262	9606.ENSP00000256343	9606.ENSP00000432459	0	0	0	0	0	0.797	0.720	0	0.940
CATSPERB	CATSPERZ	9606.ENSP00000256343	9606.ENSP00000491717	0	0	0	0	0	0.507	0.720	0.687	0.953
CATSPERB	EFCAB9	9606.ENSP00000256343	9606.ENSP00000381247	0	0	0	0	0	0.507	0.720	0.765	0.964
CATSPERB	CATSPERE	9606.ENSP00000256343	9606.ENSP00000355492	0	0	0.399	0	0.050	0.507	0.720	0.717	0.973
CATSPERB	CATSPERG	9606.ENSP00000256343	9606.ENSP00000386962	0	0	0.257	0	0.067	0.797	0.720	0.847	0.992
CATSPERB	CATSPERD	9606.ENSP00000256343	9606.ENSP00000371037	0	0	0.345	0	0	0.797	0.720	0.924	0.996
CATSPERD	STAC3	9606.ENSP00000371037	9606.ENSP00000329200	0	0	0	0	0.042	0	0.720	0	0.720
CATSPERD	CATSPERE	9606.ENSP00000371037	9606.ENSP00000355492	0	0	0.191	0.573	0.056	0.797	0.720	0.354	0.966
CATSPERD	TMEM249	9606.ENSP00000371037	9606.ENSP00000454468	0	0	0.221	0	0	0	0.720	0	0.772
CATSPERD	TMEM262	9606.ENSP00000371037	9606.ENSP00000432459	0	0	0	0	0	0.507	0.720	0	0.856
CATSPERD	EFCAB9	9606.ENSP00000371037	9606.ENSP00000381247	0	0	0	0	0	0.507	0.720	0.608	0.941
CATSPERD	CATSPERZ	9606.ENSP00000371037	9606.ENSP00000491717	0	0	0	0	0	0.507	0.720	0.682	0.952
CATSPERD	CATSPERG	9606.ENSP00000371037	9606.ENSP00000386962	0	0	0	0	0.115	0.797	0.720	0.805	0.988
CATSPERE	STAC3	9606.ENSP00000355492	9606.ENSP00000329200	0	0	0	0	0	0	0.720	0	0.720
CATSPERE	TMEM249	9606.ENSP00000355492	9606.ENSP00000454468	0	0	0.404	0	0	0	0.720	0	0.825
CATSPERE	TMEM262	9606.ENSP00000355492	9606.ENSP00000432459	0	0	0	0	0	0.507	0.720	0	0.856
CATSPERE	EFCAB9	9606.ENSP00000355492	9606.ENSP00000381247	0	0	0	0	0	0.507	0.720	0.625	0.943
CATSPERE	CATSPERG	9606.ENSP00000355492	9606.ENSP00000386962	0	0	0.205	0	0.056	0.439	0.720	0.627	0.948
CATSPERE	CATSPERZ	9606.ENSP00000355492	9606.ENSP00000491717	0	0	0	0	0	0.507	0.720	0.720	0.958
CATSPERG	STAC3	9606.ENSP00000386962	9606.ENSP00000329200	0	0	0	0	0	0	0.720	0	0.720
CATSPERG	EFCAB9	9606.ENSP00000386962	9606.ENSP00000381247	0	0	0.226	0	0	0.507	0.720	0.377	0.924
CATSPERG	TMEM249	9606.ENSP00000386962	9606.ENSP00000454468	0	0	0	0	0	0	0.720	0	0.720
CATSPERG	TMEM262	9606.ENSP00000386962	9606.ENSP00000432459	0	0	0	0	0	0.507	0.720	0	0.856
CATSPERG	CATSPERZ	9606.ENSP00000386962	9606.ENSP00000491717	0	0	0	0	0.042	0.507	0.720	0.431	0.914
CATSPERZ	STAC3	9606.ENSP00000491717	9606.ENSP00000329200	0	0	0	0	0	0	0.720	0	0.720
CATSPERZ	EFCAB9	9606.ENSP00000491717	9606.ENSP00000381247	0	0	0	0	0	0.507	0.720	0.951	0.992
CATSPERZ	TMEM262	9606.ENSP00000491717	9606.ENSP00000432459	0	0	0	0	0	0.507	0.720	0	0.856
CATSPERZ	TMEM249	9606.ENSP00000491717	9606.ENSP00000454468	0	0	0	0	0	0	0.720	0	0.720
CLDN11	PCDH9	9606.ENSP00000064724	9606.ENSP00000367096	0	0	0	0	0.121	0	0	0.418	0.466
CLDN11	PMP22	9606.ENSP00000064724	9606.ENSP00000308937	0	0	0	0	0.056	0	0	0.854	0.856
CMA1	TPSB2	9606.ENSP00000250378	9606.ENSP00000482743	0	0	0.159	0.761	0.272	0	0	0.166	0.445
CMA1	FCER1A	9606.ENSP00000250378	9606.ENSP00000357097	0	0	0	0	0.373	0.113	0	0.472	0.681
CMA1	TPSAB1	9606.ENSP00000250378	9606.ENSP00000343577	0	0	0.156	0.766	0.322	0	0.400	0.250	0.708
CMA1	MS4A2	9606.ENSP00000250378	9606.ENSP00000278888	0	0	0	0	0.301	0	0	0.740	0.810
CMA1	CPA3	9606.ENSP00000250378	9606.ENSP00000296046	0	0	0	0	0.736	0.126	0	0.865	0.966
CPA3	TPSD1	9606.ENSP00000296046	9606.ENSP00000211076	0	0	0	0	0.151	0.126	0	0.458	0.563
CPA3	MS4A2	9606.ENSP00000296046	9606.ENSP00000278888	0	0	0	0	0.794	0	0	0.711	0.938
CPA3	HPGDS	9606.ENSP00000296046	9606.ENSP00000295256	0	0	0	0	0.444	0	0	0.277	0.581
CPA3	TPSB2	9606.ENSP00000296046	9606.ENSP00000482743	0	0	0	0	0.638	0.126	0	0.638	0.875
CPA3	FCER1A	9606.ENSP00000296046	9606.ENSP00000357097	0	0	0	0	0.654	0	0	0.782	0.921
CPA3	TPSAB1	9606.ENSP00000296046	9606.ENSP00000343577	0	0	0	0	0.783	0.126	0	0.734	0.945
DPP4	GGT1	9606.ENSP00000353731	9606.ENSP00000248923	0	0	0	0	0.044	0	0	0.574	0.575
DPP4	GIP	9606.ENSP00000353731	9606.ENSP00000350005	0	0	0	0	0	0	0.750	0.926	0.980
DPP4	NAALAD2	9606.ENSP00000353731	9606.ENSP00000432481	0	0	0	0	0	0	0	0.810	0.810
DPP4	INS	9606.ENSP00000353731	9606.ENSP00000380432	0	0	0	0	0.103	0	0	0.900	0.906
EFCAB9	STAC3	9606.ENSP00000381247	9606.ENSP00000329200	0	0	0	0	0	0	0.720	0	0.720
EFCAB9	TMEM249	9606.ENSP00000381247	9606.ENSP00000454468	0	0	0.208	0	0	0	0.720	0	0.768
EFCAB9	TMEM262	9606.ENSP00000381247	9606.ENSP00000432459	0	0	0	0	0	0.507	0.720	0	0.856
EMP1	PMP22	9606.ENSP00000256951	9606.ENSP00000308937	0	0	0	0.891	0.215	0.193	0	0.134	0.403
ERG28	PTGIS	9606.ENSP00000256319	9606.ENSP00000244043	0	0	0	0	0.140	0.528	0	0.210	0.651
ERG28	MSMO1	9606.ENSP00000256319	9606.ENSP00000261507	0	0	0	0	0.238	0.791	0	0.966	0.994
FCER1A	MS4A2	9606.ENSP00000357097	9606.ENSP00000278888	0	0	0	0	0.574	0.095	0.900	0.926	0.996
FCER1A	TPSAB1	9606.ENSP00000357097	9606.ENSP00000343577	0	0	0	0	0.340	0.113	0	0.420	0.631
GAS1	PMP22	9606.ENSP00000298743	9606.ENSP00000308937	0	0	0	0	0.118	0	0	0.472	0.514
GAS1	GAS2	9606.ENSP00000298743	9606.ENSP00000401145	0	0	0	0	0	0	0	0.929	0.929
GAS2	PMP22	9606.ENSP00000401145	9606.ENSP00000308937	0	0	0	0	0	0	0	0.594	0.594
GAS2	LUZP2	9606.ENSP00000401145	9606.ENSP00000336817	0	0	0	0	0.062	0	0	0.910	0.911
GAS2	LIPI	9606.ENSP00000401145	9606.ENSP00000343331	0	0	0	0	0	0	0	0.762	0.762
GGT1	HPGDS	9606.ENSP00000248923	9606.ENSP00000295256	0	0	0	0	0.084	0	0.686	0.268	0.771
GIP	RLN2	9606.ENSP00000350005	9606.ENSP00000371040	0	0	0	0	0	0	0.400	0	0.400
GIP	INSL3	9606.ENSP00000350005	9606.ENSP00000369017	0	0	0	0	0.042	0	0.400	0	0.400
GIP	RLN3	9606.ENSP00000350005	9606.ENSP00000397415	0	0	0	0	0.087	0	0.400	0	0.428
GIP	INS	9606.ENSP00000350005	9606.ENSP00000380432	0	0	0	0	0.083	0	0	0.928	0.931
GNAI1	GNAI2	9606.ENSP00000497260	9606.ENSP00000312999	0	0	0.049	0.983	0	0.621	0.900	0.397	0.975
GNAI1	RXFP3	9606.ENSP00000497260	9606.ENSP00000328708	0	0	0	0	0	0.125	0.900	0.143	0.918
GNAI1	RXFP4	9606.ENSP00000497260	9606.ENSP00000357301	0	0	0	0	0	0.125	0.900	0.114	0.915
GNAI1	GNAI3	9606.ENSP00000497260	9606.ENSP00000358867	0	0	0.047	0.986	0.047	0.847	0.900	0.053	0.984
GNAI1	INS	9606.ENSP00000497260	9606.ENSP00000380432	0	0	0	0	0.055	0	0.400	0.109	0.451
GNAI1	RXFP1	9606.ENSP00000497260	9606.ENSP00000405841	0	0	0	0	0.044	0.071	0.900	0.130	0.912
GNAI2	INS	9606.ENSP00000312999	9606.ENSP00000380432	0	0	0	0	0.055	0	0.400	0.106	0.449
GNAI2	RXFP4	9606.ENSP00000312999	9606.ENSP00000357301	0	0	0	0	0	0.125	0.900	0.051	0.909
GNAI2	RXFP3	9606.ENSP00000312999	9606.ENSP00000328708	0	0	0	0	0	0.125	0.900	0.051	0.909
GNAI2	RXFP1	9606.ENSP00000312999	9606.ENSP00000405841	0	0	0	0	0	0.071	0.900	0.125	0.911
GNAI2	GNAI3	9606.ENSP00000312999	9606.ENSP00000358867	0	0	0.049	0.983	0.062	0.844	0.900	0.527	0.992
GNAI3	RXFP3	9606.ENSP00000358867	9606.ENSP00000328708	0	0	0	0	0	0.125	0.900	0.051	0.909
GNAI3	RXFP4	9606.ENSP00000358867	9606.ENSP00000357301	0	0	0	0	0	0.125	0.900	0.128	0.917
GNAI3	RXFP1	9606.ENSP00000358867	9606.ENSP00000405841	0	0	0	0	0	0.071	0.900	0.130	0.912
HPGDS	PTGIS	9606.ENSP00000295256	9606.ENSP00000244043	0	0	0	0	0.060	0	0.900	0.450	0.943
HPGDS	MS4A2	9606.ENSP00000295256	9606.ENSP00000278888	0	0	0	0	0.436	0	0	0.065	0.450
HPGDS	TPSAB1	9606.ENSP00000295256	9606.ENSP00000343577	0	0	0	0	0.459	0	0	0.231	0.566
IL1RAPL1	PCDH9	9606.ENSP00000368278	9606.ENSP00000367096	0	0	0.226	0	0.114	0.045	0	0.196	0.403
IL1RAPL1	PTPRD	9606.ENSP00000368278	9606.ENSP00000370593	0	0	0	0	0.056	0.928	0.700	0.751	0.994
IL1RAPL2	RXFP3	9606.ENSP00000361663	9606.ENSP00000328708	0	0	0	0	0.055	0.091	0	0.357	0.400
IL1RAPL2	RXFP1	9606.ENSP00000361663	9606.ENSP00000405841	0	0	0	0	0	0.100	0	0.369	0.408
IL1RAPL2	PTPRD	9606.ENSP00000361663	9606.ENSP00000370593	0	0	0	0	0.081	0.069	0.700	0.428	0.833
INS	RLN1	9606.ENSP00000380432	9606.ENSP00000223862	0	0	0	0	0	0	0	0.781	0.781
INS	INSL4	9606.ENSP00000380432	9606.ENSP00000239316	0	0	0	0	0	0	0	0.535	0.535
INS	RXFP2	9606.ENSP00000380432	9606.ENSP00000298386	0	0	0	0	0.052	0.046	0	0.861	0.863
INS	INSL5	9606.ENSP00000380432	9606.ENSP00000302724	0	0	0	0	0.049	0	0	0.404	0.408
INS	RXFP3	9606.ENSP00000380432	9606.ENSP00000328708	0	0	0	0	0.102	0	0	0.662	0.684
INS	RXFP4	9606.ENSP00000380432	9606.ENSP00000357301	0	0	0	0	0	0	0	0.452	0.452
INS	INSL3	9606.ENSP00000380432	9606.ENSP00000369017	0	0	0	0	0.049	0	0	0.806	0.807
INS	RLN2	9606.ENSP00000380432	9606.ENSP00000371040	0	0	0	0	0	0	0	0.753	0.753
INS	NR4A1	9606.ENSP00000380432	9606.ENSP00000440864	0	0	0	0	0	0	0	0.425	0.425
INS	RLN3	9606.ENSP00000380432	9606.ENSP00000397415	0	0	0	0	0.049	0	0	0.688	0.691
INS	RXFP1	9606.ENSP00000380432	9606.ENSP00000405841	0	0	0	0	0.052	0.046	0	0.709	0.714
INSL3	RLN1	9606.ENSP00000369017	9606.ENSP00000223862	0	0	0	0	0	0	0.900	0.948	0.994
INSL3	INSL4	9606.ENSP00000369017	9606.ENSP00000239316	0	0	0	0	0	0	0	0.908	0.908
INSL3	RXFP2	9606.ENSP00000369017	9606.ENSP00000298386	0	0	0	0	0.101	0.292	0.900	0.999	0.999
INSL3	INSL5	9606.ENSP00000369017	9606.ENSP00000302724	0	0	0	0	0	0	0.900	0.668	0.965
INSL3	RXFP3	9606.ENSP00000369017	9606.ENSP00000328708	0	0	0	0	0.047	0	0.650	0.763	0.914
INSL3	RXFP4	9606.ENSP00000369017	9606.ENSP00000357301	0	0	0	0	0	0	0.650	0.744	0.906
INSL3	INSL6	9606.ENSP00000369017	9606.ENSP00000371054	0	0	0	0	0	0	0	0.704	0.704
INSL3	RLN3	9606.ENSP00000369017	9606.ENSP00000397415	0	0	0	0	0.045	0	0.900	0.863	0.985
INSL3	RLN2	9606.ENSP00000369017	9606.ENSP00000371040	0	0	0	0	0	0	0.900	0.918	0.991
INSL3	RXFP1	9606.ENSP00000369017	9606.ENSP00000405841	0	0	0	0	0.101	0	0.650	0.994	0.997
INSL4	RLN1	9606.ENSP00000239316	9606.ENSP00000223862	0	0	0	0	0	0	0	0.925	0.925
INSL4	RXFP2	9606.ENSP00000239316	9606.ENSP00000298386	0	0	0	0	0.044	0	0	0.573	0.574
INSL4	RXFP1	9606.ENSP00000239316	9606.ENSP00000405841	0	0	0	0	0	0	0	0.582	0.582
INSL4	RXFP3	9606.ENSP00000239316	9606.ENSP00000328708	0	0	0	0	0	0	0	0.596	0.596
INSL4	RXFP4	9606.ENSP00000239316	9606.ENSP00000357301	0	0	0	0	0	0	0	0.599	0.599
INSL4	INSL5	9606.ENSP00000239316	9606.ENSP00000302724	0	0	0	0	0.042	0	0	0.663	0.663
INSL4	RLN3	9606.ENSP00000239316	9606.ENSP00000397415	0	0	0	0	0	0	0	0.715	0.715
INSL4	RLN2	9606.ENSP00000239316	9606.ENSP00000371040	0	0	0	0	0.049	0	0	0.917	0.917
INSL4	INSL6	9606.ENSP00000239316	9606.ENSP00000371054	0	0	0	0	0.058	0	0	0.979	0.979
INSL5	RLN1	9606.ENSP00000302724	9606.ENSP00000223862	0	0	0	0	0	0	0.900	0.944	0.994
INSL5	RXFP2	9606.ENSP00000302724	9606.ENSP00000298386	0	0	0	0	0	0	0.650	0.753	0.909
INSL5	INSL6	9606.ENSP00000302724	9606.ENSP00000371054	0	0	0	0	0.047	0	0	0.741	0.743
INSL5	RXFP1	9606.ENSP00000302724	9606.ENSP00000405841	0	0	0	0	0	0	0.650	0.815	0.932
INSL5	RXFP3	9606.ENSP00000302724	9606.ENSP00000328708	0	0	0	0	0.042	0	0.650	0.868	0.951
INSL5	RLN2	9606.ENSP00000302724	9606.ENSP00000371040	0	0	0	0	0	0	0.900	0.938	0.993
INSL5	RXFP4	9606.ENSP00000302724	9606.ENSP00000357301	0	0	0	0	0	0	0.900	0.953	0.995
INSL5	RLN3	9606.ENSP00000302724	9606.ENSP00000397415	0	0	0	0	0	0.900	0.900	0.812	0.997
INSL6	RLN1	9606.ENSP00000371054	9606.ENSP00000223862	0	0	0	0.667	0.056	0	0	0.474	0.482
INSL6	RXFP2	9606.ENSP00000371054	9606.ENSP00000298386	0	0	0	0	0.043	0	0	0.582	0.582
INSL6	RXFP3	9606.ENSP00000371054	9606.ENSP00000328708	0	0	0	0	0.056	0	0	0.662	0.667
INSL6	RXFP4	9606.ENSP00000371054	9606.ENSP00000357301	0	0	0	0	0	0	0	0.639	0.639
INSL6	RLN2	9606.ENSP00000371054	9606.ENSP00000371040	0	0	0	0.654	0.044	0	0	0.559	0.560
INSL6	RXFP1	9606.ENSP00000371054	9606.ENSP00000405841	0	0	0	0	0	0	0	0.624	0.624
INSL6	RLN3	9606.ENSP00000371054	9606.ENSP00000397415	0	0	0	0	0.067	0	0	0.770	0.777
KCNMB2	KCNMB3	9606.ENSP00000407592	9606.ENSP00000319370	0	0	0.059	0.898	0.042	0	0.900	0.136	0.911
LGR6	RLN1	9606.ENSP00000356247	9606.ENSP00000223862	0	0	0	0	0	0	0	0.727	0.727
LGR6	RXFP1	9606.ENSP00000356247	9606.ENSP00000405841	0	0	0	0.585	0.055	0.046	0	0.401	0.413
LGR6	RLN2	9606.ENSP00000356247	9606.ENSP00000371040	0	0	0	0	0	0	0	0.718	0.718
MPZL1	PMP22	9606.ENSP00000352513	9606.ENSP00000308937	0	0	0	0	0.042	0	0	0.955	0.955
MS4A2	TPSB2	9606.ENSP00000278888	9606.ENSP00000482743	0	0	0	0	0.450	0	0	0.420	0.667
MS4A2	TPSAB1	9606.ENSP00000278888	9606.ENSP00000343577	0	0	0	0	0.645	0	0	0.596	0.850
MSMO1	PTGIS	9606.ENSP00000261507	9606.ENSP00000244043	0	0	0	0	0.388	0.414	0.099	0.176	0.698
PPFIBP2	PTPRD	9606.ENSP00000299492	9606.ENSP00000370593	0	0	0	0	0	0	0.500	0.641	0.813
PTPRD	SFTPA2	9606.ENSP00000370593	9606.ENSP00000361400	0	0	0	0	0	0.071	0	0.423	0.441
RLN1	SFTPA1	9606.ENSP00000223862	9606.ENSP00000397082	0	0	0	0	0	0	0	0.469	0.469
RLN1	SFTPA2	9606.ENSP00000223862	9606.ENSP00000361400	0	0	0	0	0	0	0	0.490	0.489
RLN1	TEX53	9606.ENSP00000223862	9606.ENSP00000489944	0	0	0	0	0	0	0	0.541	0.541
RLN1	RXFP4	9606.ENSP00000223862	9606.ENSP00000357301	0	0	0	0	0	0	0.650	0.821	0.934
RLN1	RXFP3	9606.ENSP00000223862	9606.ENSP00000328708	0	0	0	0	0	0	0.650	0.881	0.956
RLN1	RLN2	9606.ENSP00000223862	9606.ENSP00000371040	0	0	0.050	0.979	0.792	0.143	0.900	0.059	0.981
RLN1	RLN3	9606.ENSP00000223862	9606.ENSP00000397415	0	0	0	0	0	0	0.900	0.939	0.993
RLN1	RXFP2	9606.ENSP00000223862	9606.ENSP00000298386	0	0	0	0	0	0	0.900	0.945	0.994
RLN1	RXFP1	9606.ENSP00000223862	9606.ENSP00000405841	0	0	0	0	0	0	0.900	0.990	0.999
RLN2	RXFP2	9606.ENSP00000371040	9606.ENSP00000298386	0	0	0	0	0	0	0.900	0.977	0.997
RLN2	RXFP3	9606.ENSP00000371040	9606.ENSP00000328708	0	0	0	0	0	0	0.650	0.865	0.950
RLN2	RXFP4	9606.ENSP00000371040	9606.ENSP00000357301	0	0	0	0	0	0	0.650	0.833	0.939
RLN2	SFTPA2	9606.ENSP00000371040	9606.ENSP00000361400	0	0	0	0	0	0	0	0.490	0.489
RLN2	TEX53	9606.ENSP00000371040	9606.ENSP00000489944	0	0	0	0	0	0	0	0.446	0.446
RLN2	SFTPA1	9606.ENSP00000371040	9606.ENSP00000397082	0	0	0	0	0	0	0	0.469	0.469
RLN2	RLN3	9606.ENSP00000371040	9606.ENSP00000397415	0	0	0	0	0	0	0.900	0.940	0.993
RLN2	RXFP1	9606.ENSP00000371040	9606.ENSP00000405841	0	0	0	0	0	0	0.900	0.998	0.999
RLN3	RXFP2	9606.ENSP00000397415	9606.ENSP00000298386	0	0	0	0	0.102	0	0.650	0.867	0.954
RLN3	RXFP3	9606.ENSP00000397415	9606.ENSP00000328708	0	0	0	0	0.084	0	0.900	0.999	0.999
RLN3	RXFP4	9606.ENSP00000397415	9606.ENSP00000357301	0	0	0	0	0	0.594	0.700	0.993	0.999
RLN3	RXFP1	9606.ENSP00000397415	9606.ENSP00000405841	0	0	0	0	0.062	0	0.800	0.992	0.998
RXFP1	RXFP2	9606.ENSP00000405841	9606.ENSP00000298386	0	0	0.066	0.946	0.069	0.058	0.900	0.370	0.939
RXFP1	RXFP3	9606.ENSP00000405841	9606.ENSP00000328708	0	0	0	0	0	0	0.900	0.896	0.989
RXFP1	RXFP4	9606.ENSP00000405841	9606.ENSP00000357301	0	0	0	0	0	0	0.900	0.862	0.985
RXFP2	RXFP4	9606.ENSP00000298386	9606.ENSP00000357301	0	0	0	0	0	0	0.900	0.817	0.980
RXFP2	RXFP3	9606.ENSP00000298386	9606.ENSP00000328708	0	0	0	0	0.056	0	0.900	0.834	0.983
RXFP3	RXFP4	9606.ENSP00000328708	9606.ENSP00000357301	0	0	0	0.877	0	0	0.900	0.145	0.910
SFTPA1	SFTPA2	9606.ENSP00000397082	9606.ENSP00000361400	0	0	0.047	0.986	0.427	0	0.900	0.300	0.956
STAC3	TMEM249	9606.ENSP00000329200	9606.ENSP00000454468	0	0	0	0	0	0	0.720	0	0.720
STAC3	TMEM262	9606.ENSP00000329200	9606.ENSP00000432459	0	0	0	0	0.058	0	0.720	0	0.724
TMEM249	TMEM262	9606.ENSP00000454468	9606.ENSP00000432459	0	0	0	0	0	0	0.720	0	0.720
TPSAB1	TPSD1	9606.ENSP00000343577	9606.ENSP00000211076	0	0	0.050	0.981	0.778	0	0.900	0.059	0.977
TPSAB1	TPSB2	9606.ENSP00000343577	9606.ENSP00000482743	0	0	0.047	0.986	0.999	0.200	0.900	0.048	0.999
TPSB2	TPSD1	9606.ENSP00000482743	9606.ENSP00000211076	0	0	0.050	0.981	0.336	0	0.900	0.048	0.931
ZMYND12	ZNF497	9606.ENSP00000361646	9606.ENSP00000311183	0	0	0	0	0.042	0	0	0.479	0.479
