Ensembl.ID,Gene_name,log2FoldChange,padj
ENSG00000131845,ZNF304,-0.585085522,0.029045963
ENSG00000156502,SUPV3L1,-0.586085331,0.001891461
ENSG00000154781,CCDC174,-0.588955646,0.008868516
ENSG00000088038,CNOT3,-0.588963338,0.036273945
ENSG00000141367,CLTC,-0.590050444,0.00086193
ENSG00000171612,SLC25A33,-0.590710338,5.03E-06
ENSG00000137288,UQCC2,-0.590994198,0.009656369
ENSG00000197451,HNRNPAB,-0.591847783,0.000138753
ENSG00000104517,UBR5,-0.592077428,0.007894568
ENSG00000128581,IFT22,-0.592262806,0.006110714
ENSG00000123360,PDE1B,-0.593957967,0.013621739
ENSG00000020129,NCDN,-0.595596728,0.001345458
ENSG00000126368,NR1D1,-0.596550409,0.018634302
ENSG00000100311,PDGFB,-0.598012132,0.006468486
ENSG00000127328,RAB3IP,-0.598148298,0.016872639
ENSG00000108848,LUC7L3,-0.599183021,0.000248119
ENSG00000085982,USP40,-0.599341223,0.006584423
ENSG00000074695,LMAN1,-0.599784062,0.0153043
ENSG00000144036,EXOC6B,-0.599844468,0.020790152
ENSG00000181638,ZFP41,-0.602916933,0.041088451
ENSG00000131697,NPHP4,-0.605662521,0.006923028
ENSG00000137692,DCUN1D5,-0.606474509,0.022740289
ENSG00000143870,PDIA6,-0.606658366,4.16E-05
ENSG00000182324,KCNJ14,-0.607007066,0.023310054
ENSG00000173692,PSMD1,-0.607732143,0.011871337
ENSG00000048991,R3HDM1,-0.608097105,0.000353647
ENSG00000134318,ROCK2,-0.609307479,0.004865468
ENSG00000180346,TIGD2,-0.609806773,0.047462163
ENSG00000176454,LPCAT4,-0.611235433,0.011093716
ENSG00000049883,PTCD2,-0.611776581,0.009656369
ENSG00000166986,MARS1,-0.612399981,0.012001979
ENSG00000184575,XPOT,-0.613080899,0.010731832
ENSG00000166446,CDYL2,-0.613573905,0.001279868
ENSG00000072310,SREBF1,-0.613979724,0.018762223
ENSG00000010278,CD9,-0.614217124,0.033182594
ENSG00000124216,SNAI1,-0.615150098,0.001285556
ENSG00000172893,DHCR7,-0.615684753,0.002166245
ENSG00000153885,KCTD15,-0.616742028,0.017545014
ENSG00000104341,LAPTM4B,-0.618653156,0.01412692
ENSG00000139977,NAA30,-0.618659446,0.010374963
ENSG00000109606,DHX15,-0.620602238,0.008435394
ENSG00000142599,RERE,-0.620724435,0.002882369
ENSG00000112651,MRPL2,-0.623028913,0.034280193
ENSG00000161013,MGAT4B,-0.62406623,0.011694382
ENSG00000117906,RCN2,-0.625189262,0.028971306
ENSG00000156017,CARNMT1,-0.625746322,0.019724751
ENSG00000180902,D2HGDH,-0.625773628,0.002606275
ENSG00000163399,ATP1A1,-0.625930658,2.54E-05
ENSG00000159086,PAXBP1,-0.626501907,0.001273893
ENSG00000196141,SPATS2L,-0.62839295,0.00481337
ENSG00000139428,MMAB,-0.629388257,0.036317818
ENSG00000168273,SMIM4,-0.629673144,3.00E-05
ENSG00000167680,SEMA6B,-0.631310612,0.000476907
ENSG00000121690,DEPDC7,-0.633937184,0.013318315
ENSG00000178175,ZNF366,-0.634156625,0.000405589
ENSG00000176014,TUBB6,-0.635046611,0.020578401
ENSG00000109458,GAB1,-0.635652317,0.025914183
ENSG00000140391,TSPAN3,-0.63605806,0.001195094
ENSG00000216490,IFI30,-0.637252301,0.005596127
ENSG00000143614,GATAD2B,-0.637320843,0.029003565
ENSG00000130559,CAMSAP1,-0.638278134,0.000778812
ENSG00000102595,UGGT2,-0.63842123,0.002628404
ENSG00000215912,TTC34,-0.640145574,0.009445229
ENSG00000114107,CEP70,-0.640777638,0.010717177
ENSG00000145391,SETD7,-0.641550897,0.008021988
ENSG00000178409,BEND3,-0.643398571,0.009024161
ENSG00000116062,MSH6,-0.64511904,0.007822857
ENSG00000106105,GARS1,-0.647142062,0.001575282
ENSG00000165029,ABCA1,-0.647304323,0.000395313
ENSG00000231887,PRH1,-0.647368767,0.012402855
ENSG00000144674,GOLGA4,-0.650947956,0.00333803
ENSG00000058600,POLR3E,-0.651588232,0.015127898
ENSG00000114204,SERPINI2,-0.652165632,0.010363081
ENSG00000145730,PAM,-0.652640167,0.001537611
ENSG00000188343,CIBAR1,-0.65400338,0.033415132
ENSG00000166503,HDGFL3,-0.654559542,0.023724454
ENSG00000128607,KLHDC10,-0.654616032,0.029344886
ENSG00000147164,SNX12,-0.655810053,0.00035061
ENSG00000100403,ZC3H7B,-0.656272505,0.005134992
ENSG00000141447,OSBPL1A,-0.656439293,0.001238597
ENSG00000163624,CDS1,-0.657687543,0.016555203
ENSG00000101132,PFDN4,-0.660175761,1.69E-05
ENSG00000182979,MTA1,-0.663881397,0.001495941
ENSG00000111696,NT5DC3,-0.663884568,0.014708468
ENSG00000173273,TNKS,-0.664226654,0.022903253
ENSG00000163083,INHBB,-0.664334088,0.048930216
ENSG00000172345,STARD5,-0.664404648,0.00180724
ENSG00000135407,AVIL,-0.664845886,0.00660051
ENSG00000139746,RBM26,-0.664889109,0.005574636
ENSG00000101413,RPRD1B,-0.668219458,0.000909676
ENSG00000112033,PPARD,-0.668670607,0.031383035
ENSG00000170921,TANC2,-0.673821691,0.034498094
ENSG00000134744,TUT4,-0.676602502,0.046963705
ENSG00000140948,ZCCHC14,-0.676944701,0.007486628
ENSG00000255823,MTRNR2L8,-0.677641663,0.00800953
ENSG00000115137,DNAJC27,-0.678754352,0.013213858
ENSG00000023608,SNAPC1,-0.681768462,0.00703108
ENSG00000169439,SDC2,-0.682293959,3.30E-06
ENSG00000164304,CAGE1,-0.683350254,0.006200359
ENSG00000171863,RPS7,-0.685416552,3.49E-05
ENSG00000116675,DNAJC6,-0.685952742,0.021084721
ENSG00000179134,SAMD4B,-0.688512368,0.000701595
ENSG00000148200,NR6A1,-0.690439011,0.001055792
ENSG00000157654,PALM2AKAP2,-0.693295537,0.017378721
ENSG00000119812,FAM98A,-0.694472844,0.019648585
ENSG00000047634,SCML1,-0.696320484,0.021533589
ENSG00000165244,ZNF367,-0.696567786,0.039926624
ENSG00000066855,MTFR1,-0.6969582,0.034269317
ENSG00000115306,SPTBN1,-0.697267763,0.040090344
ENSG00000164180,TMEM161B,-0.699086729,0.036974814
ENSG00000168096,ANKS3,-0.699389394,0.026618781
ENSG00000137090,DMRT1,-0.699715609,0.035503144
ENSG00000111961,SASH1,-0.699966385,0.000499608
ENSG00000108352,RAPGEFL1,-0.700865259,0.020252149
ENSG00000214655,ZSWIM8,-0.704767434,0.018872772
ENSG00000140320,BAHD1,-0.705310487,0.037457313
ENSG00000130024,PHF10,-0.706537522,0.0030447
ENSG00000105821,DNAJC2,-0.706856661,0.000575326
ENSG00000165113,GKAP1,-0.708153385,0.010085617
ENSG00000049249,TNFRSF9,-0.708728823,0.007738125
ENSG00000164134,NAA15,-0.708966452,0.000110304
ENSG00000167733,HSD11B1L,-0.710841876,0.02535879
ENSG00000144136,SLC20A1,-0.71386596,0.00456336
ENSG00000129467,ADCY4,-0.714110461,0.000770525
ENSG00000198369,SPRED2,-0.714721078,0.004193283
ENSG00000143153,ATP1B1,-0.715605018,0.001221453
ENSG00000213930,GALT,-0.715900656,0.000920587
ENSG00000088766,CRLS1,-0.71675768,0.007360137
ENSG00000278540,ACACA,-0.719009403,0.007535289
ENSG00000215252,GOLGA8B,-0.719504555,0.009990145
ENSG00000109684,CLNK,-0.720124415,0.017506254
ENSG00000071242,RPS6KA2,-0.720780335,0.049151864
ENSG00000116991,SIPA1L2,-0.721820306,0.00164983
ENSG00000136824,SMC2,-0.72207351,0.030719431
ENSG00000126777,KTN1,-0.722408025,0.000412924
ENSG00000117394,SLC2A1,-0.724807609,0.005950061
ENSG00000115541,HSPE1,-0.726643184,0.008173075
ENSG00000196549,MME,-0.728386511,0.021329293
ENSG00000125968,ID1,-0.729620874,0.005474217
ENSG00000113810,SMC4,-0.729707167,0.006600675
ENSG00000109099,PMP22,-0.730544254,0.031386206
ENSG00000066279,ASPM,-0.733073974,0.01758274
ENSG00000163029,SMC6,-0.734623277,0.009235588
ENSG00000136891,TEX10,-0.735097727,0.021560365
ENSG00000060982,BCAT1,-0.735625795,0.001076371
ENSG00000185513,L3MBTL1,-0.738827972,0.001274107
ENSG00000103485,QPRT,-0.740494234,0.006220521
ENSG00000162650,ATXN7L2,-0.740498396,0.040009268
ENSG00000186409,CCDC30,-0.744935216,0.023896584
ENSG00000067369,TP53BP1,-0.74776027,0.009951623
ENSG00000005243,COPZ2,-0.74790733,0.01011547
ENSG00000132254,ARFIP2,-0.748215023,0.000391528
ENSG00000123983,ACSL3,-0.748799511,0.000234418
ENSG00000084764,MAPRE3,-0.75044984,0.034975796
ENSG00000118762,PKD2,-0.751022679,0.00359494
ENSG00000108557,RAI1,-0.753299343,0.001347332
ENSG00000256591,ENSG00000256591,-0.754010881,0.041369021
ENSG00000101104,PABPC1L,-0.75545959,0.030232716
ENSG00000172367,PDZD3,-0.756356528,0.006204494
ENSG00000101384,JAG1,-0.764388438,0.024759435
ENSG00000122378,PRXL2A,-0.764676557,0.032864683
ENSG00000168301,KCTD6,-0.765458799,0.041808165
ENSG00000132478,UNK,-0.769433815,0.012698464
ENSG00000170425,ADORA2B,-0.775711309,9.62E-05
ENSG00000102554,KLF5,-0.777637472,0.00101849
ENSG00000128050,PAICS,-0.777718667,0.006200359
ENSG00000025156,HSF2,-0.780478838,0.008623498
ENSG00000188211,NCR3LG1,-0.782017584,0.010660483
ENSG00000068654,POLR1A,-0.782719953,0.007465748
ENSG00000197162,ZNF785,-0.783831504,0.000702418
ENSG00000184083,FAM120C,-0.784180245,0.042513737
ENSG00000077782,FGFR1,-0.784952536,0.013463078
ENSG00000163281,GNPDA2,-0.78559314,0.032316309
ENSG00000140416,TPM1,-0.785675081,0.006462092
ENSG00000122126,OCRL,-0.789052685,0.014223121
ENSG00000112983,BRD8,-0.790955922,0.022508131
ENSG00000020577,SAMD4A,-0.791836481,0.000534911
ENSG00000168056,LTBP3,-0.793322012,0.001822674
ENSG00000134294,SLC38A2,-0.794000688,0.001055792
ENSG00000139651,ZNF740,-0.796094675,0.012224287
ENSG00000023572,GLRX2,-0.798698746,0.000302885
ENSG00000157193,LRP8,-0.802929437,0.025715858
ENSG00000163794,UCN,-0.804889451,0.001797989
ENSG00000099999,RNF215,-0.807822628,0.03961389
ENSG00000145555,MYO10,-0.813238679,0.002093778
ENSG00000051108,HERPUD1,-0.814454891,0.00031269
ENSG00000089048,ESF1,-0.81493946,0.004551833
ENSG00000156603,MED19,-0.815269596,0.003058524
ENSG00000164920,OSR2,-0.818694988,0.015222436
ENSG00000129484,PARP2,-0.82017004,0.020296181
ENSG00000106080,FKBP14,-0.822610439,0.015027707
ENSG00000188735,TMEM120B,-0.823763433,0.032359795
ENSG00000130649,CYP2E1,-0.826407946,0.036473979
ENSG00000096093,EFHC1,-0.829685992,0.030736677
ENSG00000126457,PRMT1,-0.830255262,0.001167151
ENSG00000125733,TRIP10,-0.835623785,0.015441183
ENSG00000078699,CBFA2T2,-0.835672269,0.0207735
ENSG00000176142,TMEM39A,-0.845003195,0.000386604
ENSG00000049247,UTS2,-0.845334334,0.011983063
ENSG00000166471,TMEM41B,-0.851059936,0.015503905
ENSG00000156042,CFAP70,-0.851610456,0.024737338
ENSG00000160789,LMNA,-0.854104957,0.008646327
ENSG00000166886,NAB2,-0.854635197,4.18E-06
ENSG00000094916,CBX5,-0.856366643,0.017781262
ENSG00000170396,ZNF804A,-0.859428339,0.015597816
ENSG00000106089,STX1A,-0.860404392,0.028721636
ENSG00000170049,KCNAB3,-0.860911594,0.000124937
ENSG00000074266,EED,-0.861157888,0.012211293
ENSG00000173926,MARCHF3,-0.861938399,0.017461395
ENSG00000180340,FZD2,-0.864425906,0.015878703
ENSG00000126947,ARMCX1,-0.86600381,0.028675201
ENSG00000213190,MLLT11,-0.866182029,0.049035869
ENSG00000081026,MAGI3,-0.868129185,0.035294769
ENSG00000144026,ZNF514,-0.868558602,0.012665263
ENSG00000164284,GRPEL2,-0.869402364,0.021912212
ENSG00000165819,METTL3,-0.870778834,0.027664234
ENSG00000163584,RPL22L1,-0.872162415,3.11E-06
ENSG00000108828,VAT1,-0.873230087,3.14E-06
ENSG00000274211,SOCS7,-0.875761316,0.001412689
ENSG00000166321,NUDT13,-0.876457355,0.042341269
ENSG00000136068,FLNB,-0.876917404,0.025743256
ENSG00000100804,PSMB5,-0.886369487,0.002235783
ENSG00000126351,THRA,-0.887510559,0.000351935
ENSG00000105926,PALS2,-0.889706717,0.000185551
ENSG00000131773,KHDRBS3,-0.890212117,0.020314298
ENSG00000085662,AKR1B1,-0.891002423,0.000312618
ENSG00000139974,SLC38A6,-0.892866859,3.12E-06
ENSG00000122729,ACO1,-0.893277891,0.000985296
ENSG00000124789,NUP153,-0.894622008,0.000198654
ENSG00000106993,CDC37L1,-0.898730853,0.018009202
ENSG00000169607,CKAP2L,-0.898877642,0.000178043
ENSG00000119927,GPAM,-0.900572871,0.009558672
ENSG00000254536,ENSG00000254536,-0.900885431,0.004167439
ENSG00000154153,RETREG1,-0.901055129,0.005403222
ENSG00000116133,DHCR24,-0.903113891,0.009024902
ENSG00000149428,HYOU1,-0.903138423,0.000841291
ENSG00000163938,GNL3,-0.906074102,0.000319947
ENSG00000173511,VEGFB,-0.909449662,0.015585641
ENSG00000178878,APOLD1,-0.909762837,0.037492027
ENSG00000180447,GAS1,-0.909968487,0.001593469
ENSG00000036530,CYP46A1,-0.911472372,0.002067752
ENSG00000141458,NPC1,-0.91347448,0.007374799
ENSG00000198855,FICD,-0.915051118,0.001138731
ENSG00000165804,ZNF219,-0.916501859,0.001279922
ENSG00000117569,PTBP2,-0.919094674,0.000248011
ENSG00000198832,SELENOM,-0.92102857,0.00893632
ENSG00000076043,REXO2,-0.924913963,0.004942726
ENSG00000079691,CARMIL1,-0.928473829,0.007116964
ENSG00000177034,MTX3,-0.929966291,0.007068242
ENSG00000140939,NOL3,-0.936803953,0.034455318
ENSG00000162433,AK4,-0.939044125,0.003078838
ENSG00000135631,RAB11FIP5,-0.941734093,0.033836713
ENSG00000154640,BTG3,-0.941949834,5.84E-05
ENSG00000156011,PSD3,-0.949672226,0.004058132
ENSG00000198792,TMEM184B,-0.951655788,7.58E-05
ENSG00000125657,TNFSF9,-0.952154957,0.024167548
ENSG00000165209,STRBP,-0.956194181,0.001279922
ENSG00000134369,NAV1,-0.958072692,0.000913738
ENSG00000122642,FKBP9,-0.959557607,0.002069671
ENSG00000161714,PLCD3,-0.959804886,0.011068814
ENSG00000099250,NRP1,-0.961214186,0.027258727
ENSG00000221926,TRIM16,-0.962445356,0.028456427
ENSG00000276023,DUSP14,-0.962877218,0.002105794
ENSG00000144283,PKP4,-0.963027304,0.001515827
ENSG00000179218,CALR,-0.963514417,1.37E-06
ENSG00000160781,PAQR6,-0.963941712,0.003098088
ENSG00000109775,UFSP2,-0.965999721,0.001202793
ENSG00000119787,ATL2,-0.966230899,8.00E-05
ENSG00000165948,IFI27L1,-0.968252797,0.002294028
ENSG00000278619,MRM1,-0.971486339,0.040068855
ENSG00000115170,ACVR1,-0.972725872,0.001091293
ENSG00000119650,IFT43,-0.976195754,0.000976383
ENSG00000132781,MUTYH,-0.978603141,0.020193031
ENSG00000138942,RNF185,-0.98328363,0.001398018
ENSG00000184371,CSF1,-0.989244262,4.72E-08
ENSG00000150281,CTF1,-0.990212188,0.002800355
ENSG00000137941,TTLL7,-0.991261342,0.018674416
ENSG00000170509,HSD17B13,-0.995731356,0.017952748
ENSG00000116212,LRRC42,-0.996696308,0.000789686
ENSG00000064652,SNX24,-0.997533107,0.001512621
ENSG00000134668,SPOCD1,-0.998902291,0.045020558
ENSG00000166598,HSP90B1,-0.99956459,6.83E-06
ENSG00000135749,PCNX2,-0.999619394,0.01463414
ENSG00000177732,SOX12,-1.001210077,0.000788738
ENSG00000130208,APOC1,-1.002793735,0.03419925
ENSG00000139793,MBNL2,-1.00542045,3.66E-05
ENSG00000169902,TPST1,-1.007031741,0.022245008
ENSG00000067191,CACNB1,-1.00721368,0.011269215
ENSG00000110171,TRIM3,-1.009324941,0.031631062
ENSG00000166016,ABTB2,-1.010545939,0.033900028
ENSG00000147650,LRP12,-1.013893859,0.000100304
ENSG00000134531,EMP1,-1.014009378,1.08E-05
ENSG00000196465,MYL6B,-1.014666517,0.000207921
ENSG00000004975,DVL2,-1.016817336,0.001160985
ENSG00000182389,CACNB4,-1.020121913,0.005839349
ENSG00000138442,WDR12,-1.020947323,0.002693538
ENSG00000100526,CDKN3,-1.021541211,0.015216624
ENSG00000181458,TMEM45A,-1.023911989,0.047057158
ENSG00000101400,SNTA1,-1.024129892,0.006747786
ENSG00000160062,ZBTB8A,-1.027716222,0.040948666
ENSG00000108924,HLF,-1.029591002,0.043464337
ENSG00000145390,USP53,-1.031978969,0.00589501
ENSG00000124787,RPP40,-1.031991731,0.024930778
ENSG00000179532,DNHD1,-1.034110953,0.000331786
ENSG00000049759,NEDD4L,-1.035199394,1.05E-05
ENSG00000146733,PSPH,-1.03679663,0.013284312
ENSG00000151914,DST,-1.036918116,9.63E-05
ENSG00000107821,KAZALD1,-1.037600027,0.004443868
ENSG00000134278,SPIRE1,-1.037754449,0.002629689
ENSG00000159335,PTMS,-1.040212158,0.000555321
ENSG00000198380,GFPT1,-1.041836091,0.000669684
ENSG00000100350,FOXRED2,-1.042462967,0.007842003
ENSG00000213139,CRYGS,-1.048268575,0.022493288
ENSG00000197879,MYO1C,-1.048400808,0.000801823
ENSG00000232593,KANTR,-1.049352929,0.001509961
ENSG00000176890,TYMS,-1.049397153,0.014981536
ENSG00000176834,VSIG10,-1.049497983,0.006942247
ENSG00000188706,ZDHHC9,-1.053688639,1.25E-05
ENSG00000132680,KHDC4,-1.054133039,0.003638674
ENSG00000197063,MAFG,-1.05642524,8.31E-06
ENSG00000106366,SERPINE1,-1.058202564,0.01271751
ENSG00000154917,RAB6B,-1.060550002,0.046035567
ENSG00000246922,UBAP1L,-1.061876184,0.021986912
ENSG00000104290,FZD3,-1.061889303,0.010889228
ENSG00000161800,RACGAP1,-1.062438133,0.023110944
ENSG00000163435,ELF3,-1.062633129,0.003971574
ENSG00000152556,PFKM,-1.063981148,0.014177961
ENSG00000155970,MICU3,-1.064282749,0.007552871
ENSG00000105576,TNPO2,-1.070172756,0.002941832
ENSG00000169231,THBS3,-1.072113158,0.00073047
ENSG00000213923,CSNK1E,-1.074480168,8.33E-05
ENSG00000156026,MCU,-1.077119523,0.000450098
ENSG00000132640,BTBD3,-1.078751617,0.000159939
ENSG00000164330,EBF1,-1.079781251,0.00309328
ENSG00000148690,FRA10AC1,-1.083340462,0.00035989
ENSG00000072071,ADGRL1,-1.085791165,0.028247168
ENSG00000184661,CDCA2,-1.087191563,0.020950089
ENSG00000182240,BACE2,-1.087992999,0.025232769
ENSG00000088305,DNMT3B,-1.091671822,0.014436167
ENSG00000179431,FJX1,-1.092079118,0.00028151
ENSG00000196305,IARS1,-1.09229692,0.003702649
ENSG00000151491,EPS8,-1.093446739,0.000710065
ENSG00000150760,DOCK1,-1.094093315,0.002331472
ENSG00000187391,MAGI2,-1.094123215,0.023997788
ENSG00000105245,NUMBL,-1.094137063,0.049278823
ENSG00000122970,IFT81,-1.097777751,0.001276027
ENSG00000111674,ENO2,-1.099065056,0.026618781
ENSG00000135919,SERPINE2,-1.103750773,0.007033283
ENSG00000141837,CACNA1A,-1.105565138,0.000742614
ENSG00000073711,PPP2R3A,-1.107086929,0.010619568
ENSG00000163001,CFAP36,-1.107813444,0.000149841
ENSG00000167123,CERCAM,-1.111162234,0.015026434
ENSG00000124571,XPO5,-1.11154403,0.004758755
ENSG00000155380,SLC16A1,-1.112272343,9.37E-05
ENSG00000185189,NRBP2,-1.114567497,0.004891451
ENSG00000128595,CALU,-1.114889408,4.06E-08
ENSG00000107249,GLIS3,-1.116728147,0.000994104
ENSG00000177425,PAWR,-1.120182096,0.006422916
ENSG00000152413,HOMER1,-1.127895165,0.002165121
ENSG00000102878,HSF4,-1.130173304,0.02437853
ENSG00000140859,KIFC3,-1.132211144,0.003065231
ENSG00000149485,FADS1,-1.132825258,1.07E-05
ENSG00000138413,IDH1,-1.134509579,0.001275449
ENSG00000111886,GABRR2,-1.137016507,0.008363116
ENSG00000008441,NFIX,-1.137745487,2.77E-05
ENSG00000198929,NOS1AP,-1.138415302,0.003695672
ENSG00000137563,GGH,-1.138448267,0.000339614
ENSG00000175197,DDIT3,-1.138556413,2.05E-06
ENSG00000120254,MTHFD1L,-1.139637673,0.000662633
ENSG00000044574,HSPA5,-1.139948155,5.78E-07
ENSG00000120075,HOXB5,-1.151945285,0.028655465
ENSG00000165338,HECTD2,-1.154654091,0.014177961
ENSG00000088899,LZTS3,-1.155621594,0.000899643
ENSG00000177688,SUMO4,-1.1574715,0.002981222
ENSG00000078246,TULP3,-1.158404383,0.006640818
ENSG00000253293,HOXA10,-1.161721487,0.006807519
ENSG00000106299,WASL,-1.164348253,1.16E-08
ENSG00000130962,PRRG1,-1.168505338,0.026889234
ENSG00000143387,CTSK,-1.170668559,0.00599879
ENSG00000072134,EPN2,-1.17077374,0.012837524
ENSG00000266967,AARSD1,-1.172357492,0.020523938
ENSG00000152763,DNAI4,-1.17413913,0.030306416
ENSG00000132000,PODNL1,-1.177264089,0.00411632
ENSG00000149257,SERPINH1,-1.179940396,0.032754282
ENSG00000115641,FHL2,-1.182244076,0.00691337
ENSG00000136153,LMO7,-1.184312812,0.005288873
ENSG00000119042,SATB2,-1.184670019,0.013213858
ENSG00000101019,UQCC1,-1.18495437,0.004316565
ENSG00000182534,MXRA7,-1.188180961,0.012952384
ENSG00000054598,FOXC1,-1.190732287,3.73E-05
ENSG00000174628,IQCK,-1.193349377,0.025273227
ENSG00000052802,MSMO1,-1.194442312,0.000631793
ENSG00000204186,ZDBF2,-1.196627711,0.012756726
ENSG00000205927,OLIG2,-1.197598177,0.01275525
ENSG00000153157,SYCP2L,-1.203639595,0.030163587
ENSG00000150627,WDR17,-1.207649215,0.038495723
ENSG00000198420,TCAF1,-1.212313257,0.0069451
ENSG00000145247,OCIAD2,-1.21659493,0.000985642
ENSG00000100154,TTC28,-1.218766203,0.027290043
ENSG00000166681,BEX3,-1.224047614,0.003865986
ENSG00000135862,LAMC1,-1.226060399,0.000759767
ENSG00000071539,TRIP13,-1.226123477,0.03857276
ENSG00000168036,CTNNB1,-1.228788727,8.71E-08
ENSG00000221988,PPT2,-1.228808599,0.009340743
ENSG00000125730,C3,-1.229162364,0.005986172
ENSG00000118200,CAMSAP2,-1.229470208,0.000159335
ENSG00000183578,TNFAIP8L3,-1.229896163,0.003779924
ENSG00000133121,STARD13,-1.236846405,0.046726312
ENSG00000162757,C1orf74,-1.237797682,0.032864683
ENSG00000075391,RASAL2,-1.237990918,0.000961469
ENSG00000123131,PRDX4,-1.244104817,1.17E-06
ENSG00000170264,FAM161A,-1.244934243,0.011258789
ENSG00000196584,XRCC2,-1.245862336,0.038774384
ENSG00000108641,B9D1,-1.250607194,0.002726147
ENSG00000069869,NEDD4,-1.256683077,3.76E-06
ENSG00000114923,SLC4A3,-1.256808525,4.80E-07
ENSG00000106462,EZH2,-1.256819544,6.83E-06
ENSG00000198732,SMOC1,-1.258474254,0.020950089
ENSG00000131747,TOP2A,-1.265203608,0.000610403
ENSG00000196754,S100A2,-1.278819477,8.03E-05
ENSG00000198363,ASPH,-1.280370954,5.18E-09
ENSG00000122966,CIT,-1.281988965,0.01128152
ENSG00000087077,TRIP6,-1.282000589,0.001713967
ENSG00000133131,MORC4,-1.284683624,0.011837175
ENSG00000197046,SIGLEC15,-1.284985076,0.000778358
ENSG00000094804,CDC6,-1.285938972,0.026146732
ENSG00000143079,CTTNBP2NL,-1.288954101,0.000273861
ENSG00000101447,FAM83D,-1.289843137,0.033999973
ENSG00000170456,DENND5B,-1.28998108,0.007098558
ENSG00000164066,INTU,-1.290282345,0.020443271
ENSG00000253250,C8orf88,-1.29147386,0.009455601
ENSG00000068137,PLEKHH3,-1.293001445,0.0207735
ENSG00000166348,USP54,-1.293911832,0.034245329
ENSG00000107957,SH3PXD2A,-1.298019644,0.001794211
ENSG00000167291,TBC1D16,-1.298056725,0.000679852
ENSG00000134853,PDGFRA,-1.29844225,0.003189644
ENSG00000171451,DSEL,-1.29908352,0.004536482
ENSG00000105559,PLEKHA4,-1.301276171,0.018833992
ENSG00000164292,RHOBTB3,-1.30961749,0.001460784
ENSG00000113140,SPARC,-1.314404549,0.001442669
ENSG00000196639,HRH1,-1.317841696,0.005830294
ENSG00000128564,VGF,-1.319127084,0.000199084
ENSG00000095397,WHRN,-1.320706179,0.003094252
ENSG00000144681,STAC,-1.321566992,0.035916083
ENSG00000101000,PROCR,-1.321951551,0.009665467
ENSG00000067715,SYT1,-1.327219223,0.002947458
ENSG00000174996,KLC2,-1.327312694,0.020189392
ENSG00000142949,PTPRF,-1.329082742,0.015952061
ENSG00000253506,NACA2,-1.329631744,0.000775
ENSG00000127955,GNAI1,-1.338203068,0.036771195
ENSG00000198795,ZNF521,-1.339495043,0.004058132
ENSG00000108823,SGCA,-1.340301206,0.049490385
ENSG00000139197,PEX5,-1.346453934,0.000122534
ENSG00000108389,MTMR4,-1.350038039,0.000138415
ENSG00000115844,DLX2,-1.355524932,0.01691207
ENSG00000113645,WWC1,-1.357230238,0.010343007
ENSG00000100038,TOP3B,-1.363449579,0.02556575
ENSG00000081181,ARG2,-1.368476768,0.000994104
ENSG00000135480,KRT7,-1.374949183,0.00588759
ENSG00000117411,B4GALT2,-1.38394696,0.005492877
ENSG00000136379,ABHD17C,-1.384546385,0.001275328
ENSG00000165626,BEND7,-1.38479734,0.000167106
ENSG00000106976,DNM1,-1.394457216,0.003516188
ENSG00000137962,ARHGAP29,-1.397721017,0.001863793
ENSG00000270394,MTRNR2L13,-1.398483602,0.019163219
ENSG00000162849,KIF26B,-1.401876817,0.007725367
ENSG00000165533,TTC8,-1.40455824,0.043500213
ENSG00000172037,LAMB2,-1.408000115,0.003177021
ENSG00000181904,C5orf24,-1.408722294,0.000171527
ENSG00000158079,PTPDC1,-1.40897638,0.000960307
ENSG00000159588,CCDC17,-1.409009141,0.028420749
ENSG00000103494,RPGRIP1L,-1.410082291,0.011594946
ENSG00000166123,GPT2,-1.410204891,0.000212919
ENSG00000100116,GCAT,-1.411683098,0.004108757
ENSG00000168487,BMP1,-1.411873904,7.98E-05
ENSG00000101333,PLCB4,-1.413117382,0.029827481
ENSG00000214357,NEURL1B,-1.427082682,0.010203888
ENSG00000019144,PHLDB1,-1.42716928,3.93E-06
ENSG00000112210,RAB23,-1.427880653,0.009778354
ENSG00000130147,SH3BP4,-1.432795724,0.000323391
ENSG00000186260,MRTFB,-1.43426568,0.001958119
ENSG00000102904,TSNAXIP1,-1.439784872,0.028515362
ENSG00000144451,SPAG16,-1.440979994,0.001909399
ENSG00000174137,FAM53A,-1.445249842,0.018463705
ENSG00000151208,DLG5,-1.450260042,0.049106178
ENSG00000143545,RAB13,-1.451226413,1.49E-05
ENSG00000178498,DTX3,-1.458417266,0.022768549
ENSG00000145050,MANF,-1.462291612,1.68E-05
ENSG00000151729,SLC25A4,-1.464324774,0.024776546
ENSG00000179965,ZNF771,-1.464909471,0.023822389
ENSG00000177707,NECTIN3,-1.466315188,0.014893284
ENSG00000183579,ZNRF3,-1.469130657,0.019130114
ENSG00000107816,LZTS2,-1.471183059,2.68E-05
ENSG00000133026,MYH10,-1.47267487,0.006654098
ENSG00000198743,SLC5A3,-1.483267671,9.62E-05
ENSG00000172840,PDP2,-1.483710406,0.023765202
ENSG00000165606,DRGX,-1.484142048,0.046924936
ENSG00000167601,AXL,-1.489783155,0.006605397
ENSG00000162407,PLPP3,-1.491368023,0.000511714
ENSG00000024422,EHD2,-1.493778367,0.007982342
ENSG00000187801,ZFP69B,-1.496073399,0.019818
ENSG00000130158,DOCK6,-1.499901744,0.010416315
ENSG00000154240,CEP112,-1.500415184,0.003423352
ENSG00000105519,CAPS,-1.502109003,0.00155124
ENSG00000146243,IRAK1BP1,-1.507226386,0.008433721
ENSG00000157827,FMNL2,-1.509770309,0.001381994
ENSG00000129245,FXR2,-1.512255623,0.001840435
ENSG00000221968,FADS3,-1.520586433,8.56E-06
ENSG00000172819,RARG,-1.521577709,5.74E-08
ENSG00000162373,BEND5,-1.525254085,0.002668728
ENSG00000163050,COQ8A,-1.526243053,0.000752179
ENSG00000102221,JADE3,-1.526445726,0.001509961
ENSG00000048342,CC2D2A,-1.534884572,0.000899643
ENSG00000138587,MNS1,-1.552473303,0.00013192
ENSG00000135245,HILPDA,-1.564194594,0.000294452
ENSG00000174705,SH3PXD2B,-1.566923645,0.000274097
ENSG00000174136,RGMB,-1.572548256,0.000391993
ENSG00000166963,MAP1A,-1.573489199,0.00228825
ENSG00000160606,TLCD1,-1.57608861,0.019915226
ENSG00000124785,NRN1,-1.57631331,8.01E-05
ENSG00000143179,UCK2,-1.585011778,8.71E-05
ENSG00000049192,ADAMTS6,-1.586699137,0.036890203
ENSG00000090097,PCBP4,-1.588381134,0.004718885
ENSG00000126217,MCF2L,-1.588978472,0.004901582
ENSG00000049449,RCN1,-1.590710671,5.26E-06
ENSG00000143786,CNIH3,-1.593770044,0.007185706
ENSG00000008311,AASS,-1.599069412,0.004009026
ENSG00000198225,FKBP1C,-1.602983217,0.000167007
ENSG00000144642,RBMS3,-1.606401708,0.038739056
ENSG00000134532,SOX5,-1.610703839,0.029186062
ENSG00000183963,SMTN,-1.614718026,1.68E-05
ENSG00000133134,BEX2,-1.617737282,0.000504068
ENSG00000134247,PTGFRN,-1.631213836,1.47E-05
ENSG00000110076,NRXN2,-1.632047609,0.02259498
ENSG00000168209,DDIT4,-1.633219127,1.59E-07
ENSG00000163697,APBB2,-1.637289224,0.000284811
ENSG00000099822,HCN2,-1.637381014,0.018509196
ENSG00000130821,SLC6A8,-1.63844781,0.000441453
ENSG00000144362,PHOSPHO2,-1.643331516,0.001279868
ENSG00000122870,BICC1,-1.646483592,0.012366494
ENSG00000204991,SPIRE2,-1.648280957,0.032873045
ENSG00000133315,MACROD1,-1.648439158,0.001863793
ENSG00000108515,ENO3,-1.648676419,0.002480798
ENSG00000154380,ENAH,-1.65365747,0.031360581
ENSG00000189171,S100A13,-1.655705621,1.89E-05
ENSG00000066382,MPPED2,-1.659201966,0.013660834
ENSG00000116285,ERRFI1,-1.662588873,0.000971486
ENSG00000177045,SIX5,-1.665097659,0.043499693
ENSG00000119699,TGFB3,-1.666785549,0.008433537
ENSG00000072840,EVC,-1.667077089,0.004306364
ENSG00000148143,ZNF462,-1.677095733,0.000706681
ENSG00000130702,LAMA5,-1.683592446,0.023173519
ENSG00000143479,DYRK3,-1.684712618,0.001853073
ENSG00000106624,AEBP1,-1.691112556,0.012950665
ENSG00000135253,KCP,-1.69462656,0.006029392
ENSG00000050030,NEXMIF,-1.696878206,0.040306469
ENSG00000003096,KLHL13,-1.698989602,0.008090946
ENSG00000133138,TBC1D8B,-1.708989546,0.000575326
ENSG00000181019,NQO1,-1.711668419,0.000516056
ENSG00000183092,BEGAIN,-1.713827232,0.022903253
ENSG00000157423,HYDIN,-1.717857962,0.000248011
ENSG00000188026,RILPL1,-1.719580463,0.000958923
ENSG00000143776,CDC42BPA,-1.722728482,5.74E-06
ENSG00000073712,FERMT2,-1.724029845,0.015127898
ENSG00000204580,DDR1,-1.728400651,0.000199084
ENSG00000113083,LOX,-1.73344647,0.006937667
ENSG00000144369,FAM171B,-1.740640988,0.001076536
ENSG00000133065,SLC41A1,-1.741785531,0.000116724
ENSG00000197712,FAM114A1,-1.741991729,2.16E-05
ENSG00000130396,AFDN,-1.743304569,3.93E-06
ENSG00000100320,RBFOX2,-1.749069339,0.002886694
ENSG00000105948,TTC26,-1.750243012,0.001213266
ENSG00000109881,CCDC34,-1.752159699,0.000351935
ENSG00000148225,WDR31,-1.752437417,0.041771559
ENSG00000205213,LGR4,-1.754072042,0.000904749
ENSG00000170955,CAVIN3,-1.758311865,3.00E-05
ENSG00000100505,TRIM9,-1.760543682,0.036156316
ENSG00000130413,STK33,-1.769555011,0.001250676
ENSG00000168916,ZNF608,-1.775573414,0.002281555
ENSG00000244405,ETV5,-1.780378617,0.016345834
ENSG00000118402,ELOVL4,-1.78042383,0.016968754
ENSG00000168502,MTCL1,-1.781557393,0.040663301
ENSG00000130513,GDF15,-1.786923657,3.71E-06
ENSG00000057935,MTA3,-1.789203039,0.000239908
ENSG00000125845,BMP2,-1.793458846,0.004118961
ENSG00000160469,BRSK1,-1.802302602,0.036433831
ENSG00000109805,NCAPG,-1.805724752,0.000924375
ENSG00000153721,CNKSR3,-1.805930991,0.001713453
ENSG00000147862,NFIB,-1.80623857,0.002289687
ENSG00000183426,NPIPA1,-1.814945946,0.017702984
ENSG00000143603,KCNN3,-1.815392223,0.028602862
ENSG00000087842,PIR,-1.817884065,0.03867931
ENSG00000150764,DIXDC1,-1.822843105,0.00100881
ENSG00000013588,GPRC5A,-1.825118709,4.16E-05
ENSG00000158458,NRG2,-1.833810872,0.023110944
ENSG00000102471,NDFIP2,-1.839852995,0.003822426
ENSG00000143147,GPR161,-1.845408619,0.009024902
ENSG00000183570,PCBP3,-1.848308096,0.023405026
ENSG00000197594,ENPP1,-1.856998356,9.63E-05
ENSG00000183691,NOG,-1.857026825,0.000212752
ENSG00000122778,KIAA1549,-1.864585314,0.001390332
ENSG00000139734,DIAPH3,-1.87744125,2.37E-05
ENSG00000152284,TCF7L1,-1.88164913,0.002002696
ENSG00000117519,CNN3,-1.884837918,0.017249447
ENSG00000147912,FBXO10,-1.88805854,0.004821174
ENSG00000185561,TLCD2,-1.888317245,0.002344332
ENSG00000125170,DOK4,-1.893140247,0.001275328
ENSG00000275832,ARHGAP23,-1.893820208,1.61E-05
ENSG00000177303,CASKIN2,-1.895257868,0.018385108
ENSG00000125266,EFNB2,-1.899677889,0.000231571
ENSG00000135111,TBX3,-1.90328154,7.01E-05
ENSG00000106333,PCOLCE,-1.909373224,9.17E-05
ENSG00000107104,KANK1,-1.912161608,0.000188226
ENSG00000144857,BOC,-1.914588802,0.044586503
ENSG00000133740,E2F5,-1.91630414,0.004338676
ENSG00000008300,CELSR3,-1.91888086,0.007053986
ENSG00000164684,ZNF704,-1.919270572,0.006125252
ENSG00000069011,PITX1,-1.920980466,0.000245003
ENSG00000046604,DSG2,-1.923465662,0.004843362
ENSG00000181885,CLDN7,-1.92786251,0.000258531
ENSG00000109089,CDR2L,-1.92868721,0.006468486
ENSG00000157064,NMNAT2,-1.928722117,6.69E-05
ENSG00000114859,CLCN2,-1.9289883,0.044455495
ENSG00000067141,NEO1,-1.931550775,8.71E-05
ENSG00000143369,ECM1,-1.934621436,0.0008202
ENSG00000153902,LGI4,-1.937971586,0.033902301
ENSG00000197256,KANK2,-1.93832595,1.19E-05
ENSG00000168952,STXBP6,-1.941386174,0.021302622
ENSG00000106070,GRB10,-1.944750899,0.000143886
ENSG00000103647,CORO2B,-1.9467266,0.009735556
ENSG00000105889,STEAP1B,-1.948265472,0.001416619
ENSG00000184349,EFNA5,-1.950779005,0.019290838
ENSG00000161682,FAM171A2,-1.956427148,0.009525215
ENSG00000175906,ARL4D,-1.957288485,0.002235783
ENSG00000104177,MYEF2,-1.960452408,0.000174651
ENSG00000165868,HSPA12A,-1.962371598,0.040663644
ENSG00000173482,PTPRM,-1.96957374,0.001177359
ENSG00000107186,MPDZ,-1.97609856,0.014053856
ENSG00000112874,NUDT12,-1.981151278,0.001247365
ENSG00000070018,LRP6,-1.983375292,0.002399092
ENSG00000163462,TRIM46,-1.983771895,0.018222253
ENSG00000135318,NT5E,-1.984607768,0.000248119
ENSG00000163879,DNALI1,-1.987395917,0.030833302
ENSG00000095637,SORBS1,-1.989357751,0.00014583
ENSG00000183723,CMTM4,-1.994467889,0.000111782
ENSG00000213204,ENSG00000213204,-1.994967495,0.003986028
ENSG00000170558,CDH2,-1.99565876,0.000231978
ENSG00000160345,C9orf116,-2.000797202,0.001963378
ENSG00000169855,ROBO1,-2.003572094,5.23E-05
ENSG00000153904,DDAH1,-2.003993946,0.006406554
ENSG00000164741,DLC1,-2.005515195,1.40E-06
ENSG00000152782,PANK1,-2.00768406,0.007867063
ENSG00000150630,VEGFC,-2.009459978,0.04532946
ENSG00000100979,PLTP,-2.010999694,2.06E-05
ENSG00000110811,P3H3,-2.011420646,0.007121246
ENSG00000136854,STXBP1,-2.015427013,0.000117076
ENSG00000106823,ECM2,-2.015999044,0.015441183
ENSG00000183010,PYCR1,-2.01861363,0.00078051
ENSG00000170390,DCLK2,-2.022038766,0.001187136
ENSG00000134253,TRIM45,-2.024021393,0.019188482
ENSG00000254598,CSNK2A3,-2.024968469,0.017094612
ENSG00000110237,ARHGEF17,-2.025921936,0.001211075
ENSG00000108797,CNTNAP1,-2.026634185,0.04513166
ENSG00000154654,NCAM2,-2.031290862,0.04948793
ENSG00000242265,PEG10,-2.047359689,0.000130989
ENSG00000139926,FRMD6,-2.055145258,1.91E-06
ENSG00000249860,MTRNR2L5,-2.055713545,0.000255628
ENSG00000197978,GOLGA6L9,-2.057728836,0.021627358
ENSG00000166147,FBN1,-2.073663658,8.33E-05
ENSG00000164114,MAP9,-2.079692321,0.000161546
ENSG00000198720,ANKRD13B,-2.081962843,0.011594946
ENSG00000009950,MLXIPL,-2.083727476,0.032152478
ENSG00000267508,ZNF285,-2.085771237,0.03103604
ENSG00000136999,CCN3,-2.088608065,8.04E-09
ENSG00000111087,GLI1,-2.089485104,0.027395861
ENSG00000167191,GPRC5B,-2.090113432,0.009090373
ENSG00000075213,SEMA3A,-2.095314846,0.000341715
ENSG00000061656,SPAG4,-2.096178648,0.002497291
ENSG00000129682,FGF13,-2.101477111,0.00083841
ENSG00000165410,CFL2,-2.106441757,2.53E-08
ENSG00000221890,NPTXR,-2.123819197,0.000662358
ENSG00000141198,TOM1L1,-2.123829624,0.022903253
ENSG00000177990,DPY19L2,-2.125971606,0.025126894
ENSG00000167994,RAB3IL1,-2.127462446,0.006307296
ENSG00000151067,CACNA1C,-2.129980856,0.003695672
ENSG00000144935,TRPC1,-2.136438041,0.013476806
ENSG00000103855,CD276,-2.150772535,0.000457151
ENSG00000173531,MST1,-2.160111,0.001221453
ENSG00000135424,ITGA7,-2.173404274,0.000199084
ENSG00000158445,KCNB1,-2.176146982,0.006751939
ENSG00000114948,ADAM23,-2.191105224,0.014676882
ENSG00000167767,KRT80,-2.194746629,0.003352139
ENSG00000203778,FAM229B,-2.195764085,0.001221453
ENSG00000180818,HOXC10,-2.200493858,0.001823567
ENSG00000204052,LRRC73,-2.202229866,0.022487443
ENSG00000125726,CD70,-2.203715894,3.65E-05
ENSG00000086289,EPDR1,-2.207819541,3.30E-06
ENSG00000036672,USP2,-2.207885601,0.020927814
ENSG00000164929,BAALC,-2.207965037,3.11E-06
ENSG00000113657,DPYSL3,-2.208635452,3.16E-05
ENSG00000153714,LURAP1L,-2.208829339,0.00893632
ENSG00000153707,PTPRD,-2.212051537,0.003215384
ENSG00000119514,GALNT12,-2.213008835,3.71E-05
ENSG00000105419,MEIS3,-2.215406854,0.002677426
ENSG00000185920,PTCH1,-2.226874134,0.031794833
ENSG00000105928,GSDME,-2.231939592,5.74E-06
ENSG00000260428,SCX,-2.239241236,0.010323073
ENSG00000176842,IRX5,-2.261769471,5.74E-06
ENSG00000134769,DTNA,-2.267921061,4.17E-05
ENSG00000103316,CRYM,-2.269521838,0.009923686
ENSG00000148344,PTGES,-2.269590382,5.99E-08
ENSG00000196935,SRGAP1,-2.269736659,5.78E-07
ENSG00000142173,COL6A2,-2.273357919,0.007494535
ENSG00000157227,MMP14,-2.274188072,7.48E-11
ENSG00000164509,IL31RA,-2.285787573,2.29E-07
ENSG00000122786,CALD1,-2.289034244,3.65E-05
ENSG00000177508,IRX3,-2.292483894,4.47E-05
ENSG00000111981,ULBP1,-2.2961368,0.000116724
ENSG00000146674,IGFBP3,-2.299987302,0.006870748
ENSG00000106853,PTGR1,-2.301919714,2.61E-06
ENSG00000119703,ZC2HC1C,-2.305598947,0.034489167
ENSG00000116016,EPAS1,-2.312417841,6.30E-11
ENSG00000120658,ENOX1,-2.316140328,0.025387832
ENSG00000185532,PRKG1,-2.335137415,3.28E-05
ENSG00000156113,KCNMA1,-2.337592845,0.000744638
ENSG00000115507,OTX1,-2.348674764,0.035607978
ENSG00000103888,CEMIP,-2.34988649,0.012753328
ENSG00000105997,HOXA3,-2.353490517,0.000702671
ENSG00000157110,RBPMS,-2.356168875,3.56E-06
ENSG00000135476,ESPL1,-2.364920825,0.009331581
ENSG00000122691,TWIST1,-2.365538448,2.67E-05
ENSG00000119698,PPP4R4,-2.387627365,0.014411546
ENSG00000185250,PPIL6,-2.389236097,0.025706502
ENSG00000012171,SEMA3B,-2.389371674,0.027980277
ENSG00000110841,PPFIBP1,-2.391863236,2.61E-09
ENSG00000134901,POGLUT2,-2.394885149,0.00622597
ENSG00000198300,PEG3,-2.406595248,0.014177961
ENSG00000162627,SNX7,-2.407022246,0.011655886
ENSG00000110844,PRPF40B,-2.408805422,0.000633055
ENSG00000105825,TFPI2,-2.410876298,0.006814289
ENSG00000152952,PLOD2,-2.416169584,2.77E-07
ENSG00000121769,FABP3,-2.416637523,0.013239127
ENSG00000188375,H3-5,-2.418370351,2.54E-05
ENSG00000135740,SLC9A5,-2.422243499,0.022395318
ENSG00000184867,ARMCX2,-2.425804242,0.00011717
ENSG00000165300,SLITRK5,-2.434536127,0.00105265
ENSG00000061676,NCKAP1,-2.434928369,1.37E-06
ENSG00000126778,SIX1,-2.444938268,0.034944784
ENSG00000118257,NRP2,-2.445583502,1.41E-10
ENSG00000138696,BMPR1B,-2.458461503,0.040633129
ENSG00000127990,SGCE,-2.460564445,0.002558199
ENSG00000080031,PTPRH,-2.464206514,0.026381145
ENSG00000154736,ADAMTS5,-2.469087396,1.83E-06
ENSG00000214944,ARHGEF28,-2.477953265,0.005785612
ENSG00000138193,PLCE1,-2.481049336,0.041803374
ENSG00000132481,TRIM47,-2.48168,8.99E-05
ENSG00000172986,GXYLT2,-2.485245406,0.014052383
ENSG00000165507,DEPP1,-2.48990946,0.04847863
ENSG00000070669,ASNS,-2.491264639,0.029455542
ENSG00000166482,MFAP4,-2.491841246,0.00105484
ENSG00000155760,FZD7,-2.498359617,1.89E-06
ENSG00000165152,PGAP4,-2.502682467,1.89E-05
ENSG00000128596,CCDC136,-2.5031526,2.14E-05
ENSG00000142279,WTIP,-2.503597501,0.043077333
ENSG00000049130,KITLG,-2.515581409,0.002272227
ENSG00000154556,SORBS2,-2.516212759,0.000328082
ENSG00000185133,INPP5J,-2.518404302,0.04249154
ENSG00000133169,BEX1,-2.52002183,3.31E-07
ENSG00000186868,MAPT,-2.520628247,0.000578706
ENSG00000157077,ZFYVE9,-2.527755493,2.54E-05
ENSG00000204262,COL5A2,-2.529375909,0.040306469
ENSG00000136235,GPNMB,-2.53673728,2.40E-07
ENSG00000169992,NLGN2,-2.547866072,0.000211105
ENSG00000188760,TMEM198,-2.551592516,0.048414046
ENSG00000254726,MEX3A,-2.556732411,0.000252586
ENSG00000165633,VSTM4,-2.562382165,0.013457754
ENSG00000130635,COL5A1,-2.564743369,0.006605397
ENSG00000168243,GNG4,-2.565022612,0.036059085
ENSG00000178531,CTXN1,-2.570460535,0.001775147
ENSG00000170485,NPAS2,-2.571056551,0.01162116
ENSG00000151240,DIP2C,-2.571969823,2.26E-05
ENSG00000157680,DGKI,-2.581557195,0.001570803
ENSG00000105290,APLP1,-2.586688199,0.015151693
ENSG00000273706,LHX1,-2.590440487,0.045451231
ENSG00000181264,TLCD5,-2.592267391,0.002152302
ENSG00000180616,SSTR2,-2.596348782,1.87E-09
ENSG00000159403,C1R,-2.601290381,1.34E-05
ENSG00000184916,JAG2,-2.602036658,0.001023206
ENSG00000157782,CABP1,-2.609367928,0.002297085
ENSG00000171444,MCC,-2.615363045,0.000898282
ENSG00000164604,GPR85,-2.623334242,0.005690166
ENSG00000137693,YAP1,-2.624378752,0.010066906
ENSG00000137203,TFAP2A,-2.624613005,0.000542393
ENSG00000172638,EFEMP2,-2.624640779,3.28E-05
ENSG00000165912,PACSIN3,-2.628476323,0.000688444
ENSG00000162520,SYNC,-2.630939046,0.000237393
ENSG00000123094,RASSF8,-2.63850076,5.46E-07
ENSG00000157399,ARSL,-2.638989446,0.001349685
ENSG00000055118,KCNH2,-2.641752347,7.63E-05
ENSG00000174804,FZD4,-2.64374668,0.038079365
ENSG00000167103,PIP5KL1,-2.645413305,0.002938197
ENSG00000116117,PARD3B,-2.646526417,0.00051305
ENSG00000132938,MTUS2,-2.649347838,0.007375117
ENSG00000128274,A4GALT,-2.649409606,0.001436959
ENSG00000072682,P4HA2,-2.653807339,1.41E-10
ENSG00000187068,C3orf70,-2.654353293,0.038655045
ENSG00000104368,PLAT,-2.656149894,0.031605184
ENSG00000142621,FHAD1,-2.657669093,3.93E-06
ENSG00000176428,VPS37D,-2.660628986,0.002503885
ENSG00000111254,AKAP3,-2.662215549,0.01261309
ENSG00000066248,NGEF,-2.664209494,0.020244602
ENSG00000133424,LARGE1,-2.670161414,0.000847128
ENSG00000137821,LRRC49,-2.670987412,0.00337783
ENSG00000177469,CAVIN1,-2.672797066,1.41E-11
ENSG00000114270,COL7A1,-2.678562181,7.46E-05
ENSG00000115414,FN1,-2.685435469,1.08E-05
ENSG00000074181,NOTCH3,-2.685909409,0.000476704
ENSG00000156427,FGF18,-2.691460026,0.001925832
ENSG00000018625,ATP1A2,-2.706919098,0.036317818
ENSG00000204147,ASAH2B,-2.707421635,0.010366041
ENSG00000197380,DACT3,-2.712928501,5.74E-06
ENSG00000110092,CCND1,-2.715212537,1.87E-09
ENSG00000006606,CCL26,-2.722307362,0.035197347
ENSG00000149256,TENM4,-2.728074074,0.007502374
ENSG00000116761,CTH,-2.728480527,4.18E-06
ENSG00000151012,SLC7A11,-2.730112594,1.19E-15
ENSG00000182704,TSKU,-2.748928504,0.028682033
ENSG00000128641,MYO1B,-2.750594293,2.68E-07
ENSG00000118156,ZNF541,-2.75391722,0.04912488
ENSG00000183671,CMKLR2,-2.754561976,0.024994106
ENSG00000173918,C1QTNF1,-2.758991285,0.017637314
ENSG00000169760,NLGN1,-2.764706745,0.02275625
ENSG00000109472,CPE,-2.767596082,0.000476704
ENSG00000128268,MGAT3,-2.768781551,0.002844893
ENSG00000006468,ETV1,-2.792981138,0.000387103
ENSG00000067177,PHKA1,-2.798618024,0.015849836
ENSG00000070778,PTPN21,-2.800519866,0.047633703
ENSG00000136010,ALDH1L2,-2.816906532,1.39E-05
ENSG00000134363,FST,-2.837997451,0.001406835
ENSG00000115183,TANC1,-2.841760593,0.00055941
ENSG00000204060,FOXO6,-2.857467523,1.60E-05
ENSG00000185222,TCEAL9,-2.859807172,6.14E-11
ENSG00000104635,SLC39A14,-2.865049662,9.58E-08
ENSG00000176697,BDNF,-2.866109483,0.002651449
ENSG00000172602,RND1,-2.866805257,0.000231571
ENSG00000117016,RIMS3,-2.867653899,0.000208021
ENSG00000174607,UGT8,-2.87226404,0.003177021
ENSG00000169908,TM4SF1,-2.898344648,0.000143886
ENSG00000108342,CSF3,-2.900731038,5.74E-06
ENSG00000092421,SEMA6A,-2.905397161,0.002781913
ENSG00000188766,SPRED3,-2.910245984,0.001838082
ENSG00000129038,LOXL1,-2.913128729,2.62E-07
ENSG00000117318,ID3,-2.913901012,3.15E-11
ENSG00000198729,PPP1R14C,-2.919119757,0.003533989
ENSG00000144355,DLX1,-2.923755439,0.014078183
ENSG00000132639,SNAP25,-2.925225555,0.01561884
ENSG00000125378,BMP4,-2.926245522,0.001448157
ENSG00000140807,NKD1,-2.937232244,0.000281677
ENSG00000063660,GPC1,-2.939888298,8.00E-05
ENSG00000116885,OSCP1,-2.95199484,0.00051305
ENSG00000119630,PGF,-2.963406189,0.007278473
ENSG00000135931,ARMC9,-2.965658065,8.26E-05
ENSG00000065320,NTN1,-2.969591012,0.022373617
ENSG00000159164,SV2A,-2.969779478,1.86E-09
ENSG00000121068,TBX2,-2.970399947,0.045020558
ENSG00000000003,TSPAN6,-2.972802778,0.000224695
ENSG00000129988,LBP,-2.975107916,0.042901911
ENSG00000164070,HSPA4L,-2.989165727,2.55E-05
ENSG00000070808,CAMK2A,-2.995483058,0.021937317
ENSG00000142156,COL6A1,-3.009252205,0.000163092
ENSG00000173212,MAB21L3,-3.011821626,0.000633281
ENSG00000108176,DNAJC12,-3.013381939,0.000538111
ENSG00000118777,ABCG2,-3.018078102,0.000370471
ENSG00000163359,COL6A3,-3.035194072,4.87E-08
ENSG00000147852,VLDLR,-3.052011331,1.08E-05
ENSG00000006042,TMEM98,-3.057307475,0.000281677
ENSG00000166780,BMERB1,-3.061527004,9.21E-09
ENSG00000173320,STOX2,-3.068699326,0.00018171
ENSG00000126878,AIF1L,-3.071836065,0.026371546
ENSG00000147027,TMEM47,-3.085798529,0.009134614
ENSG00000066735,KIF26A,-3.089650291,0.023715239
ENSG00000105976,MET,-3.092342407,4.40E-08
ENSG00000198807,PAX9,-3.095744884,0.04279275
ENSG00000166833,NAV2,-3.096656244,1.15E-05
ENSG00000153976,HS3ST3A1,-3.097926825,0.049732409
ENSG00000079156,OSBPL6,-3.098430851,2.07E-05
ENSG00000174233,ADCY6,-3.102561667,8.01E-06
ENSG00000092445,TYRO3,-3.105876124,0.000198654
ENSG00000154175,ABI3BP,-3.124705898,0.004721838
ENSG00000144061,NPHP1,-3.157390095,0.000623837
ENSG00000117600,PLPPR4,-3.158066279,0.013336735
ENSG00000111077,TNS2,-3.160192377,0.000309472
ENSG00000186472,PCLO,-3.166312583,5.54E-05
ENSG00000180138,CSNK1A1L,-3.169276665,0.025820267
ENSG00000092621,PHGDH,-3.171405795,1.86E-08
ENSG00000187957,DNER,-3.1739593,9.21E-09
ENSG00000111799,COL12A1,-3.177965653,0.030993312
ENSG00000105974,CAV1,-3.18810428,1.73E-07
ENSG00000166073,GPR176,-3.190685197,0.044412402
ENSG00000054356,PTPRN,-3.199824665,2.62E-07
ENSG00000128578,STRIP2,-3.205590532,0.000376656
ENSG00000100196,KDELR3,-3.219286583,0.002983965
ENSG00000152402,GUCY1A2,-3.252719254,0.00299739
ENSG00000084710,EFR3B,-3.261818346,0.036907267
ENSG00000102024,PLS3,-3.266939575,2.40E-06
ENSG00000138771,SHROOM3,-3.268729673,0.022373617
ENSG00000149948,HMGA2,-3.273198323,5.70E-07
ENSG00000171951,SCG2,-3.274893211,0.021916246
ENSG00000060656,PTPRU,-3.280019545,0.000558819
ENSG00000018408,WWTR1,-3.284656077,0.000159335
ENSG00000168917,SLC35G2,-3.288330637,0.008854247
ENSG00000103021,CCDC113,-3.296729382,0.003504089
ENSG00000169851,PCDH7,-3.313027313,0.00622597
ENSG00000175183,CSRP2,-3.321662604,0.017907218
ENSG00000134874,DZIP1,-3.328926332,0.004003045
ENSG00000145777,TSLP,-3.334792767,0.000212752
ENSG00000179083,FAM133A,-3.338530935,0.005926017
ENSG00000151632,AKR1C2,-3.341122435,0.020551859
ENSG00000162595,DIRAS3,-3.359597909,0.000130989
ENSG00000161249,DMKN,-3.371223109,0.00059255
ENSG00000146374,RSPO3,-3.378487496,0.00040779
ENSG00000141750,STAC2,-3.399631441,0.044419676
ENSG00000161681,SHANK1,-3.421596815,0.000852465
ENSG00000176046,NUPR1,-3.429994227,0.006277544
ENSG00000161243,FBXO27,-3.433044008,9.68E-05
ENSG00000164099,PRSS12,-3.435896676,0.040633129
ENSG00000050820,BCAR1,-3.439270085,0.041174892
ENSG00000115884,SDC1,-3.466282194,0.000284811
ENSG00000132563,REEP2,-3.466949366,0.000797891
ENSG00000107130,NCS1,-3.470476678,0.001225588
ENSG00000184304,PRKD1,-3.474586669,0.004058132
ENSG00000142149,HUNK,-3.476074658,0.022927885
ENSG00000196632,WNK3,-3.476101741,0.021841793
ENSG00000100968,NFATC4,-3.482763128,0.002614986
ENSG00000177675,CD163L1,-3.489195532,3.00E-05
ENSG00000135472,FAIM2,-3.499627116,0.005131631
ENSG00000188015,S100A3,-3.506843616,0.000673773
ENSG00000011332,DPF1,-3.51394255,2.67E-06
ENSG00000114279,FGF12,-3.524942239,0.025718486
ENSG00000213853,EMP2,-3.52781037,0.000457097
ENSG00000154721,JAM2,-3.558795745,4.31E-06
ENSG00000163132,MSX1,-3.563923031,0.004877091
ENSG00000095752,IL11,-3.567168812,0.02000521
ENSG00000072201,LNX1,-3.570180164,0.018822994
ENSG00000144724,PTPRG,-3.572789434,0.000150843
ENSG00000112769,LAMA4,-3.604174166,0.01066595
ENSG00000108821,COL1A1,-3.618809758,0.003058524
ENSG00000179954,SSC5D,-3.625881143,2.36E-05
ENSG00000011028,MRC2,-3.627092187,1.29E-06
ENSG00000007384,RHBDF1,-3.631174586,0.004885041
ENSG00000164266,SPINK1,-3.634796658,0.001634666
ENSG00000128965,CHAC1,-3.637160363,5.02E-08
ENSG00000134013,LOXL2,-3.644245613,0.000134767
ENSG00000151474,FRMD4A,-3.656231737,9.31E-05
ENSG00000166741,NNMT,-3.658631319,0.006626832
ENSG00000114374,USP9Y,-3.66594238,0.006090674
ENSG00000070087,PFN2,-3.698209068,0.000141869
ENSG00000116141,MARK1,-3.699810168,0.019554752
ENSG00000168702,LRP1B,-3.757656783,0.019260926
ENSG00000170745,KCNS3,-3.76786855,0.006512186
ENSG00000140937,CDH11,-3.782927869,0.021451484
ENSG00000173546,CSPG4,-3.787783945,0.008861791
ENSG00000187634,SAMD11,-3.791904404,0.000137667
ENSG00000180332,KCTD4,-3.797224184,0.025961071
ENSG00000155980,KIF5A,-3.798186843,0.000856945
ENSG00000007866,TEAD3,-3.799589082,0.016232639
ENSG00000144730,IL17RD,-3.811366133,0.046063713
ENSG00000091986,CCDC80,-3.815554456,5.61E-10
ENSG00000152527,PLEKHH2,-3.821956333,0.002661163
ENSG00000157150,TIMP4,-3.826187638,0.026153985
ENSG00000102038,SMARCA1,-3.826453892,1.58E-08
ENSG00000154065,ANKRD29,-3.830655971,3.30E-06
ENSG00000187134,AKR1C1,-3.832858174,1.22E-07
ENSG00000102452,NALCN,-3.840805215,0.008338414
ENSG00000117477,CCDC181,-3.843228275,4.52E-05
ENSG00000067646,ZFY,-3.887617618,0.038495723
ENSG00000084636,COL16A1,-3.891768759,0.013108898
ENSG00000139910,NOVA1,-3.921749966,0.001831608
ENSG00000088367,EPB41L1,-3.925726582,5.93E-06
ENSG00000135069,PSAT1,-3.930093281,6.14E-07
ENSG00000153132,CLGN,-3.967901579,3.68E-13
ENSG00000185551,NR2F2,-3.972166148,0.002002808
ENSG00000196739,COL27A1,-4.025212712,0.002259473
ENSG00000107731,UNC5B,-4.025607978,1.64E-08
ENSG00000162552,WNT4,-4.034588137,0.021341529
ENSG00000227051,C14orf132,-4.040062169,0.00010037
ENSG00000174307,PHLDA3,-4.050637991,1.51E-06
ENSG00000185070,FLRT2,-4.060104539,0.009032972
ENSG00000168398,BDKRB2,-4.091224952,0.0075232
ENSG00000167779,IGFBP6,-4.11144266,4.72E-08
ENSG00000137819,PAQR5,-4.123414885,0.014733336
ENSG00000137273,FOXF2,-4.127578709,0.043447933
ENSG00000133083,DCLK1,-4.127583173,0.014112044
ENSG00000109610,SOD3,-4.158930931,0.000324472
ENSG00000182963,GJC1,-4.164044389,0.005427314
ENSG00000039560,RAI14,-4.170683667,9.23E-07
ENSG00000147614,ATP6V0D2,-4.176666058,2.62E-05
ENSG00000168938,PPIC,-4.183049767,0.014807795
ENSG00000156103,MMP16,-4.275807369,0.001076821
ENSG00000198768,APCDD1L,-4.28388907,0.047462163
ENSG00000099194,SCD,-4.306054567,2.51E-22
ENSG00000074410,CA12,-4.315976641,0.01261309
ENSG00000175745,NR2F1,-4.388066757,0.014177961
ENSG00000105894,PTN,-4.40301916,0.018179956
ENSG00000182916,TCEAL7,-4.429603588,0.011730493
ENSG00000166250,CLMP,-4.444448323,1.91E-06
ENSG00000091656,ZFHX4,-4.452751635,0.025441601
ENSG00000166923,GREM1,-4.491037873,0.007621923
ENSG00000204334,ERICH2,-4.583683179,0.033658511
ENSG00000172380,GNG12,-4.595887123,0.002330457
ENSG00000141756,FKBP10,-4.642970246,0.000370242
ENSG00000152661,GJA1,-4.656734434,0.013196249
ENSG00000131711,MAP1B,-4.66965478,4.56E-12
ENSG00000005884,ITGA3,-4.777414823,2.82E-14
ENSG00000057019,DCBLD2,-4.807456617,1.34E-18
ENSG00000159167,STC1,-4.844642866,0.020498165
ENSG00000184347,SLIT3,-4.84750044,0.027859945
ENSG00000134138,MEIS2,-4.862966439,2.52E-05
ENSG00000164647,STEAP1,-4.934089028,0.00038259
ENSG00000007372,PAX6,-5.008302407,0.015915305
ENSG00000177363,LRRN4CL,-5.038108399,0.002331405
ENSG00000075643,MOCOS,-5.074095172,4.17E-10
ENSG00000104067,TJP1,-5.089836091,0.000296014
ENSG00000104611,SH2D4A,-5.100720643,2.14E-05
ENSG00000205364,MT1M,-5.333797008,0.003583146
ENSG00000171017,LRRC8E,-5.550147146,0.000436152
ENSG00000162733,DDR2,-5.67503358,1.23E-10
ENSG00000118946,PCDH17,-5.705463681,5.02E-08
ENSG00000146648,EGFR,-5.708585338,0.04667811
ENSG00000174938,SEZ6L2,-5.734227973,5.65E-06
ENSG00000128591,FLNC,-5.793721398,0.01842773
ENSG00000100344,PNPLA3,-5.926278553,6.32E-05
ENSG00000118785,SPP1,-5.961625152,9.69E-07
ENSG00000224982,TMEM233,-5.978604494,2.77E-07
ENSG00000087245,MMP2,-6.006542911,2.72E-08
ENSG00000115648,MLPH,-6.042773953,0.007381155
ENSG00000113594,LIFR,-6.146505448,0.00820629
ENSG00000164294,GPX8,-6.386664105,0.010407427
ENSG00000144366,GULP1,-6.394289309,0.008471231
ENSG00000092607,TBX15,-6.772615521,0.003320683
ENSG00000188643,S100A16,-6.791933315,0.000473354
ENSG00000140945,CDH13,-6.820331248,0.001250676
ENSG00000154277,UCHL1,-6.883432885,3.68E-13
ENSG00000214575,CPEB1,-6.917750381,0.000222235
ENSG00000115963,RND3,-7.101401654,7.85E-05
ENSG00000182752,PAPPA,-7.108594199,1.49E-05
ENSG00000185567,AHNAK2,-7.266606438,1.69E-05
ENSG00000169213,RAB3B,-7.360638056,1.79E-05
ENSG00000116132,PRRX1,-8.452208961,0.000409074
ENSG00000166173,LARP6,-8.603596104,1.32E-05
ENSG00000204442,NALF1,-9.108436528,0.027096121
