source,target,source_label,target_label,type,subtype
hsa:5923,fu:d9cb13f7,RASGRF1,fu:d9cb13f7,gene_to_fu,
hsa:5924,fu:d9cb13f7,RASGRF2,fu:d9cb13f7,gene_to_fu,
hsa:11221,fu:60e236ec,DUSP10,fu:60e236ec,gene_to_fu,
hsa:1843,fu:60e236ec,DUSP1,fu:60e236ec,gene_to_fu,
hsa:1844,fu:60e236ec,DUSP2,fu:60e236ec,gene_to_fu,
hsa:1846,fu:60e236ec,DUSP4,fu:60e236ec,gene_to_fu,
hsa:1847,fu:60e236ec,DUSP5,fu:60e236ec,gene_to_fu,
hsa:1848,fu:60e236ec,DUSP6,fu:60e236ec,gene_to_fu,
hsa:1849,fu:60e236ec,DUSP7,fu:60e236ec,gene_to_fu,
hsa:1850,fu:60e236ec,DUSP8,fu:60e236ec,gene_to_fu,
hsa:1852,fu:60e236ec,DUSP9,fu:60e236ec,gene_to_fu,
hsa:80824,fu:60e236ec,DUSP16,fu:60e236ec,gene_to_fu,
hsa:1845,fu:1fded98d,DUSP3,fu:1fded98d,gene_to_fu,
hsa:5778,fu:1fded98d,PTPN7,fu:1fded98d,gene_to_fu,
hsa:5801,fu:1fded98d,PTPRR,fu:1fded98d,gene_to_fu,
hsa:84867,fu:1fded98d,PTPN5,fu:1fded98d,gene_to_fu,
hsa:5495,fu:ae2d1643,PPM1B,fu:ae2d1643,gene_to_fu,
hsa:356,fu:660f6698,FASLG,fu:660f6698,gene_to_fu,
hsa:9448,fu:c516e24a,MAP4K4,fu:c516e24a,gene_to_fu,
hsa:100137049,fu:afc36910,PLA2G4B,fu:afc36910,gene_to_fu,
hsa:123745,fu:afc36910,PLA2G4E,fu:afc36910,gene_to_fu,
hsa:255189,fu:afc36910,PLA2G4F,fu:afc36910,gene_to_fu,
hsa:283748,fu:afc36910,PLA2G4D,fu:afc36910,gene_to_fu,
hsa:5321,fu:afc36910,PLA2G4A,fu:afc36910,gene_to_fu,
hsa:8605,fu:afc36910,PLA2G4C,fu:afc36910,gene_to_fu,
hsa:8681,fu:afc36910,JMJD7-PLA2G4B,fu:afc36910,gene_to_fu,
hsa:3925,fu:1c5fa37c,STMN1,fu:1c5fa37c,gene_to_fu,
hsa:4137,fu:e3c2e161,MAPT,fu:e3c2e161,gene_to_fu,
hsa:4790,fu:a9305fcb,NFKB1,fu:a9305fcb,gene_to_fu,
hsa:4791,fu:a9305fcb,NFKB2,fu:a9305fcb,gene_to_fu,
hsa:5970,fu:a9305fcb,RELA,fu:a9305fcb,gene_to_fu,
hsa:5971,fu:a9305fcb,RELB,fu:a9305fcb,gene_to_fu,
hsa:1147,fu:2aaff0ef,CHUK,fu:2aaff0ef,gene_to_fu,
hsa:3551,fu:2aaff0ef,IKBKB,fu:2aaff0ef,gene_to_fu,
hsa:8517,fu:2aaff0ef,IKBKG,fu:2aaff0ef,gene_to_fu,
hsa:9020,fu:b7ac05e6,MAP3K14,fu:b7ac05e6,gene_to_fu,
hsa:5594,fu:db5eb53a,MAPK1,fu:db5eb53a,gene_to_fu,
hsa:5595,fu:db5eb53a,MAPK3,fu:db5eb53a,gene_to_fu,
hsa:8649,fu:1deb785f,LAMTOR3,fu:1deb785f,gene_to_fu,
hsa:5605,fu:623f23ba,MAP2K2,fu:623f23ba,gene_to_fu,
hsa:5604,fu:beffb338,MAP2K1,fu:beffb338,gene_to_fu,
hsa:5894,fu:f11c723f,RAF1,fu:f11c723f,gene_to_fu,
hsa:673,fu:31df8378,BRAF,fu:31df8378,gene_to_fu,
hsa:5921,fu:a9511836,RASA1,fu:a9511836,gene_to_fu,
hsa:4763,fu:64721de4,NF1,fu:64721de4,gene_to_fu,
hsa:5578,fu:011d9d9b,PRKCA,fu:011d9d9b,gene_to_fu,
hsa:5579,fu:011d9d9b,PRKCB,fu:011d9d9b,gene_to_fu,
hsa:5582,fu:011d9d9b,PRKCG,fu:011d9d9b,gene_to_fu,
hsa:5906,fu:307bc9c7,RAP1A,fu:307bc9c7,gene_to_fu,
hsa:5908,fu:307bc9c7,RAP1B,fu:307bc9c7,gene_to_fu,
hsa:5566,fu:2e629c93,PRKACA,fu:2e629c93,gene_to_fu,
hsa:5567,fu:2e629c93,PRKACB,fu:2e629c93,gene_to_fu,
hsa:5568,fu:2e629c93,PRKACG,fu:2e629c93,gene_to_fu,
hsa:9693,fu:5291bfed,RAPGEF2,fu:5291bfed,gene_to_fu,
hsa:5922,fu:5e9bf09f,RASA2,fu:5e9bf09f,gene_to_fu,
hsa:22800,fu:6af6d78a,RRAS2,fu:6af6d78a,gene_to_fu,
hsa:22808,fu:6af6d78a,MRAS,fu:6af6d78a,gene_to_fu,
hsa:3265,fu:6af6d78a,HRAS,fu:6af6d78a,gene_to_fu,
hsa:3845,fu:6af6d78a,KRAS,fu:6af6d78a,gene_to_fu,
hsa:4893,fu:6af6d78a,NRAS,fu:6af6d78a,gene_to_fu,
hsa:6237,fu:6af6d78a,RRAS,fu:6af6d78a,gene_to_fu,
hsa:10125,fu:bbc827fb,RASGRP1,fu:bbc827fb,gene_to_fu,
hsa:10235,fu:bbc827fb,RASGRP2,fu:bbc827fb,gene_to_fu,
hsa:115727,fu:bbc827fb,RASGRP4,fu:bbc827fb,gene_to_fu,
hsa:25780,fu:bbc827fb,RASGRP3,fu:bbc827fb,gene_to_fu,
hsa:6654,fu:7befe6a3,SOS1,fu:7befe6a3,gene_to_fu,
hsa:6655,fu:7befe6a3,SOS2,fu:7befe6a3,gene_to_fu,
hsa:2768,fu:d5424c45,GNA12,fu:d5424c45,gene_to_fu,
hsa:55970,fu:d5424c45,GNG12,fu:d5424c45,gene_to_fu,
hsa:2885,fu:6ab9ded4,GRB2,fu:6ab9ded4,gene_to_fu,
hsa:1436,fu:3c2d350d,CSF1R,fu:3c2d350d,gene_to_fu,
hsa:1956,fu:3c2d350d,EGFR,fu:3c2d350d,gene_to_fu,
hsa:1969,fu:3c2d350d,EPHA2,fu:3c2d350d,gene_to_fu,
hsa:2064,fu:3c2d350d,ERBB2,fu:3c2d350d,gene_to_fu,
hsa:2065,fu:3c2d350d,ERBB3,fu:3c2d350d,gene_to_fu,
hsa:2066,fu:3c2d350d,ERBB4,fu:3c2d350d,gene_to_fu,
hsa:2260,fu:3c2d350d,FGFR1,fu:3c2d350d,gene_to_fu,
hsa:2261,fu:3c2d350d,FGFR3,fu:3c2d350d,gene_to_fu,
hsa:2263,fu:3c2d350d,FGFR2,fu:3c2d350d,gene_to_fu,
hsa:2264,fu:3c2d350d,FGFR4,fu:3c2d350d,gene_to_fu,
hsa:2321,fu:3c2d350d,FLT1,fu:3c2d350d,gene_to_fu,
hsa:2322,fu:3c2d350d,FLT3,fu:3c2d350d,gene_to_fu,
hsa:2324,fu:3c2d350d,FLT4,fu:3c2d350d,gene_to_fu,
hsa:3480,fu:3c2d350d,IGF1R,fu:3c2d350d,gene_to_fu,
hsa:3643,fu:3c2d350d,INSR,fu:3c2d350d,gene_to_fu,
hsa:3791,fu:3c2d350d,KDR,fu:3c2d350d,gene_to_fu,
hsa:3815,fu:3c2d350d,KIT,fu:3c2d350d,gene_to_fu,
hsa:4233,fu:3c2d350d,MET,fu:3c2d350d,gene_to_fu,
hsa:4804,fu:3c2d350d,NGFR,fu:3c2d350d,gene_to_fu,
hsa:4914,fu:3c2d350d,NTRK1,fu:3c2d350d,gene_to_fu,
hsa:4915,fu:3c2d350d,NTRK2,fu:3c2d350d,gene_to_fu,
hsa:5156,fu:3c2d350d,PDGFRA,fu:3c2d350d,gene_to_fu,
hsa:5159,fu:3c2d350d,PDGFRB,fu:3c2d350d,gene_to_fu,
hsa:5979,fu:3c2d350d,RET,fu:3c2d350d,gene_to_fu,
hsa:7010,fu:3c2d350d,TEK,fu:3c2d350d,gene_to_fu,
hsa:10368,fu:bad14ab9,CACNG3,fu:bad14ab9,gene_to_fu,
hsa:10369,fu:bad14ab9,CACNG2,fu:bad14ab9,gene_to_fu,
hsa:27091,fu:bad14ab9,CACNG5,fu:bad14ab9,gene_to_fu,
hsa:27092,fu:bad14ab9,CACNG4,fu:bad14ab9,gene_to_fu,
hsa:55799,fu:bad14ab9,CACNA2D3,fu:bad14ab9,gene_to_fu,
hsa:59283,fu:bad14ab9,CACNG8,fu:bad14ab9,gene_to_fu,
hsa:59284,fu:bad14ab9,CACNG7,fu:bad14ab9,gene_to_fu,
hsa:59285,fu:bad14ab9,CACNG6,fu:bad14ab9,gene_to_fu,
hsa:773,fu:bad14ab9,CACNA1A,fu:bad14ab9,gene_to_fu,
hsa:774,fu:bad14ab9,CACNA1B,fu:bad14ab9,gene_to_fu,
hsa:775,fu:bad14ab9,CACNA1C,fu:bad14ab9,gene_to_fu,
hsa:776,fu:bad14ab9,CACNA1D,fu:bad14ab9,gene_to_fu,
hsa:777,fu:bad14ab9,CACNA1E,fu:bad14ab9,gene_to_fu,
hsa:778,fu:bad14ab9,CACNA1F,fu:bad14ab9,gene_to_fu,
hsa:779,fu:bad14ab9,CACNA1S,fu:bad14ab9,gene_to_fu,
hsa:781,fu:bad14ab9,CACNA2D1,fu:bad14ab9,gene_to_fu,
hsa:782,fu:bad14ab9,CACNB1,fu:bad14ab9,gene_to_fu,
hsa:783,fu:bad14ab9,CACNB2,fu:bad14ab9,gene_to_fu,
hsa:784,fu:bad14ab9,CACNB3,fu:bad14ab9,gene_to_fu,
hsa:785,fu:bad14ab9,CACNB4,fu:bad14ab9,gene_to_fu,
hsa:786,fu:bad14ab9,CACNG1,fu:bad14ab9,gene_to_fu,
hsa:8911,fu:bad14ab9,CACNA1I,fu:bad14ab9,gene_to_fu,
hsa:8912,fu:bad14ab9,CACNA1H,fu:bad14ab9,gene_to_fu,
hsa:8913,fu:bad14ab9,CACNA1G,fu:bad14ab9,gene_to_fu,
hsa:9254,fu:bad14ab9,CACNA2D2,fu:bad14ab9,gene_to_fu,
hsa:93589,fu:bad14ab9,CACNA2D4,fu:bad14ab9,gene_to_fu,
hsa:3164,fu:d5fad51c,NR4A1,fu:d5fad51c,gene_to_fu,
hsa:5598,fu:c9209858,MAPK7,fu:c9209858,gene_to_fu,
hsa:5607,fu:e801eb1f,MAP2K5,fu:e801eb1f,gene_to_fu,
hsa:51701,fu:9fc92db4,NLK,fu:9fc92db4,gene_to_fu,
hsa:994,fu:13cd58c4,CDC25B,fu:13cd58c4,gene_to_fu,
hsa:8986,fu:3aace7cb,RPS6KA4,fu:3aace7cb,gene_to_fu,
hsa:9252,fu:3aace7cb,RPS6KA5,fu:3aace7cb,gene_to_fu,
hsa:7867,fu:a8f2314c,MAPKAPK3,fu:a8f2314c,gene_to_fu,
hsa:9261,fu:a8f2314c,MAPKAPK2,fu:a8f2314c,gene_to_fu,
hsa:468,fu:8b106c85,ATF4,fu:8b106c85,gene_to_fu,
hsa:4208,fu:c6e0967c,MEF2C,fu:c6e0967c,gene_to_fu,
hsa:4149,fu:a5289ec4,MAX,fu:a5289ec4,gene_to_fu,
hsa:1649,fu:b0617671,DDIT3,fu:b0617671,gene_to_fu,
hsa:2005,fu:c92370d9,ELK4,fu:c92370d9,gene_to_fu,
hsa:7157,fu:5e7099e5,TP53,fu:5e7099e5,gene_to_fu,
hsa:2002,fu:ad8f8ff8,ELK1,fu:ad8f8ff8,gene_to_fu,
hsa:1386,fu:b276723a,ATF2,fu:b276723a,gene_to_fu,
hsa:1432,fu:6ba9e6d9,MAPK14,fu:6ba9e6d9,gene_to_fu,
hsa:5600,fu:6ba9e6d9,MAPK11,fu:6ba9e6d9,gene_to_fu,
hsa:5603,fu:6ba9e6d9,MAPK13,fu:6ba9e6d9,gene_to_fu,
hsa:6300,fu:6ba9e6d9,MAPK12,fu:6ba9e6d9,gene_to_fu,
hsa:5536,fu:b7b7b76a,PPP5C,fu:b7b7b76a,gene_to_fu,
hsa:5608,fu:c32fffbc,MAP2K6,fu:c32fffbc,gene_to_fu,
hsa:5606,fu:24b19240,MAP2K3,fu:24b19240,gene_to_fu,
hsa:11221,fu:f4ba257f,DUSP10,fu:f4ba257f,gene_to_fu,
hsa:1844,fu:f4ba257f,DUSP2,fu:f4ba257f,gene_to_fu,
hsa:1846,fu:f4ba257f,DUSP4,fu:f4ba257f,gene_to_fu,
hsa:1847,fu:f4ba257f,DUSP5,fu:f4ba257f,gene_to_fu,
hsa:1849,fu:f4ba257f,DUSP7,fu:f4ba257f,gene_to_fu,
hsa:1850,fu:f4ba257f,DUSP8,fu:f4ba257f,gene_to_fu,
hsa:1852,fu:f4ba257f,DUSP9,fu:f4ba257f,gene_to_fu,
hsa:80824,fu:f4ba257f,DUSP16,fu:f4ba257f,gene_to_fu,
hsa:1845,fu:b7042c12,DUSP3,fu:b7042c12,gene_to_fu,
hsa:5778,fu:b7042c12,PTPN7,fu:b7042c12,gene_to_fu,
hsa:5801,fu:b7042c12,PTPRR,fu:b7042c12,gene_to_fu,
hsa:84867,fu:b7042c12,PTPN5,fu:b7042c12,gene_to_fu,
hsa:5494,fu:4f421602,PPM1A,fu:4f421602,gene_to_fu,
hsa:10000,fu:76ff15cb,AKT3,fu:76ff15cb,gene_to_fu,
hsa:207,fu:76ff15cb,AKT1,fu:76ff15cb,gene_to_fu,
hsa:208,fu:76ff15cb,AKT2,fu:76ff15cb,gene_to_fu,
hsa:51347,fu:25aad4c3,TAOK3,fu:25aad4c3,gene_to_fu,
hsa:57551,fu:25aad4c3,TAOK1,fu:25aad4c3,gene_to_fu,
hsa:9344,fu:25aad4c3,TAOK2,fu:25aad4c3,gene_to_fu,
hsa:4216,fu:d885c339,MAP3K4,fu:d885c339,gene_to_fu,
hsa:3315,fu:69715a7a,HSPB1,fu:69715a7a,gene_to_fu,
hsa:6885,fu:13c25744,MAP3K7,fu:13c25744,gene_to_fu,
hsa:4217,fu:9430ca46,MAP3K5,fu:9430ca46,gene_to_fu,
hsa:9064,fu:7b59f2f9,MAP3K6,fu:7b59f2f9,gene_to_fu,
hsa:51776,fu:765239d2,MAP3K20,fu:765239d2,gene_to_fu,
hsa:7786,fu:bdf742c5,MAP3K12,fu:bdf742c5,gene_to_fu,
hsa:9175,fu:bdf742c5,MAP3K13,fu:bdf742c5,gene_to_fu,
hsa:4293,fu:e7c23063,MAP3K9,fu:e7c23063,gene_to_fu,
hsa:4294,fu:e7c23063,MAP3K10,fu:e7c23063,gene_to_fu,
hsa:84451,fu:e7c23063,MAP3K21,fu:e7c23063,gene_to_fu,
hsa:5871,fu:b9cd5da1,MAP4K2,fu:b9cd5da1,gene_to_fu,
hsa:6788,fu:6ad9125c,STK3,fu:6ad9125c,gene_to_fu,
hsa:6789,fu:6ad9125c,STK4,fu:6ad9125c,gene_to_fu,
hsa:51295,fu:abef13f0,ECSIT,fu:abef13f0,gene_to_fu,
hsa:23118,fu:50e477cd,TAB2,fu:50e477cd,gene_to_fu,
hsa:10454,fu:6b042d75,TAB1,fu:6b042d75,gene_to_fu,
hsa:10912,fu:18257a1a,GADD45G,fu:18257a1a,gene_to_fu,
hsa:1647,fu:18257a1a,GADD45A,fu:18257a1a,gene_to_fu,
hsa:4616,fu:18257a1a,GADD45B,fu:18257a1a,gene_to_fu,
hsa:7189,fu:380a8c9c,TRAF6,fu:380a8c9c,gene_to_fu,
hsa:1616,fu:c52cf97a,DAXX,fu:c52cf97a,gene_to_fu,
hsa:7186,fu:efd88231,TRAF2,fu:efd88231,gene_to_fu,
hsa:836,fu:aea2f6ea,CASP3,fu:aea2f6ea,gene_to_fu,
hsa:929,fu:925491b4,CD14,fu:925491b4,gene_to_fu,
hsa:7046,fu:b35242a6,TGFBR1,fu:b35242a6,gene_to_fu,
hsa:7048,fu:b35242a6,TGFBR2,fu:b35242a6,gene_to_fu,
hsa:355,fu:1520c439,FAS,fu:1520c439,gene_to_fu,
hsa:3554,fu:6d9f19be,IL1R1,fu:6d9f19be,gene_to_fu,
hsa:3556,fu:6d9f19be,IL1RAP,fu:6d9f19be,gene_to_fu,
hsa:7132,fu:7c5dbbe7,TNFRSF1A,fu:7c5dbbe7,gene_to_fu,
hsa:7040,fu:868fd6f8,TGFB1,fu:868fd6f8,gene_to_fu,
hsa:7042,fu:868fd6f8,TGFB2,fu:868fd6f8,gene_to_fu,
hsa:7043,fu:868fd6f8,TGFB3,fu:868fd6f8,gene_to_fu,
hsa:3552,fu:89eef994,IL1A,fu:89eef994,gene_to_fu,
hsa:3553,fu:89eef994,IL1B,fu:89eef994,gene_to_fu,
hsa:7124,fu:38d52bc5,TNF,fu:38d52bc5,gene_to_fu,
hsa:8550,fu:bcd1d489,MAPKAPK5,fu:bcd1d489,gene_to_fu,
hsa:5879,fu:7580441c,RAC1,fu:7580441c,gene_to_fu,
hsa:5880,fu:7580441c,RAC2,fu:7580441c,gene_to_fu,
hsa:5881,fu:7580441c,RAC3,fu:7580441c,gene_to_fu,
hsa:998,fu:7580441c,CDC42,fu:7580441c,gene_to_fu,
hsa:5058,fu:5e377e3f,PAK1,fu:5e377e3f,gene_to_fu,
hsa:5062,fu:5e377e3f,PAK2,fu:5e377e3f,gene_to_fu,
hsa:10746,fu:b9a4e385,MAP3K2,fu:b9a4e385,gene_to_fu,
hsa:4215,fu:b9a4e385,MAP3K3,fu:b9a4e385,gene_to_fu,
hsa:23542,fu:6fe4014e,MAPK8IP2,fu:6fe4014e,gene_to_fu,
hsa:9479,fu:6fe4014e,MAPK8IP1,fu:6fe4014e,gene_to_fu,
hsa:4296,fu:85decfaf,MAP3K11,fu:85decfaf,gene_to_fu,
hsa:5609,fu:dd256444,MAP2K7,fu:dd256444,gene_to_fu,
hsa:5599,fu:53b10c28,MAPK8,fu:53b10c28,gene_to_fu,
hsa:5601,fu:53b10c28,MAPK9,fu:53b10c28,gene_to_fu,
hsa:5602,fu:53b10c28,MAPK10,fu:53b10c28,gene_to_fu,
hsa:6416,fu:41179064,MAP2K4,fu:41179064,gene_to_fu,
hsa:1398,fu:42c68f20,CRK,fu:42c68f20,gene_to_fu,
hsa:1399,fu:42c68f20,CRKL,fu:42c68f20,gene_to_fu,
hsa:408,fu:d07d8b68,ARRB1,fu:d07d8b68,gene_to_fu,
hsa:409,fu:d07d8b68,ARRB2,fu:d07d8b68,gene_to_fu,
hsa:2122,fu:29014263,MECOM,fu:29014263,gene_to_fu,
hsa:3303,fu:6a00b55c,HSPA1A,fu:6a00b55c,gene_to_fu,
hsa:3304,fu:6a00b55c,HSPA1B,fu:6a00b55c,gene_to_fu,
hsa:3305,fu:6a00b55c,HSPA1L,fu:6a00b55c,gene_to_fu,
hsa:3310,fu:6a00b55c,HSPA6,fu:6a00b55c,gene_to_fu,
hsa:3312,fu:6a00b55c,HSPA8,fu:6a00b55c,gene_to_fu,
hsa:3727,fu:84a61edc,JUND,fu:84a61edc,gene_to_fu,
hsa:2353,fu:45d37654,FOS,fu:45d37654,gene_to_fu,
hsa:3725,fu:45d37654,JUN,fu:45d37654,gene_to_fu,
hsa:4775,fu:d66dccc5,NFATC3,fu:d66dccc5,gene_to_fu,
hsa:4772,fu:a8faa1a3,NFATC1,fu:a8faa1a3,gene_to_fu,
hsa:5530,fu:c9fb2f87,PPP3CA,fu:c9fb2f87,gene_to_fu,
hsa:5532,fu:c9fb2f87,PPP3CB,fu:c9fb2f87,gene_to_fu,
hsa:5533,fu:c9fb2f87,PPP3CC,fu:c9fb2f87,gene_to_fu,
hsa:5534,fu:c9fb2f87,PPP3R1,fu:c9fb2f87,gene_to_fu,
hsa:5535,fu:c9fb2f87,PPP3R2,fu:c9fb2f87,gene_to_fu,
hsa:23162,fu:d619f7e8,MAPK8IP3,fu:d619f7e8,gene_to_fu,
hsa:2316,fu:5f5fbdbd,FLNA,fu:5f5fbdbd,gene_to_fu,
hsa:4214,fu:634dd023,MAP3K1,fu:634dd023,gene_to_fu,
hsa:1326,fu:a89b6f8d,MAP3K8,fu:a89b6f8d,gene_to_fu,
hsa:11184,fu:0d4bb414,MAP4K1,fu:0d4bb414,gene_to_fu,
hsa:8491,fu:b1667507,MAP4K3,fu:b1667507,gene_to_fu,
hsa:2353,fu:7da5a68c,FOS,fu:7da5a68c,gene_to_fu,
hsa:6722,fu:dde490f0,SRF,fu:dde490f0,gene_to_fu,
hsa:4609,fu:6f8defad,MYC,fu:6f8defad,gene_to_fu,
hsa:2005,fu:99d52518,ELK4,fu:99d52518,gene_to_fu,
hsa:2002,fu:a6b72414,ELK1,fu:a6b72414,gene_to_fu,
hsa:468,fu:af3eedc3,ATF4,fu:af3eedc3,gene_to_fu,
hsa:27330,fu:746aa4e9,RPS6KA6,fu:746aa4e9,gene_to_fu,
hsa:6195,fu:746aa4e9,RPS6KA1,fu:746aa4e9,gene_to_fu,
hsa:6196,fu:746aa4e9,RPS6KA2,fu:746aa4e9,gene_to_fu,
hsa:6197,fu:746aa4e9,RPS6KA3,fu:746aa4e9,gene_to_fu,
hsa:2872,fu:21beb0bd,MKNK2,fu:21beb0bd,gene_to_fu,
hsa:8569,fu:21beb0bd,MKNK1,fu:21beb0bd,gene_to_fu,
hsa:125467750,fu:bc721fb9,EFNA4-EFNA3,fu:bc721fb9,gene_to_fu,
hsa:1435,fu:bc721fb9,CSF1,fu:bc721fb9,gene_to_fu,
hsa:1942,fu:bc721fb9,EFNA1,fu:bc721fb9,gene_to_fu,
hsa:1943,fu:bc721fb9,EFNA2,fu:bc721fb9,gene_to_fu,
hsa:1944,fu:bc721fb9,EFNA3,fu:bc721fb9,gene_to_fu,
hsa:1945,fu:bc721fb9,EFNA4,fu:bc721fb9,gene_to_fu,
hsa:1946,fu:bc721fb9,EFNA5,fu:bc721fb9,gene_to_fu,
hsa:1950,fu:bc721fb9,EGF,fu:bc721fb9,gene_to_fu,
hsa:2069,fu:bc721fb9,EREG,fu:bc721fb9,gene_to_fu,
hsa:2246,fu:bc721fb9,FGF1,fu:bc721fb9,gene_to_fu,
hsa:2247,fu:bc721fb9,FGF2,fu:bc721fb9,gene_to_fu,
hsa:2248,fu:bc721fb9,FGF3,fu:bc721fb9,gene_to_fu,
hsa:2249,fu:bc721fb9,FGF4,fu:bc721fb9,gene_to_fu,
hsa:2250,fu:bc721fb9,FGF5,fu:bc721fb9,gene_to_fu,
hsa:2251,fu:bc721fb9,FGF6,fu:bc721fb9,gene_to_fu,
hsa:2252,fu:bc721fb9,FGF7,fu:bc721fb9,gene_to_fu,
hsa:2253,fu:bc721fb9,FGF8,fu:bc721fb9,gene_to_fu,
hsa:2254,fu:bc721fb9,FGF9,fu:bc721fb9,gene_to_fu,
hsa:2255,fu:bc721fb9,FGF10,fu:bc721fb9,gene_to_fu,
hsa:2277,fu:bc721fb9,VEGFD,fu:bc721fb9,gene_to_fu,
hsa:2323,fu:bc721fb9,FLT3LG,fu:bc721fb9,gene_to_fu,
hsa:26281,fu:bc721fb9,FGF20,fu:bc721fb9,gene_to_fu,
hsa:26291,fu:bc721fb9,FGF21,fu:bc721fb9,gene_to_fu,
hsa:2668,fu:bc721fb9,GDNF,fu:bc721fb9,gene_to_fu,
hsa:27006,fu:bc721fb9,FGF22,fu:bc721fb9,gene_to_fu,
hsa:284,fu:bc721fb9,ANGPT1,fu:bc721fb9,gene_to_fu,
hsa:285,fu:bc721fb9,ANGPT2,fu:bc721fb9,gene_to_fu,
hsa:3082,fu:bc721fb9,HGF,fu:bc721fb9,gene_to_fu,
hsa:3479,fu:bc721fb9,IGF1,fu:bc721fb9,gene_to_fu,
hsa:3481,fu:bc721fb9,IGF2,fu:bc721fb9,gene_to_fu,
hsa:3630,fu:bc721fb9,INS,fu:bc721fb9,gene_to_fu,
hsa:374,fu:bc721fb9,AREG,fu:bc721fb9,gene_to_fu,
hsa:4254,fu:bc721fb9,KITLG,fu:bc721fb9,gene_to_fu,
hsa:4803,fu:bc721fb9,NGF,fu:bc721fb9,gene_to_fu,
hsa:4902,fu:bc721fb9,NRTN,fu:bc721fb9,gene_to_fu,
hsa:4908,fu:bc721fb9,NTF3,fu:bc721fb9,gene_to_fu,
hsa:4909,fu:bc721fb9,NTF4,fu:bc721fb9,gene_to_fu,
hsa:51378,fu:bc721fb9,ANGPT4,fu:bc721fb9,gene_to_fu,
hsa:5154,fu:bc721fb9,PDGFA,fu:bc721fb9,gene_to_fu,
hsa:5155,fu:bc721fb9,PDGFB,fu:bc721fb9,gene_to_fu,
hsa:5228,fu:bc721fb9,PGF,fu:bc721fb9,gene_to_fu,
hsa:56034,fu:bc721fb9,PDGFC,fu:bc721fb9,gene_to_fu,
hsa:5623,fu:bc721fb9,PSPN,fu:bc721fb9,gene_to_fu,
hsa:627,fu:bc721fb9,BDNF,fu:bc721fb9,gene_to_fu,
hsa:7039,fu:bc721fb9,TGFA,fu:bc721fb9,gene_to_fu,
hsa:7422,fu:bc721fb9,VEGFA,fu:bc721fb9,gene_to_fu,
hsa:7423,fu:bc721fb9,VEGFB,fu:bc721fb9,gene_to_fu,
hsa:7424,fu:bc721fb9,VEGFC,fu:bc721fb9,gene_to_fu,
hsa:80310,fu:bc721fb9,PDGFD,fu:bc721fb9,gene_to_fu,
hsa:8074,fu:bc721fb9,FGF23,fu:bc721fb9,gene_to_fu,
hsa:8817,fu:bc721fb9,FGF18,fu:bc721fb9,gene_to_fu,
hsa:8822,fu:bc721fb9,FGF17,fu:bc721fb9,gene_to_fu,
hsa:8823,fu:bc721fb9,FGF16,fu:bc721fb9,gene_to_fu,
hsa:9048,fu:bc721fb9,ARTN,fu:bc721fb9,gene_to_fu,
hsa:9965,fu:bc721fb9,FGF19,fu:bc721fb9,gene_to_fu,
hsa:8717,fu:cb915a0e,TRADD,fu:cb915a0e,gene_to_fu,
hsa:4615,fu:52a67244,MYD88,fu:52a67244,gene_to_fu,
hsa:3654,fu:b626b1e9,IRAK1,fu:b626b1e9,gene_to_fu,
hsa:51135,fu:b626b1e9,IRAK4,fu:b626b1e9,gene_to_fu,
hsa:369,fu:35b0cd0d,ARAF,fu:35b0cd0d,gene_to_fu,
hsa:4149,fu:1e863058,MAX,fu:1e863058,gene_to_fu,
hsa:4609,fu:e7bc3157,MYC,fu:e7bc3157,gene_to_fu,
hsa:4149,fu:e7bc3157,MAX,fu:e7bc3157,gene_to_fu,
hsa:6722,fu:661a5763,SRF,fu:661a5763,gene_to_fu,
hsa:2005,fu:661a5763,ELK4,fu:661a5763,gene_to_fu,
hsa:2002,fu:661a5763,ELK1,fu:661a5763,gene_to_fu,
fu:d5424c45,fu:5e9bf09f,fu:d5424c45,fu:5e9bf09f,protein_protein_interaction,activation
fu:5291bfed,fu:6af6d78a,fu:5291bfed,fu:6af6d78a,protein_protein_interaction,activation
fu:d9cb13f7,fu:6af6d78a,fu:d9cb13f7,fu:6af6d78a,protein_protein_interaction,activation
fu:bbc827fb,fu:6af6d78a,fu:bbc827fb,fu:6af6d78a,protein_protein_interaction,activation
fu:307bc9c7,fu:31df8378,fu:307bc9c7,fu:31df8378,protein_protein_interaction,activation
fu:38d52bc5,fu:7c5dbbe7,fu:38d52bc5,fu:7c5dbbe7,protein_protein_interaction,activation
fu:89eef994,fu:6d9f19be,fu:89eef994,fu:6d9f19be,protein_protein_interaction,activation
fu:660f6698,fu:1520c439,fu:660f6698,fu:1520c439,protein_protein_interaction,activation
fu:868fd6f8,fu:b35242a6,fu:868fd6f8,fu:b35242a6,protein_protein_interaction,activation
fu:1520c439,fu:c52cf97a,fu:1520c439,fu:c52cf97a,protein_protein_interaction,activation
fu:b35242a6,fu:c52cf97a,fu:b35242a6,fu:c52cf97a,protein_protein_interaction,activation
fu:6ab9ded4,fu:3c2d350d,fu:6ab9ded4,fu:3c2d350d,protein_protein_interaction,binding/association
fu:7befe6a3,fu:6ab9ded4,fu:7befe6a3,fu:6ab9ded4,protein_protein_interaction,binding/association
fu:50e477cd,fu:380a8c9c,fu:50e477cd,fu:380a8c9c,protein_protein_interaction,binding/association
fu:abef13f0,fu:380a8c9c,fu:abef13f0,fu:380a8c9c,protein_protein_interaction,binding/association
fu:dde490f0,fu:a6b72414,fu:dde490f0,fu:a6b72414,protein_protein_interaction,binding/association
fu:dde490f0,fu:99d52518,fu:dde490f0,fu:99d52518,protein_protein_interaction,binding/association
fu:1deb785f,fu:beffb338,fu:1deb785f,fu:beffb338,protein_protein_interaction,binding/association
fu:1deb785f,fu:623f23ba,fu:1deb785f,fu:623f23ba,protein_protein_interaction,binding/association
fu:db5eb53a,fu:1deb785f,fu:db5eb53a,fu:1deb785f,protein_protein_interaction,binding/association
fu:6fe4014e,fu:53b10c28,fu:6fe4014e,fu:53b10c28,protein_protein_interaction,binding/association
fu:6fe4014e,fu:dd256444,fu:6fe4014e,fu:dd256444,protein_protein_interaction,binding/association
fu:6fe4014e,fu:85decfaf,fu:6fe4014e,fu:85decfaf,protein_protein_interaction,binding/association
fu:6fe4014e,fu:0d4bb414,fu:6fe4014e,fu:0d4bb414,protein_protein_interaction,binding/association
fu:53b10c28,fu:d619f7e8,fu:53b10c28,fu:d619f7e8,protein_protein_interaction,binding/association
fu:41179064,fu:d619f7e8,fu:41179064,fu:d619f7e8,protein_protein_interaction,binding/association
fu:dd256444,fu:d619f7e8,fu:dd256444,fu:d619f7e8,protein_protein_interaction,binding/association
fu:d619f7e8,fu:634dd023,fu:d619f7e8,fu:634dd023,protein_protein_interaction,binding/association
fu:85decfaf,fu:d619f7e8,fu:85decfaf,fu:d619f7e8,protein_protein_interaction,binding/association
fu:53b10c28,fu:42c68f20,fu:53b10c28,fu:42c68f20,protein_protein_interaction,binding/association
fu:41179064,fu:42c68f20,fu:41179064,fu:42c68f20,protein_protein_interaction,binding/association
fu:41179064,fu:5f5fbdbd,fu:41179064,fu:5f5fbdbd,protein_protein_interaction,binding/association
fu:41179064,fu:d07d8b68,fu:41179064,fu:d07d8b68,protein_protein_interaction,binding/association
fu:2e629c93,fu:307bc9c7,fu:2e629c93,fu:307bc9c7,protein_protein_interaction,phosphorylation
fu:011d9d9b,fu:6af6d78a,fu:011d9d9b,fu:6af6d78a,protein_protein_interaction,phosphorylation
fu:011d9d9b,fu:f11c723f,fu:011d9d9b,fu:f11c723f,protein_protein_interaction,phosphorylation
fu:7befe6a3,fu:6af6d78a,fu:7befe6a3,fu:6af6d78a,protein_protein_interaction,activation
fu:6af6d78a,fu:31df8378,fu:6af6d78a,fu:31df8378,protein_protein_interaction,activation
fu:6af6d78a,fu:f11c723f,fu:6af6d78a,fu:f11c723f,protein_protein_interaction,activation
fu:31df8378,fu:beffb338,fu:31df8378,fu:beffb338,protein_protein_interaction,phosphorylation
fu:31df8378,fu:623f23ba,fu:31df8378,fu:623f23ba,protein_protein_interaction,phosphorylation
fu:f11c723f,fu:beffb338,fu:f11c723f,fu:beffb338,protein_protein_interaction,phosphorylation
fu:f11c723f,fu:623f23ba,fu:f11c723f,fu:623f23ba,protein_protein_interaction,phosphorylation
fu:beffb338,fu:db5eb53a,fu:beffb338,fu:db5eb53a,protein_protein_interaction,phosphorylation
fu:623f23ba,fu:db5eb53a,fu:623f23ba,fu:db5eb53a,protein_protein_interaction,phosphorylation
fu:db5eb53a,fu:e3c2e161,fu:db5eb53a,fu:e3c2e161,protein_protein_interaction,phosphorylation
fu:db5eb53a,fu:1c5fa37c,fu:db5eb53a,fu:1c5fa37c,protein_protein_interaction,phosphorylation
fu:db5eb53a,fu:afc36910,fu:db5eb53a,fu:afc36910,protein_protein_interaction,phosphorylation
fu:db5eb53a,fu:21beb0bd,fu:db5eb53a,fu:21beb0bd,protein_protein_interaction,phosphorylation
fu:db5eb53a,fu:746aa4e9,fu:db5eb53a,fu:746aa4e9,protein_protein_interaction,phosphorylation
fu:db5eb53a,fu:a6b72414,fu:db5eb53a,fu:a6b72414,protein_protein_interaction,phosphorylation
fu:db5eb53a,fu:99d52518,fu:db5eb53a,fu:99d52518,protein_protein_interaction,phosphorylation
fu:21beb0bd,fu:af3eedc3,fu:21beb0bd,fu:af3eedc3,protein_protein_interaction,phosphorylation
fu:746aa4e9,fu:af3eedc3,fu:746aa4e9,fu:af3eedc3,protein_protein_interaction,phosphorylation
fu:db5eb53a,fu:e7bc3157,fu:db5eb53a,fu:e7bc3157,protein_protein_interaction,phosphorylation
fu:7580441c,fu:634dd023,fu:7580441c,fu:634dd023,protein_protein_interaction,activation
fu:7580441c,fu:5e377e3f,fu:7580441c,fu:5e377e3f,protein_protein_interaction,activation
fu:aea2f6ea,fu:6ad9125c,fu:aea2f6ea,fu:6ad9125c,protein_protein_interaction,activation
fu:efd88231,fu:b9cd5da1,fu:efd88231,fu:b9cd5da1,protein_protein_interaction,activation
fu:efd88231,fu:9430ca46,fu:efd88231,fu:9430ca46,protein_protein_interaction,activation
fu:efd88231,fu:634dd023,fu:efd88231,fu:634dd023,protein_protein_interaction,activation
fu:c52cf97a,fu:9430ca46,fu:c52cf97a,fu:9430ca46,protein_protein_interaction,activation
fu:18257a1a,fu:d885c339,fu:18257a1a,fu:d885c339,protein_protein_interaction,activation
fu:5e377e3f,fu:b9a4e385,fu:5e377e3f,fu:b9a4e385,protein_protein_interaction,phosphorylation
fu:0d4bb414,fu:85decfaf,fu:0d4bb414,fu:85decfaf,protein_protein_interaction,phosphorylation
fu:c516e24a,fu:634dd023,fu:c516e24a,fu:634dd023,protein_protein_interaction,phosphorylation
fu:b1667507,fu:634dd023,fu:b1667507,fu:634dd023,protein_protein_interaction,phosphorylation
fu:bdf742c5,fu:dd256444,fu:bdf742c5,fu:dd256444,protein_protein_interaction,phosphorylation
fu:e7c23063,fu:dd256444,fu:e7c23063,fu:dd256444,protein_protein_interaction,phosphorylation
fu:765239d2,fu:dd256444,fu:765239d2,fu:dd256444,protein_protein_interaction,phosphorylation
fu:9430ca46,fu:24b19240,fu:9430ca46,fu:24b19240,protein_protein_interaction,phosphorylation
fu:9430ca46,fu:c32fffbc,fu:9430ca46,fu:c32fffbc,protein_protein_interaction,phosphorylation
fu:13c25744,fu:b7ac05e6,fu:13c25744,fu:b7ac05e6,protein_protein_interaction,phosphorylation
fu:13c25744,fu:2aaff0ef,fu:13c25744,fu:2aaff0ef,protein_protein_interaction,phosphorylation
fu:13c25744,fu:24b19240,fu:13c25744,fu:24b19240,protein_protein_interaction,phosphorylation
fu:13c25744,fu:c32fffbc,fu:13c25744,fu:c32fffbc,protein_protein_interaction,phosphorylation
fu:13c25744,fu:9fc92db4,fu:13c25744,fu:9fc92db4,protein_protein_interaction,phosphorylation
fu:7b59f2f9,fu:24b19240,fu:7b59f2f9,fu:24b19240,protein_protein_interaction,phosphorylation
fu:7b59f2f9,fu:c32fffbc,fu:7b59f2f9,fu:c32fffbc,protein_protein_interaction,phosphorylation
fu:24b19240,fu:6ba9e6d9,fu:24b19240,fu:6ba9e6d9,protein_protein_interaction,phosphorylation
fu:c32fffbc,fu:6ba9e6d9,fu:c32fffbc,fu:6ba9e6d9,protein_protein_interaction,phosphorylation
fu:6ba9e6d9,fu:b276723a,fu:6ba9e6d9,fu:b276723a,protein_protein_interaction,phosphorylation
fu:6ba9e6d9,fu:ad8f8ff8,fu:6ba9e6d9,fu:ad8f8ff8,protein_protein_interaction,phosphorylation
fu:6ba9e6d9,fu:5e7099e5,fu:6ba9e6d9,fu:5e7099e5,protein_protein_interaction,phosphorylation
fu:6ba9e6d9,fu:c92370d9,fu:6ba9e6d9,fu:c92370d9,protein_protein_interaction,phosphorylation
fu:6ba9e6d9,fu:b0617671,fu:6ba9e6d9,fu:b0617671,protein_protein_interaction,phosphorylation
fu:6ba9e6d9,fu:a5289ec4,fu:6ba9e6d9,fu:a5289ec4,protein_protein_interaction,phosphorylation
fu:6ba9e6d9,fu:c6e0967c,fu:6ba9e6d9,fu:c6e0967c,protein_protein_interaction,phosphorylation
fu:6ba9e6d9,fu:bcd1d489,fu:6ba9e6d9,fu:bcd1d489,protein_protein_interaction,phosphorylation
fu:6ba9e6d9,fu:a8f2314c,fu:6ba9e6d9,fu:a8f2314c,protein_protein_interaction,phosphorylation
fu:6ba9e6d9,fu:3aace7cb,fu:6ba9e6d9,fu:3aace7cb,protein_protein_interaction,phosphorylation
fu:6ba9e6d9,fu:13cd58c4,fu:6ba9e6d9,fu:13cd58c4,protein_protein_interaction,phosphorylation
fu:bcd1d489,fu:69715a7a,fu:bcd1d489,fu:69715a7a,protein_protein_interaction,phosphorylation
fu:a8f2314c,fu:69715a7a,fu:a8f2314c,fu:69715a7a,protein_protein_interaction,phosphorylation
fu:a8f2314c,fu:8b106c85,fu:a8f2314c,fu:8b106c85,protein_protein_interaction,phosphorylation
fu:3aace7cb,fu:8b106c85,fu:3aace7cb,fu:8b106c85,protein_protein_interaction,phosphorylation
fu:e801eb1f,fu:c9209858,fu:e801eb1f,fu:c9209858,protein_protein_interaction,phosphorylation
fu:c9209858,fu:d5fad51c,fu:c9209858,fu:d5fad51c,protein_protein_interaction,phosphorylation
fu:a89b6f8d,fu:b7ac05e6,fu:a89b6f8d,fu:b7ac05e6,protein_protein_interaction,phosphorylation
fu:a89b6f8d,fu:2aaff0ef,fu:a89b6f8d,fu:2aaff0ef,protein_protein_interaction,phosphorylation
fu:a89b6f8d,fu:beffb338,fu:a89b6f8d,fu:beffb338,protein_protein_interaction,phosphorylation
fu:a89b6f8d,fu:623f23ba,fu:a89b6f8d,fu:623f23ba,protein_protein_interaction,phosphorylation
fu:634dd023,fu:2aaff0ef,fu:634dd023,fu:2aaff0ef,protein_protein_interaction,phosphorylation
fu:634dd023,fu:41179064,fu:634dd023,fu:41179064,protein_protein_interaction,phosphorylation
fu:85decfaf,fu:dd256444,fu:85decfaf,fu:dd256444,protein_protein_interaction,phosphorylation
fu:634dd023,fu:beffb338,fu:634dd023,fu:beffb338,protein_protein_interaction,phosphorylation
fu:634dd023,fu:623f23ba,fu:634dd023,fu:623f23ba,protein_protein_interaction,phosphorylation
fu:41179064,fu:53b10c28,fu:41179064,fu:53b10c28,protein_protein_interaction,phosphorylation
fu:dd256444,fu:53b10c28,fu:dd256444,fu:53b10c28,protein_protein_interaction,phosphorylation
fu:53b10c28,fu:45d37654,fu:53b10c28,fu:45d37654,protein_protein_interaction,phosphorylation
fu:53b10c28,fu:84a61edc,fu:53b10c28,fu:84a61edc,protein_protein_interaction,phosphorylation
fu:53b10c28,fu:ad8f8ff8,fu:53b10c28,fu:ad8f8ff8,protein_protein_interaction,phosphorylation
fu:53b10c28,fu:5e7099e5,fu:53b10c28,fu:5e7099e5,protein_protein_interaction,phosphorylation
fu:53b10c28,fu:a8faa1a3,fu:53b10c28,fu:a8faa1a3,protein_protein_interaction,inhibition|phosphorylation
fu:53b10c28,fu:d66dccc5,fu:53b10c28,fu:d66dccc5,protein_protein_interaction,inhibition|phosphorylation
fu:c9fb2f87,fu:a8faa1a3,fu:c9fb2f87,fu:a8faa1a3,protein_protein_interaction,dephosphorylation
fu:76ff15cb,fu:9430ca46,fu:76ff15cb,fu:9430ca46,protein_protein_interaction,inhibition|phosphorylation
fu:76ff15cb,fu:41179064,fu:76ff15cb,fu:41179064,protein_protein_interaction,inhibition|phosphorylation
fu:c9fb2f87,fu:d66dccc5,fu:c9fb2f87,fu:d66dccc5,protein_protein_interaction,dephosphorylation
fu:5e9bf09f,fu:6af6d78a,fu:5e9bf09f,fu:6af6d78a,protein_protein_interaction,inhibition
fu:64721de4,fu:6af6d78a,fu:64721de4,fu:6af6d78a,protein_protein_interaction,inhibition
fu:a9511836,fu:6af6d78a,fu:a9511836,fu:6af6d78a,protein_protein_interaction,inhibition
fu:1fded98d,fu:db5eb53a,fu:1fded98d,fu:db5eb53a,protein_protein_interaction,inhibition|dephosphorylation
fu:60e236ec,fu:db5eb53a,fu:60e236ec,fu:db5eb53a,protein_protein_interaction,inhibition|dephosphorylation
fu:f4ba257f,fu:53b10c28,fu:f4ba257f,fu:53b10c28,protein_protein_interaction,inhibition|dephosphorylation
fu:f4ba257f,fu:6ba9e6d9,fu:f4ba257f,fu:6ba9e6d9,protein_protein_interaction,inhibition|dephosphorylation
fu:b7042c12,fu:53b10c28,fu:b7042c12,fu:53b10c28,protein_protein_interaction,inhibition|dephosphorylation
fu:b7042c12,fu:6ba9e6d9,fu:b7042c12,fu:6ba9e6d9,protein_protein_interaction,inhibition|dephosphorylation
fu:4f421602,fu:24b19240,fu:4f421602,fu:24b19240,protein_protein_interaction,inhibition|dephosphorylation
fu:4f421602,fu:c32fffbc,fu:4f421602,fu:c32fffbc,protein_protein_interaction,inhibition|dephosphorylation
fu:4f421602,fu:dd256444,fu:4f421602,fu:dd256444,protein_protein_interaction,inhibition|dephosphorylation
fu:4f421602,fu:41179064,fu:4f421602,fu:41179064,protein_protein_interaction,inhibition|dephosphorylation
fu:b7b7b76a,fu:9430ca46,fu:b7b7b76a,fu:9430ca46,protein_protein_interaction,inhibition|dephosphorylation
fu:ae2d1643,fu:13c25744,fu:ae2d1643,fu:13c25744,protein_protein_interaction,inhibition|dephosphorylation
fu:29014263,fu:53b10c28,fu:29014263,fu:53b10c28,protein_protein_interaction,inhibition
fu:6a00b55c,fu:53b10c28,fu:6a00b55c,fu:53b10c28,protein_protein_interaction,inhibition
fu:661a5763,fu:7da5a68c,fu:661a5763,fu:7da5a68c,gene_expression_regulation,expression
fu:925491b4,fu:6b042d75,fu:925491b4,fu:6b042d75,protein_protein_interaction,indirect effect
fu:b7ac05e6,fu:a9305fcb,fu:b7ac05e6,fu:a9305fcb,protein_protein_interaction,indirect effect
fu:2aaff0ef,fu:a9305fcb,fu:2aaff0ef,fu:a9305fcb,protein_protein_interaction,indirect effect
fu:bad14ab9,fu:d9cb13f7,fu:bad14ab9,fu:d9cb13f7,protein_protein_interaction,compound
fu:bad14ab9,fu:bbc827fb,fu:bad14ab9,fu:bbc827fb,protein_protein_interaction,compound
fu:aea2f6ea,fu:5e377e3f,fu:aea2f6ea,fu:5e377e3f,protein_protein_interaction,activation
fu:aea2f6ea,fu:634dd023,fu:aea2f6ea,fu:634dd023,protein_protein_interaction,activation
fu:b7ac05e6,fu:2aaff0ef,fu:b7ac05e6,fu:2aaff0ef,protein_protein_interaction,phosphorylation
fu:6b042d75,fu:13c25744,fu:6b042d75,fu:13c25744,protein_protein_interaction,activation
fu:50e477cd,fu:13c25744,fu:50e477cd,fu:13c25744,protein_protein_interaction,activation
fu:7c5dbbe7,fu:cb915a0e,fu:7c5dbbe7,fu:cb915a0e,protein_protein_interaction,
fu:cb915a0e,fu:efd88231,fu:cb915a0e,fu:efd88231,protein_protein_interaction,activation
fu:cb915a0e,fu:aea2f6ea,fu:cb915a0e,fu:aea2f6ea,protein_protein_interaction,activation|indirect effect
fu:6d9f19be,fu:52a67244,fu:6d9f19be,fu:52a67244,protein_protein_interaction,activation
fu:52a67244,fu:b626b1e9,fu:52a67244,fu:b626b1e9,protein_protein_interaction,activation
fu:efd88231,fu:6b042d75,fu:efd88231,fu:6b042d75,protein_protein_interaction,activation
fu:b626b1e9,fu:380a8c9c,fu:b626b1e9,fu:380a8c9c,protein_protein_interaction,activation|indirect effect
fu:380a8c9c,fu:6b042d75,fu:380a8c9c,fu:6b042d75,protein_protein_interaction,binding/association
fu:bc721fb9,fu:3c2d350d,fu:bc721fb9,fu:3c2d350d,protein_protein_interaction,activation
fu:6af6d78a,fu:35b0cd0d,fu:6af6d78a,fu:35b0cd0d,protein_protein_interaction,activation
fu:35b0cd0d,fu:beffb338,fu:35b0cd0d,fu:beffb338,protein_protein_interaction,activation|phosphorylation
fu:35b0cd0d,fu:623f23ba,fu:35b0cd0d,fu:623f23ba,protein_protein_interaction,activation|phosphorylation
fu:d885c339,fu:24b19240,fu:d885c339,fu:24b19240,protein_protein_interaction,activation|phosphorylation
fu:d885c339,fu:c32fffbc,fu:d885c339,fu:c32fffbc,protein_protein_interaction,activation|phosphorylation
fu:25aad4c3,fu:24b19240,fu:25aad4c3,fu:24b19240,protein_protein_interaction,activation|phosphorylation
fu:25aad4c3,fu:c32fffbc,fu:25aad4c3,fu:c32fffbc,protein_protein_interaction,activation|phosphorylation
fu:6af6d78a,fu:634dd023,fu:6af6d78a,fu:634dd023,protein_protein_interaction,
