logFC,id,type
1.4834,MIMAT0000076,miR
1.49095,MIMAT0000089,miR
-1.43493,MIMAT0000232,miR
-2.56718,MIMAT0000252,miR
1.91218,MIMAT0000255,miR
1.44197,MIMAT0000262,miR
-2.52597,MIMAT0000263,miR
-2.92486,MIMAT0000265,miR
-1.42539,MIMAT0000271,miR
2.87209,MIMAT0000278,miR
2.66827,MIMAT0000279,miR
-1.74416,MIMAT0000430,miR
-2.23477,MIMAT0000436,miR
-2.30199,MIMAT0000441,miR
-1.41384,MIMAT0000461,miR
-1.6235,MIMAT0000707,miR
2.38298,MIMAT0000728,miR
-1.70044,MIMAT0000733,miR
-1.42071,MIMAT0001413,miR
-2.64329,MIMAT0001631,miR
-2.68959,MIMAT0002177,miR
4.77846,MIMAT0002809,miR
3.11424,MIMAT0003233,miR
-1.42782,MIMAT0003322,miR
-1.43438,MIMAT0004563,miR
4.9077,MIMAT0004766,miR
-2.23051,MIMAT0005824,miR
-1.58159,MIMAT0005899,miR
-1.40305,MIMAT0004501,miR
1.61385,MIMAT0004504,miR
-2.05563,MIMAT0004554,miR
1.99246,MIMAT0004568,miR
-2.63332,MIMAT0004600,miR
-1.62838,MIMAT0004607,miR
-1.57319,MIMAT0006790,miR
1.06812,CREB5,mRNA
-0.235105,SETD1B,mRNA
-0.500954,RORA,mRNA
-0.0181727,GRIN2B,mRNA
-0.304866,ATXN1,mRNA
-0.192239,TCF20,mRNA
1.06069,EFHD2,mRNA
0.297344,TPM3,mRNA
0.080709,ERGIC1,mRNA
0.218256,ATP6V1A,mRNA
-0.119569,CSNK2A1,mRNA
-0.974857,PEX5L,mRNA
-0.576687,SLC46A1,mRNA
-0.984736,CYBRD1,mRNA
-0.374688,GNA13,mRNA
-0.132284,PAG1,mRNA
-0.152147,MECP2,mRNA
0.394432,IGFBP4,mRNA
0.0730484,YY1,mRNA
-0.335478,RSBN1,mRNA
0.770913,EIF4EBP1,mRNA
0.681812,RHOC,mRNA
0.123481,DMKN,mRNA
-0.153397,DNAJB6,mRNA
-0.188556,NFKB1,mRNA
-0.73864,LNPEP,mRNA
-0.13299,TERT,mRNA
-0.583717,ZMYND11,mRNA
-0.045616,EID1,mRNA
0.18203,YAP1,mRNA
-0.634627,MXD1,mRNA
0.700487,MEAF6,mRNA
-0.481746,IGF2BP1,mRNA
0.067025,BLCAP,mRNA
-0.320911,CELF1,mRNA
1.6721,S100A1,mRNA
-0.0852997,FOXC1,mRNA
2.70602,CDH2,mRNA
-0.0625097,RPA1,mRNA
0.284401,IGLON5,mRNA
1.7233,CCND1,mRNA
-1.23737,BCL11A,mRNA
-0.572881,ZNF426,mRNA
0.440011,PHKG2,mRNA
-0.318555,FNDC3A,mRNA
-1.74526,IRS1,mRNA
-0.266962,TEX9,mRNA
0.013303,ADARB2,mRNA
-0.408949,SMAD4,mRNA
-0.0743014,SOD2,mRNA
0.110622,BLMH,mRNA
-0.678545,REL,mRNA
-2.35838,KY,mRNA
0.109422,SLC12A7,mRNA
-0.249076,KLHDC8B,mRNA
-0.250757,POLR3G,mRNA
-0.347645,BIVM,mRNA
-0.0479085,PTGS1,mRNA
0.00717386,OLFML2A,mRNA
0.129287,APOL6,mRNA
0.0343154,RAB8A,mRNA
-0.696761,MAT2A,mRNA
0.291811,LSM4,mRNA
-0.38818,LIMD1,mRNA
-0.465638,ZNF551,mRNA
-0.917849,CPEB4,mRNA
-0.0798684,GANAB,mRNA
0.100351,GK5,mRNA
-0.207679,USP48,mRNA
0.201151,LIMD2,mRNA
-0.22301,TMEM167A,mRNA
-0.243331,RUFY2,mRNA
0.0171901,ZNRF3,mRNA
0.235999,ARL8A,mRNA
0.450785,TMPRSS5,mRNA
1.48461,PMAIP1,mRNA
-0.10231,PPP1R11,mRNA
-0.803506,KCTD15,mRNA
-0.0969515,CCDC6,mRNA
-0.319262,AKAP8,mRNA
0.0562911,NOVA1,mRNA
-0.910971,TRAF6,mRNA
0.39023,GXYLT2,mRNA
0.0890516,ZNF629,mRNA
-0.121256,UMPS,mRNA
-4.2408,MRO,mRNA
-0.131519,NDUFB5,mRNA
-0.155501,KIF21A,mRNA
-0.757211,SBNO1,mRNA
0.00467504,ACVR2A,mRNA
0.277782,GPR27,mRNA
0.149205,TCF3,mRNA
-1.84588,BCL2,mRNA
-0.146906,KANK1,mRNA
0.712201,FGF2,mRNA
-0.329446,ZNF275,mRNA
-0.478136,TMEM135,mRNA
-0.185427,GOSR1,mRNA
0.16672,GNB1,mRNA
-0.510106,PLEKHA1,mRNA
-0.266915,AVL9,mRNA
-0.205353,HNRNPA2B1,mRNA
0.419876,MTHFR,mRNA
0.243649,CHEK1,mRNA
-0.145144,TBL1XR1,mRNA
-0.841398,RASEF,mRNA
-0.326588,TAB3,mRNA
0.266808,CPNE1,mRNA
0.0751429,LRRC57,mRNA
-0.159387,LSM11,mRNA
-0.119455,RAB3IP,mRNA
-0.35208,CBFA2T3,mRNA
-0.769754,DICER1,mRNA
0.131103,SMURF1,mRNA
0.548976,RASSF5,mRNA
-1.57067,GNAL,mRNA
0.380331,BSG,mRNA
0.0149666,UBE2V1,mRNA
-0.302732,CCDC80,mRNA
-0.534478,CYLD,mRNA
-0.0401275,ZBTB34,mRNA
0.178305,SEC61A1,mRNA
0.378444,HEYL,mRNA
-0.691628,TSC22D2,mRNA
-0.978149,CPEB3,mRNA
0.0483824,WIPI2,mRNA
-0.109249,SERBP1,mRNA
-0.265871,AKAP11,mRNA
-0.155562,CDC37L1,mRNA
-0.287543,STX17,mRNA
0.316133,RFK,mRNA
-0.878996,PDE4D,mRNA
-0.196305,BAG4,mRNA
-0.0568027,BZW1,mRNA
0.335076,CCNE1,mRNA
-0.986647,CCNT1,mRNA
-0.122915,CCNT2,mRNA
0.0428666,TPI1,mRNA
-0.269555,SHOC2,mRNA
-0.269983,DNAJC10,mRNA
0.0285856,ABCB7,mRNA
-0.460335,CDV3,mRNA
-0.230355,ETNK1,mRNA
-0.495075,C21orf62,mRNA
-0.0209624,MIB1,mRNA
-0.856784,TAOK1,mRNA
-0.510488,RPRD1B,mRNA
-0.254557,HAUS3,mRNA
-0.972195,DCAF17,mRNA
-0.470857,GABARAPL1,mRNA
0.174281,LUZP1,mRNA
-0.162618,SMAD3,mRNA
-0.496051,TKTL1,mRNA
-0.610786,VEGFA,mRNA
-0.087324,THRAP3,mRNA
0.171385,CD180,mRNA
-0.0236828,ACTR2,mRNA
-0.128138,ARIH1,mRNA
-0.360597,PURA,mRNA
-0.0162498,MLLT6,mRNA
-0.509574,PSKH1,mRNA
-0.173826,YWHAQ,mRNA
-0.157617,VPS4A,mRNA
0.0451801,RACGAP1,mRNA
0.227135,VCL,mRNA
-0.157252,SOCS5,mRNA
-0.349218,OCRL,mRNA
0.170897,KPNA1,mRNA
-0.451969,PAFAH1B2,mRNA
-0.759316,CCL4,mRNA
0.688792,SNCG,mRNA
-0.376238,CREG1,mRNA
0.201071,ARHGDIA,mRNA
-0.265381,MAP4K2,mRNA
-0.606325,RAPH1,mRNA
0.103718,MAFK,mRNA
0.0637025,ENTPD6,mRNA
-0.28577,APP,mRNA
0.0513059,SH3BGRL2,mRNA
-0.033525,KATNAL1,mRNA
0.150711,GNAT1,mRNA
-0.656865,ZNF585B,mRNA
-0.400138,YTHDC1,mRNA
-0.235203,ZNF284,mRNA
0.411049,TSPAN3,mRNA
-0.156043,LIN54,mRNA
-0.508942,CCNL1,mRNA
-3.27968,FOXA2,mRNA
-0.260676,TFAM,mRNA
2.287,MET,mRNA
-0.0238455,MAPK9,mRNA
-1.41665,HGF,mRNA
0.0204067,PAK4,mRNA
-0.0302786,ZNF394,mRNA
0.219686,JAG1,mRNA
-2.26077,CSGALNACT1,mRNA
0.0579028,EXTL3,mRNA
-3.29168,KIT,mRNA
-0.239233,OXSR1,mRNA
0.35713,HES1,mRNA
0.228019,POLA2,mRNA
-2.57107,PDE11A,mRNA
-0.220249,ZNF846,mRNA
0.0123095,CHCHD4,mRNA
-0.682184,DDI2,mRNA
0.130655,ZNF584,mRNA
0.231494,SLC26A2,mRNA
0.284576,PODXL,mRNA
-0.637682,ADAT2,mRNA
0.447459,ANKFY1,mRNA
-0.0219723,CHCHD3,mRNA
1.18645,CD44,mRNA
-0.110414,MTA3,mRNA
-0.208602,TLK2,mRNA
0.549466,HOXA10,mRNA
-0.975649,ZBTB20,mRNA
1.73915,CTSC,mRNA
-0.0610276,CLNK,mRNA
-0.533173,NR3C1,mRNA
0.538445,ENAH,mRNA
0.111397,LRRC55,mRNA
0.623082,CDH11,mRNA
-0.480974,TCF4,mRNA
-0.105088,SRGAP1,mRNA
0.0527575,POU2F1,mRNA
-2.89314,TRPM3,mRNA
0.330778,SYT6,mRNA
-0.424423,ATP2B1,mRNA
-0.221165,CAMK2G,mRNA
0.172575,PRKAR1A,mRNA
1.83252,RUNX2,mRNA
-0.579938,NTRK2,mRNA
-1.20319,WNK3,mRNA
0.96619,CDH8,mRNA
-0.400839,POU2F2,mRNA
0.19012,AGAP1,mRNA
0.769816,IKZF2,mRNA
-0.646403,ZNF385D,mRNA
0.196429,ZNF362,mRNA
0.509872,PHF13,mRNA
-2.02004,ALDH1A2,mRNA
-0.192752,ST3GAL1,mRNA
1.31619,B4GALNT3,mRNA
0.482101,OPN5,mRNA
-0.124949,ZSCAN22,mRNA
0.0382854,BCL9L,mRNA
-0.842315,GALNT10,mRNA
-0.162871,SFT2D2,mRNA
-0.225102,CREB1,mRNA
-0.134469,MBNL1,mRNA
0.206579,SEMA4G,mRNA
-0.651898,PTPRT,mRNA
-0.307014,CCR5,mRNA
-0.820698,MAPRE2,mRNA
-0.294284,SERP1,mRNA
-0.193297,USP47,mRNA
0.082853,ZWILCH,mRNA
-0.147816,PRLR,mRNA
0.302794,ZNF48,mRNA
-0.386706,AKAP1,mRNA
-1.04022,SPIB,mRNA
-0.114291,CDX2,mRNA
0.746771,IL11,mRNA
0.0630915,AKAP13,mRNA
0.0340874,DPF3,mRNA
-0.197354,ETF1,mRNA
0.69945,AP1S1,mRNA
-0.0898471,GTDC1,mRNA
0.344207,FARP1,mRNA
-0.509453,SYNJ2BP,mRNA
-0.238477,VN1R1,mRNA
0.356086,BCL7A,mRNA
-0.182436,BACH2,mRNA
-0.32434,MCL1,mRNA
1.31303,LRRC4,mRNA
-0.248997,WWC2,mRNA
-0.719833,SOST,mRNA
0.0979117,BDNF,mRNA
-0.0537714,USP14,mRNA
2.20957,MDFI,mRNA
0.0993138,IPO7,mRNA
-0.446299,TXNIP,mRNA
0.0659652,ERF,mRNA
-0.23228,WDR3,mRNA
-0.0256155,SERINC3,mRNA
-2.52717,TPPP,mRNA
0.619941,PADI2,mRNA
0.484917,ANGPTL2,mRNA
-0.164374,G3BP2,mRNA
-1.27801,ASGR1,mRNA
0.4685,GLP1R,mRNA
1.475,SOX4,mRNA
-0.0450747,SP1,mRNA
0.889242,SPARC,mRNA
5.83426,HMGA2,mRNA
0.529931,STC2,mRNA
0.302913,SGPL1,mRNA
0.673255,EFNB2,mRNA
-0.736185,BMPR1A,mRNA
-0.209127,CDH1,mRNA
0.62274,CPT1B,mRNA
0.0612335,ATF6B,mRNA
0.686078,EFNB1,mRNA
0.885534,MUC4,mRNA
-1.07067,SYNGR1,mRNA
0.117643,CHCHD5,mRNA
0.381166,SORCS2,mRNA
1.41878,TGFBR1,mRNA
-0.491054,SLC39A11,mRNA
1.77594,PLAG1,mRNA
0.860822,ELOVL6,mRNA
0.0348528,CACNG8,mRNA
0.313298,RAB11FIP4,mRNA
0.0454554,CDC42,mRNA
-0.339609,MYO18A,mRNA
1.24642,IGFBP2,mRNA
0.508233,CYBB,mRNA
0.181195,IGFBP5,mRNA
0.0243301,PPP3R1,mRNA
-1.28241,PLCXD3,mRNA
-2.08512,SAMD5,mRNA
-1.4201,SMOC1,mRNA
-0.119986,WDR89,mRNA
-0.120856,ZNF264,mRNA
-0.372707,ACBD5,mRNA
-0.550299,GPRIN3,mRNA
-0.054878,FMNL3,mRNA
0.183503,TRAPPC2,mRNA
-0.0364313,DCAF8,mRNA
0.0804068,SH3GLB1,mRNA
0.292944,GNPTAB,mRNA
0.355607,F2RL3,mRNA
0.0285425,VPS53,mRNA
0.399105,ITGB1,mRNA
-0.401846,NHLRC3,mRNA
-0.00159994,SEC16A,mRNA
1.28678,QSOX1,mRNA
-0.692438,CNKSR3,mRNA
-0.43501,POFUT1,mRNA
0.170627,F2RL1,mRNA
-0.101309,SERF1A,mRNA
-0.148922,IQSEC1,mRNA
-0.683156,RABGAP1L,mRNA
-0.128779,WDR53,mRNA
0.0182508,USP28,mRNA
0.190762,CAMTA1,mRNA
0.239907,SAMD12,mRNA
-0.722374,KLRD1,mRNA
-1.67824,KIF6,mRNA
1.80611,PSD3,mRNA
-0.399399,REST,mRNA
-0.224817,MFSD8,mRNA
-0.506494,SLC12A6,mRNA
0.061881,RGMB,mRNA
-0.974509,SOCS7,mRNA
-0.239476,OCIAD1,mRNA
0.0467424,AGFG2,mRNA
-0.604994,TMEM67,mRNA
0.42457,INPP5F,mRNA
-0.395874,WAC,mRNA
-0.265821,WEE1,mRNA
-0.313733,PAFAH1B1,mRNA
-0.206517,GRK7,mRNA
-0.267505,NR2C2,mRNA
-0.179725,GAB1,mRNA
-0.38147,DUSP18,mRNA
-0.39428,ABHD2,mRNA
-0.102893,N4BP1,mRNA
-0.208377,MTMR3,mRNA
-0.0142851,ZDHHC20,mRNA
0.61168,PGM2L1,mRNA
-0.16472,NCOA3,mRNA
-0.0654842,UBXN2A,mRNA
0.19242,PRNP,mRNA
0.0855985,BTN3A1,mRNA
-0.151991,ABHD15,mRNA
0.866831,STAC2,mRNA
0.629307,POLQ,mRNA
-0.0215455,DSTYK,mRNA
-0.916083,ZBTB37,mRNA
-0.0205377,A1CF,mRNA
-1.64205,FHDC1,mRNA
-1.11739,AAK1,mRNA
-0.468584,MAP3K2,mRNA
-0.557172,RBM12B,mRNA
0.936419,HIP1,mRNA
-0.484828,CAPRIN2,mRNA
-0.0661757,ELAVL2,mRNA
0.0834157,DPYSL2,mRNA
-0.100189,SLC7A11,mRNA
0.0346098,RNF115,mRNA
-0.385101,SLK,mRNA
0.221249,PLEKHM1,mRNA
-0.66439,MLXIP,mRNA
0.127299,FBXO21,mRNA
-0.498296,TNRC6B,mRNA
0.324236,WSB1,mRNA
-0.134117,IRAK4,mRNA
0.122252,GNB5,mRNA
0.351202,TLR7,mRNA
0.18483,ERGIC2,mRNA
0.130441,WDR1,mRNA
-0.119762,HIF1AN,mRNA
-0.205684,FKBP14,mRNA
-0.354199,RAB42,mRNA
0.685661,LDLR,mRNA
0.12458,BTN3A2,mRNA
-0.0160366,C18orf32,mRNA
-0.208948,DCTN5,mRNA
-0.75891,DNAL1,mRNA
-1.09383,BCL2L11,mRNA
-0.563752,CFL2,mRNA
-0.0181867,BTF3L4,mRNA
0.0151979,RAB5B,mRNA
0.0160892,SLC4A7,mRNA
-0.572706,CDK6,mRNA
-0.218683,TTPAL,mRNA
-0.353414,GTF2H3,mRNA
0.497382,ISCA2,mRNA
-0.238237,YOD1,mRNA
-0.0493656,MIXL1,mRNA
-0.0522566,PTGES3,mRNA
0.410841,FBXO31,mRNA
0.443937,MFSD2A,mRNA
0.298634,ICA1L,mRNA
-0.160688,ENPP5,mRNA
-0.663578,CYCS,mRNA
0.431882,UBFD1,mRNA
-0.397937,ENTPD7,mRNA
0.0568841,NRIP3,mRNA
0.0331967,ZNFX1,mRNA
-0.216472,GATAD1,mRNA
-0.336207,SLC30A1,mRNA
-0.13975,C17orf75,mRNA
-0.01883,ABCG8,mRNA
-0.522543,PANK3,mRNA
-0.535276,GPR157,mRNA
-0.302202,SLC35F5,mRNA
-0.46963,KLHL15,mRNA
-0.00859572,DDHD1,mRNA
0.316693,TRIM8,mRNA
-0.351465,SLCO5A1,mRNA
0.138602,ZNF805,mRNA
1.60479,SLC1A5,mRNA
0.0348885,TRAF3IP2,mRNA
-0.0431743,ZBED1,mRNA
-0.537267,ZNF347,mRNA
-0.224004,SAMD8,mRNA
-0.0491197,ARL1,mRNA
0.924824,KCNK6,mRNA
0.107152,SPTLC2,mRNA
0.0228997,VPS26A,mRNA
0.0773057,FEZ2,mRNA
0.243622,HMGB3,mRNA
0.373599,CHAF1A,mRNA
-0.598036,MTF1,mRNA
-0.443559,MXI1,mRNA
0.751134,LASP1,mRNA
-0.122343,PVR,mRNA
-0.197965,NFAT5,mRNA
-0.294332,ZBTB6,mRNA
0.416111,NUDT3,mRNA
-0.09589,GLO1,mRNA
-0.501166,ZBTB25,mRNA
-0.231982,BRCA1,mRNA
-0.199312,CBX5,mRNA
0.128105,SF3B3,mRNA
-0.478086,WDR37,mRNA
0.0723525,OSTM1,mRNA
0.035054,SPCS1,mRNA
-0.237721,E2F5,mRNA
0.0796319,HMGB1,mRNA
2.42653,ITGA2,mRNA
0.177621,JAK1,mRNA
-0.219898,MSH3,mRNA
-0.832713,PPP1R12B,mRNA
-0.310168,PPP6C,mRNA
-0.248566,RNASEH1,mRNA
-0.658683,CCL5,mRNA
0.594424,E2F2,mRNA
-0.136934,EIF2S1,mRNA
0.792592,KCNMB1,mRNA
-0.15787,BNIP2,mRNA
-0.562012,DUSP2,mRNA
-0.697426,PKNOX1,mRNA
-0.167564,WIPF2,mRNA
-0.238567,ANKRD13C,mRNA
-0.108909,MAPRE3,mRNA
-0.126678,MFN1,mRNA
-1.48843,KCND3,mRNA
0.0606573,ESR1,mRNA
0.607662,ORAI2,mRNA
-0.0552906,YIPF4,mRNA
-0.0519205,GINS4,mRNA
-0.0477086,PURB,mRNA
-0.571603,ZNF280B,mRNA
-0.228327,C15orf40,mRNA
-0.514622,CXorf38,mRNA
-0.21531,VTI1A,mRNA
0.0166127,ANKS4B,mRNA
-0.0559409,RRN3,mRNA
-1.05227,ZYG11A,mRNA
0.135137,NME6,mRNA
-0.648091,RUNX3,mRNA
-2.03313,RPS6KA5,mRNA
-0.564461,ALDH9A1,mRNA
0.267565,REEP3,mRNA
-0.0474762,AKTIP,mRNA
-0.76155,FBXO48,mRNA
-0.178844,COX19,mRNA
-1.29555,GPR155,mRNA
0.0678834,MUC17,mRNA
-0.0337738,CRCP,mRNA
-0.0193007,MGAT4A,mRNA
-0.483836,ZNF292,mRNA
-0.228443,PBX1,mRNA
0.588375,DDAH1,mRNA
0.150076,LMBR1,mRNA
-0.336053,NT5C2,mRNA
-0.689023,PHF20L1,mRNA
-0.267155,RSF1,mRNA
-2.20017,SOX5,mRNA
1.69213,LONRF2,mRNA
-0.478903,RALGPS2,mRNA
-0.568821,HOXA9,mRNA
-0.686997,FAM126B,mRNA
-0.824439,ANKRD46,mRNA
0.135741,CKAP5,mRNA
-0.713014,LPGAT1,mRNA
-0.0751225,ERP44,mRNA
-0.313244,DDHD2,mRNA
-0.0144638,SATB1,mRNA
0.590485,PPP1R3B,mRNA
-0.286898,MDM4,mRNA
-0.196577,DNM1L,mRNA
-0.152744,NUFIP2,mRNA
-0.68231,NFIA,mRNA
0.120248,FMR1,mRNA
0.616597,ZNF217,mRNA
-0.210502,EXOC5,mRNA
-0.813082,ATF2,mRNA
0.79056,THBS1,mRNA
-0.0657908,EIF4EBP2,mRNA
-0.306102,B3GNT5,mRNA
-0.294138,SOCS4,mRNA
0.374876,PLAT,mRNA
1.21523,OXTR,mRNA
0.0876605,ATP2B4,mRNA
0.124762,ZNF207,mRNA
-0.126419,RLIM,mRNA
-0.165414,HIGD1A,mRNA
0.0577803,AP2B1,mRNA
-0.176385,RASSF4,mRNA
-0.217501,AP3M1,mRNA
-0.903794,ABLIM3,mRNA
-0.18511,GDPD5,mRNA
-0.338525,FGFR1,mRNA
-0.00331037,BCL2L13,mRNA
0.0056196,KIF1B,mRNA
0.188848,ZNRF1,mRNA
0.554633,CTNNB1,mRNA
-0.471185,MAPK8,mRNA
0.534511,UBE2I,mRNA
-0.279159,GMEB2,mRNA
-0.45432,SH3BP4,mRNA
-0.0293779,PSMD10,mRNA
-0.999873,SCN4B,mRNA
-0.274966,ERC1,mRNA
-0.397631,CNNM2,mRNA
-0.466186,MEF2C,mRNA
-0.0239958,GSR,mRNA
0.0960209,CLEC2D,mRNA
0.13137,CALU,mRNA
0.57516,CPD,mRNA
-0.599056,NFIC,mRNA
-0.45681,TBPL1,mRNA
-0.534656,TRPS1,mRNA
-0.835542,PHLPP2,mRNA
0.735038,RASA1,mRNA
0.983621,ZBTB8B,mRNA
-0.122838,PPARGC1B,mRNA
0.536389,ZBTB33,mRNA
-0.0631999,SUGT1,mRNA
-0.107911,WASF2,mRNA
0.0417655,AHSA1,mRNA
-0.0998643,CD274,mRNA
-0.156599,NRAS,mRNA
0.484508,PLXNB1,mRNA
0.443864,FLOT2,mRNA
0.0372693,POU4F2,mRNA
-0.533136,ASH1L,mRNA
-0.101397,SRD5A3,mRNA
-0.35783,ALPK2,mRNA
1.06989,BAX,mRNA
0.133947,MAPK14,mRNA
-0.315556,PGAM4,mRNA
-0.947964,LRTM2,mRNA
-0.121779,SSX2IP,mRNA
-1.78306,ERBB4,mRNA
-0.0394024,POU3F2,mRNA
-0.263071,AMMECR1L,mRNA
2.9109,TIAM1,mRNA
-0.480979,MAPK10,mRNA
-0.481095,ZNF652,mRNA
-0.407682,IQCE,mRNA
0.658639,PTPRF,mRNA
-0.945602,DYRK3,mRNA
-0.0527485,STAMBP,mRNA
-0.503791,SLC19A3,mRNA
0.705338,CABYR,mRNA
0.490782,CAMKK1,mRNA
-0.561671,UBN2,mRNA
0.12273,MIDN,mRNA
-0.0729472,AKT3,mRNA
-1.45901,PRDM16,mRNA
-0.713264,LIMS1,mRNA
-0.310628,BRD1,mRNA
0.237929,EEF1A1,mRNA
0.208635,DKK2,mRNA
-0.188867,POGZ,mRNA
-0.184955,ANKRD28,mRNA
-0.0728914,PHF21A,mRNA
-0.260792,NDUFS1,mRNA
-0.372906,CROT,mRNA
-0.00083736,C19orf12,mRNA
-0.296581,GPR107,mRNA
-0.253834,TNKS2,mRNA
-0.207723,NDFIP1,mRNA
-0.383186,SIRT1,mRNA
0.0821664,SLC30A7,mRNA
0.759864,STMN1,mRNA
-1.09544,VANGL1,mRNA
0.102063,PEG10,mRNA
-0.385933,TNFSF10,mRNA
-0.264412,ARID1A,mRNA
-0.402148,ZNF236,mRNA
0.152607,KPNA6,mRNA
0.06119,RHOA,mRNA
-0.122403,HNRNPD,mRNA
-0.778041,ABLIM1,mRNA
0.0384986,DENR,mRNA
-0.79675,SNX4,mRNA
-0.309548,DDX6,mRNA
-0.29535,TCEAL1,mRNA
-0.612487,LRP6,mRNA
-0.62694,SLC10A7,mRNA
0.609761,PCDHA3,mRNA
0.836249,PCDHAC1,mRNA
0.47988,BMF,mRNA
-0.266599,BRWD1,mRNA
-0.242518,RBM33,mRNA
-0.0233009,TMEM183A,mRNA
-0.995698,SELE,mRNA
0.137227,HNRNPA1,mRNA
2.19662,SDC4,mRNA
0.112576,TMEM101,mRNA
0.513895,CKAP2L,mRNA
0.0899091,VKORC1L1,mRNA
-0.379076,MYLK3,mRNA
-0.0775525,RCOR1,mRNA
-0.259554,RRP15,mRNA
0.0853886,MRPS16,mRNA
0.145995,RPL15,mRNA
0.824784,SLC39A10,mRNA
2.78244,DSC3,mRNA
-0.256694,CARD8,mRNA
-0.19548,ABL1,mRNA
0.36174,PABPC1,mRNA
-1.02813,CYP1A2,mRNA
0.0869173,RPL27A,mRNA
-0.396368,ZNF749,mRNA
-1.02275,TRAT1,mRNA
0.321272,LGALS3BP,mRNA
-0.0299785,GNAI3,mRNA
-0.0543502,TOP3A,mRNA
-0.339544,ZNF131,mRNA
-0.347155,TRMT5,mRNA
0.439127,ABCG2,mRNA
0.208784,TMCC1,mRNA
0.788612,GRB10,mRNA
3.51248,SPTBN2,mRNA
-0.272806,SMAD5,mRNA
0.0177122,PPP2R2A,mRNA
0.606839,SMARCA4,mRNA
1.06571,MGAT4B,mRNA
0.85798,OSBPL10,mRNA
-0.169269,UBR7,mRNA
0.227418,ZNF714,mRNA
0.36452,EIF3I,mRNA
-0.265093,ZFYVE16,mRNA
-0.32138,LUC7L2,mRNA
-0.648486,TRIM44,mRNA
0.679992,PGPEP1,mRNA
0.185313,WDR6,mRNA
0.108547,NLE1,mRNA
-0.378374,DDX21,mRNA
0.557349,MDM2,mRNA
0.0465132,SLC35A2,mRNA
0.350172,TLE3,mRNA
-0.977873,SERTAD4,mRNA
-1.36788,STOX2,mRNA
-0.338028,NFS1,mRNA
-0.676564,RECK,mRNA
-1.09613,PELI2,mRNA
-0.576367,CSNK1G1,mRNA
0.180357,HIPK2,mRNA
-0.430263,PHACTR4,mRNA
-0.782684,DOCK5,mRNA
-0.574156,FBXL18,mRNA
-0.226084,ZNF772,mRNA
-0.536622,COG5,mRNA
-0.37483,KIF3B,mRNA
0.209835,SART1,mRNA
0.0308079,SS18,mRNA
0.0386887,DCAF7,mRNA
0.0711507,CAPRIN1,mRNA
0.247666,POLE,mRNA
0.168665,RNPS1,mRNA
-0.372358,QKI,mRNA
-0.0515579,CPSF6,mRNA
-0.6091,FICD,mRNA
0.114445,VCP,mRNA
0.153777,LRP10,mRNA
0.224861,ZNF770,mRNA
0.0802124,MGMT,mRNA
-0.0420094,PBX2,mRNA
0.415856,RBMS2,mRNA
-0.0802319,SORT1,mRNA
-0.199208,SDHA,mRNA
-0.092342,ZW10,mRNA
2.28584,PIWIL1,mRNA
2.16725,BBC3,mRNA
-0.0200242,TOM1,mRNA
0.138613,FYTTD1,mRNA
1.42342,CBX2,mRNA
-0.180882,C18orf25,mRNA
-0.917123,CDKL5,mRNA
-0.241037,UBIAD1,mRNA
0.220265,TIMM50,mRNA
0.153189,RNF215,mRNA
-0.0965994,TP53BP2,mRNA
-0.0305134,POLL,mRNA
0.0862244,ADD1,mRNA
-0.316145,SPIN3,mRNA
-0.440728,PPARA,mRNA
-0.17287,UFM1,mRNA
0.0236313,EGFR,mRNA
-0.64976,NPTX1,mRNA
-0.342522,STX7,mRNA
-1.20925,CLEC4E,mRNA
-0.222747,UBXN2B,mRNA
-2.53391,NLGN1,mRNA
0.409023,CBX3,mRNA
-0.444727,FRS2,mRNA
-0.899705,SLC38A1,mRNA
0.27444,INHBA,mRNA
0.0163718,DCK,mRNA
-0.256216,OTUD4,mRNA
-0.29603,PHLDA1,mRNA
0.282241,BAHD1,mRNA
0.208247,NPM1,mRNA
-0.330639,RPL7L1,mRNA
-1.52721,SLC1A2,mRNA
0.616808,SRC,mRNA
0.43027,MYO1D,mRNA
-0.671534,ZNF331,mRNA
-0.0407706,RPS4Y1,mRNA
0.441027,SATB2,mRNA
0.307802,SPRED1,mRNA
-0.981092,IL5RA,mRNA
0.142953,NF2,mRNA
1.46114,RAB27A,mRNA
-1.40605,CXCL12,mRNA
0.210384,NDFIP2,mRNA
1.08609,SRPX2,mRNA
0.373425,SERTAD2,mRNA
-0.569001,KLHDC10,mRNA
-0.197265,XPO6,mRNA
-0.200035,INTU,mRNA
-0.0277854,UBA6,mRNA
-0.567497,RDX,mRNA
-0.0948778,JARID2,mRNA
-0.0844373,ARPC5,mRNA
-0.352832,STK40,mRNA
-0.116648,SFXN1,mRNA
0.0864004,EDC3,mRNA
0.14395,ETS1,mRNA
0.307581,CDK1,mRNA
-0.0859411,SP7,mRNA
-1.19233,CASR,mRNA
2.2683,MMP16,mRNA
-0.856433,FRK,mRNA
0.777075,ABCB9,mRNA
-0.206395,QSER1,mRNA
-0.0256052,NFATC2IP,mRNA
-1.67778,PPM1L,mRNA
-0.213101,PPIL2,mRNA
-0.251136,NFE2L1,mRNA
-2.33554,AR,mRNA
0.250237,RPL37A,mRNA
0.163756,MXRA7,mRNA
0.137057,VAV3,mRNA
-0.109423,HDLBP,mRNA
0.558846,GNPDA1,mRNA
-0.918993,PLA2G2D,mRNA
-0.17316,CDC23,mRNA
0.173844,NLRC5,mRNA
0.132026,CPT2,mRNA
0.477191,ADARB1,mRNA
-0.31665,CFLAR,mRNA
-0.285865,GAPVD1,mRNA
-0.28476,OPA1,mRNA
0.456252,CD40,mRNA
-0.506502,ERLIN2,mRNA
0.757933,SYNGR2,mRNA
-1.26295,AXIN2,mRNA
0.340573,CLTB,mRNA
-0.170984,NUP98,mRNA
0.762288,ITGA6,mRNA
0.0428073,TPM1,mRNA
-0.0902275,LARP1,mRNA
-2.20797,CDON,mRNA
-0.536548,ANKS1A,mRNA
0.325235,CASP6,mRNA
0.624832,CDC25C,mRNA
0.507608,KCNH1,mRNA
-0.330214,MKLN1,mRNA
0.292482,AKT1,mRNA
-0.283575,ADNP,mRNA
-0.351385,RBM12,mRNA
0.166028,FUT8,mRNA
-0.840735,SPTBN1,mRNA
-0.221035,APAF1,mRNA
-0.79571,SYNE2,mRNA
-0.159458,BIRC3,mRNA
0.431105,ZDHHC16,mRNA
0.212106,DIABLO,mRNA
-0.677062,NDRG1,mRNA
-0.53083,TRAF3,mRNA
0.233426,IRGQ,mRNA
0.0287332,EXT2,mRNA
0.100381,MTAP,mRNA
-0.075333,TMOD2,mRNA
-0.290249,BCLAF1,mRNA
-0.0974025,RNF40,mRNA
-0.261876,MTMR9,mRNA
-0.182357,GIGYF2,mRNA
0.292744,GDE1,mRNA
-0.457538,FIGN,mRNA
-0.221572,POLR3E,mRNA
-0.327113,TGIF2,mRNA
0.559884,CASP10,mRNA
-0.318868,KIF2A,mRNA
0.167699,FAM104A,mRNA
-0.276073,NUCKS1,mRNA
0.103274,ACSL4,mRNA
0.0122055,WDR77,mRNA
0.457749,MAP4,mRNA
0.184901,PLIN3,mRNA
1.27212,RRM2,mRNA
0.658088,LEF1,mRNA
0.0123908,XIAP,mRNA
0.261357,GYG1,mRNA
0.743033,FOSL1,mRNA
-1.02199,UST,mRNA
0.205961,CCT3,mRNA
-2.09843,PDGFRA,mRNA
0.96998,RRAS,mRNA
0.371716,ERLIN1,mRNA
-0.534279,SNTB2,mRNA
-0.249995,RAB3GAP2,mRNA
-0.0554724,AKR1B1,mRNA
-1.10563,GATA4,mRNA
-0.499351,CXCL9,mRNA
0.888688,CCL22,mRNA
0.0378403,PDXK,mRNA
0.566447,PEA15,mRNA
1.7363,HRK,mRNA
0.709381,TNFRSF10A,mRNA
-0.1793,BCL10,mRNA
-0.290395,CDKN1B,mRNA
1.70917,PKP2,mRNA
0.0411178,STX1A,mRNA
0.176668,TSN,mRNA
0.14547,TOMM40,mRNA
0.306035,RBCK1,mRNA
-0.294256,EDEM3,mRNA
0.21404,ZSWIM7,mRNA
-0.303103,RNF169,mRNA
0.229064,BCL2A1,mRNA
-0.162853,AIFM1,mRNA
-0.30849,ALS2,mRNA
-0.0620643,LLPH,mRNA
-0.202817,MBD6,mRNA
-0.213014,FKBP1B,mRNA
-0.210669,TPCN2,mRNA
0.0474143,GDF5,mRNA
0.337814,MOV10,mRNA
1.7213,CD70,mRNA
-0.884273,TNF,mRNA
-0.00532241,POLR2A,mRNA
0.172892,RPL37,mRNA
1.21499,BIRC5,mRNA
-0.327293,TGFBR2,mRNA
0.70267,SHE,mRNA
-0.654611,ZNF460,mRNA
-0.160198,FNIP1,mRNA
-0.190183,FBXW2,mRNA
-0.209955,GGCX,mRNA
-0.574944,ZNF417,mRNA
-0.700197,IL6ST,mRNA
-0.547076,CYP20A1,mRNA
-0.344306,AURKA,mRNA
0.0541169,NUP43,mRNA
0.287416,TXLNA,mRNA
0.0666361,KCNC4,mRNA
0.0482332,SUPT7L,mRNA
0.288447,ZDHHC5,mRNA
0.0602444,CYTH2,mRNA
0.300003,ESRP1,mRNA
-0.0867985,UHRF1BP1,mRNA
-0.687721,G2E3,mRNA
0.164794,TMEM33,mRNA
-0.383897,SLC25A36,mRNA
0.167792,TEF,mRNA
0.143218,LHFPL2,mRNA
-0.536876,AKAP10,mRNA
2.50261,SOX11,mRNA
-1.05299,ZNF157,mRNA
0.0635354,KIF5B,mRNA
-1.02526,GCNT3,mRNA
-0.083497,SPRYD4,mRNA
0.346571,HOXA13,mRNA
-0.446973,CNOT4,mRNA
0.0214038,TRIM13,mRNA
-0.295153,MTRF1L,mRNA
-0.333375,TM2D2,mRNA
-0.606354,IL6R,mRNA
-0.123937,FOXP1,mRNA
-0.235118,SMAD2,mRNA
-0.0574386,PIK3R1,mRNA
0.0313251,CADM1,mRNA
-0.13585,UBE2S,mRNA
-0.0956768,RCOR3,mRNA
-0.360668,HPGD,mRNA
-0.0669076,CENPN,mRNA
0.0469316,MBD4,mRNA
-0.307189,SEC23IP,mRNA
1.03532,IGSF3,mRNA
-0.254349,UBASH3B,mRNA
1.44726,MACROD2,mRNA
3.39864,PDE4C,mRNA
-0.219359,ANKRD50,mRNA
0.113295,RPS16,mRNA
-0.172071,AP1G1,mRNA
-0.697965,ANKRD9,mRNA
-0.2025,STK4,mRNA
-2.43319,KIF1A,mRNA
-0.487221,YIPF6,mRNA
-0.412395,GEN1,mRNA
-0.189454,FAM120AOS,mRNA
-0.32215,ZBTB44,mRNA
0.0132118,ATP11B,mRNA
0.628313,RAP1GAP2,mRNA
-0.0454231,MRAS,mRNA
0.17453,AGAP3,mRNA
0.610742,ACTN4,mRNA
-0.268584,CEBPG,mRNA
-0.17653,SLC31A1,mRNA
0.0213946,SRPK1,mRNA
-0.25416,GCM1,mRNA
-0.0710393,ARCN1,mRNA
-0.252564,MORF4L2,mRNA
-0.000584814,ZNF431,mRNA
0.391838,RPS19,mRNA
0.143571,RPS29,mRNA
1.79306,TK1,mRNA
-0.320716,AZIN1,mRNA
0.227137,LHFPL5,mRNA
-0.342564,ZNF107,mRNA
0.233604,GPR173,mRNA
-0.676371,LCOR,mRNA
-0.462333,ZNF268,mRNA
0.13138,EEF2K,mRNA
-3.11621,PAK3,mRNA
-0.264111,VGLL4,mRNA
-0.447977,TOR1AIP1,mRNA
0.246703,COPS7B,mRNA
-1.14548,KLF6,mRNA
-0.961281,KCNB1,mRNA
0.0711113,NCBP2,mRNA
-0.390173,MATN1,mRNA
-0.29932,COIL,mRNA
-0.10453,ANKRD40,mRNA
-0.60448,OTUD7A,mRNA
-0.220844,ZNF740,mRNA
0.0281649,TMEM97,mRNA
0.082156,TMEM106B,mRNA
-0.0989825,IDE,mRNA
-0.892238,TFRC,mRNA
-0.383862,PPIP5K2,mRNA
1.3249,ST3GAL5,mRNA
0.0036321,FXR1,mRNA
2.13935,GLDN,mRNA
0.48429,SCARB2,mRNA
0.869972,SRGAP2,mRNA
-0.51134,ABCC1,mRNA
-0.169517,MICALL1,mRNA
0.563695,UBE2A,mRNA
-0.131883,PAK1,mRNA
-1.8953,SLC25A15,mRNA
0.537958,SULT1B1,mRNA
-0.139073,EHD3,mRNA
0.176443,ZNF385A,mRNA
-0.504776,KIF16B,mRNA
0.144645,BMPR2,mRNA
0.160195,GLS,mRNA
-0.0890615,GNA12,mRNA
0.791827,RCC2,mRNA
0.0809407,CRLS1,mRNA
-0.524721,CNNM4,mRNA
-0.0616428,ALG9,mRNA
0.579259,ROR1,mRNA
-0.246043,LANCL1,mRNA
-0.227063,SLC5A3,mRNA
-1.65519,CNTNAP2,mRNA
1.22414,SERPINB5,mRNA
0.0436845,RYK,mRNA
-0.242573,SLIT3,mRNA
-0.22185,PIGH,mRNA
1.12565,GJC1,mRNA
0.0322026,COMMD7,mRNA
-0.486089,ADCY9,mRNA
-0.325737,DAZAP2,mRNA
-0.188636,RSPRY1,mRNA
-0.0917909,CACNG5,mRNA
0.125385,PIK3R3,mRNA
0.132232,FAM136A,mRNA
0.49606,MTHFD2,mRNA
-0.636661,APBB2,mRNA
0.00438728,HOXC12,mRNA
-0.502186,PPP4R2,mRNA
1.28019,NTRK3,mRNA
-0.740664,TNFAIP8,mRNA
-0.560983,FRMD4B,mRNA
-0.73708,NR6A1,mRNA
-1.40211,PRRX1,mRNA
-0.372399,SOX7,mRNA
-0.164119,SERINC5,mRNA
-1.00275,ONECUT2,mRNA
-1.06147,SLC30A4,mRNA
-0.194772,MYLK,mRNA
-0.0233559,TTC7B,mRNA
-0.732091,ZNF704,mRNA
