id,sequence
hsa-miR-1179,AAGCAUUCUUUCAUUGGUUGG
hsa-miR-1247-5p,ACCCGUCCCGUUCGUCCCCGGA
hsa-miR-138-1-3p,GCUACUUCACAACACCAGGGCC
hsa-miR-138-5p,AGCUGGUGUUGUGAAUCAGGCCG
hsa-miR-144-3p,UACAGUAUAGAUGAUGUACU
hsa-miR-144-5p,GGAUAUCAUCAUAUACUGUAAG
hsa-miR-146b-3p,GCCCUGUGGACUCAGUUCUGGU
hsa-miR-146b-5p,UGAGAACUGAAUUCCAUAGGCUG
hsa-miR-187-3p,UCGUGUCUUGUGUUGCAGCCGG
hsa-miR-195-5p,UAGCAGCACAGAAAUAUUGGC
hsa-miR-199a-3p,ACAGUAGUCUGCACAUUGGUUA
hsa-miR-199b-3p,ACAGUAGUCUGCACAUUGGUUA
hsa-miR-199b-5p,CCCAGUGUUUAGACUAUCUGUUC
hsa-miR-204-5p,UUCCCUUUGUCAUCCUAUGCCU
hsa-miR-20b-5p,CAAAGUGCUCAUAGUGCAGGUAG
hsa-miR-21-5p,UAGCUUAUCAGACUGAUGUUGA
hsa-miR-214-3p,ACAGCAGGCACAGACAGGCAGU
hsa-miR-221-3p,AGCUACAUUGUCUGCUGGGUUUC
hsa-miR-221-5p,ACCUGGCAUACAAUGUAGAUUU
hsa-miR-222-3p,AGCUACAUCUGGCUACUGGGU
hsa-miR-27a-5p,AGGGCUUAGCUGCUUGUGAGCA
hsa-miR-31-3p,UGCUAUGCCAACAUAUUGCCAU
hsa-miR-31-5p,AGGCAAGAUGCUGGCAUAGCU
hsa-miR-34a-5p,UGGCAGUGUCUUAGCUGGUUGU
hsa-miR-363-3p,AAUUGCACGGUAUCCAUCUGUA
hsa-miR-379-5p,UGGUAGACUAUGGAACGUAGG
hsa-miR-451a,AAACCGUUACCAUUACUGAGUU
hsa-miR-486-5p,UCCUGUACUGAGCUGCCCCGAG
hsa-miR-551b-3p,GCGACCCAUACUUGGUUUCAG
hsa-miR-652-3p,AAUGGCGCCACUAGGGUUGUG
hsa-miR-675-3p,CUGUAUGCCCUCACCGCUCA
hsa-miR-7-2-3p,CAACAAAUCCCAGUCUACCUAA
hsa-miR-7-5p,UGGAAGACUAGUGAUUUUGUUGUU
hsa-miR-9-5p,UCUUUGGUUAUCUAGCUGUAUGA
