#node1	node2	node1_string_id	node2_string_id	homology	experimentally_determined_interaction	database_annotated	automated_textmining	combined_score
AKT1	MAPK14	9606.ENSP00000451828	9606.ENSP00000229795	0	0.528	0	0	0.528
AKT1	DAB2IP	9606.ENSP00000451828	9606.ENSP00000259371	0	0.457	0	0	0.457
AKT1	PIK3CA	9606.ENSP00000451828	9606.ENSP00000263967	0	0.457	0	0	0.457
AKT1	CHUK	9606.ENSP00000451828	9606.ENSP00000359424	0	0.657	0	0	0.657
AKT1	AKT2	9606.ENSP00000451828	9606.ENSP00000375892	0	0.655	0.900	0	0.964
AKT1	MAP2K4	9606.ENSP00000451828	9606.ENSP00000410402	0	0.457	0	0	0.457
AKT1	PIK3R1	9606.ENSP00000451828	9606.ENSP00000428056	0	0.476	0	0	0.476
AKT1	IKBKB	9606.ENSP00000451828	9606.ENSP00000430684	0	0.657	0	0	0.657
AKT1	IKBKG	9606.ENSP00000451828	9606.ENSP00000483825	0	0.438	0	0	0.438
AKT1	AKT3	9606.ENSP00000451828	9606.ENSP00000500582	0	0.592	0.900	0	0.957
AKT2	AKT3	9606.ENSP00000375892	9606.ENSP00000500582	0	0.162	0.900	0	0.912
AKT2	AKT1	9606.ENSP00000375892	9606.ENSP00000451828	0	0.655	0.900	0	0.964
AKT3	CASP3	9606.ENSP00000500582	9606.ENSP00000311032	0	0.542	0	0	0.542
AKT3	AKT2	9606.ENSP00000500582	9606.ENSP00000375892	0	0.162	0.900	0	0.912
AKT3	AKT1	9606.ENSP00000500582	9606.ENSP00000451828	0	0.592	0.900	0	0.957
ATF2	CREB3L3	9606.ENSP00000264110	9606.ENSP00000078445	0	0	0.900	0	0.900
ATF2	MAPK13	9606.ENSP00000264110	9606.ENSP00000211287	0	0.555	0	0	0.555
ATF2	MAPK1	9606.ENSP00000264110	9606.ENSP00000215832	0	0.539	0	0	0.539
ATF2	MAPK14	9606.ENSP00000264110	9606.ENSP00000229795	0	0.613	0	0	0.613
ATF2	MAPK3	9606.ENSP00000264110	9606.ENSP00000263025	0	0.498	0	0	0.498
ATF2	RPS6KA5	9606.ENSP00000264110	9606.ENSP00000479667	0	0.402	0	0	0.402
ATF2	MAPK9	9606.ENSP00000264110	9606.ENSP00000394560	0	0.457	0	0	0.457
ATF2	MAPK11	9606.ENSP00000264110	9606.ENSP00000333685	0	0.613	0	0	0.613
ATF2	JUNB	9606.ENSP00000264110	9606.ENSP00000303315	0	0.670	0	0	0.670
ATF2	CREB3L4	9606.ENSP00000264110	9606.ENSP00000271889	0	0	0.900	0	0.900
ATF2	CREB3L1	9606.ENSP00000264110	9606.ENSP00000481956	0	0	0.900	0	0.900
ATF2	CREB3L2	9606.ENSP00000264110	9606.ENSP00000329140	0	0	0.900	0	0.900
ATF2	ATF6B	9606.ENSP00000264110	9606.ENSP00000364349	0	0	0.900	0	0.900
ATF2	ATF4	9606.ENSP00000264110	9606.ENSP00000336790	0	0.193	0.900	0	0.915
ATF2	CREB3	9606.ENSP00000264110	9606.ENSP00000342136	0	0	0.900	0	0.900
ATF2	MAPK8	9606.ENSP00000264110	9606.ENSP00000378974	0	0.943	0	0	0.943
ATF2	CREB1	9606.ENSP00000264110	9606.ENSP00000387699	0	0.302	0.900	0	0.927
ATF2	FOS	9606.ENSP00000264110	9606.ENSP00000306245	0	0.653	0.500	0	0.819
ATF2	CREB5	9606.ENSP00000264110	9606.ENSP00000350359	0	0.680	0.900	0	0.966
ATF2	JUN	9606.ENSP00000264110	9606.ENSP00000360266	0	0.965	0.900	0	0.996
ATF4	CREB3L3	9606.ENSP00000336790	9606.ENSP00000078445	0	0	0.900	0	0.900
ATF4	ATF2	9606.ENSP00000336790	9606.ENSP00000264110	0	0.193	0.900	0	0.915
ATF4	CREB3L4	9606.ENSP00000336790	9606.ENSP00000271889	0	0	0.900	0	0.900
ATF4	JUNB	9606.ENSP00000336790	9606.ENSP00000303315	0	0.421	0	0	0.420
ATF4	CEBPB	9606.ENSP00000336790	9606.ENSP00000305422	0	0.918	0.900	0	0.991
ATF4	FOS	9606.ENSP00000336790	9606.ENSP00000306245	0	0.548	0	0	0.548
ATF4	CREB3L2	9606.ENSP00000336790	9606.ENSP00000329140	0	0	0.900	0	0.900
ATF4	JUN	9606.ENSP00000336790	9606.ENSP00000360266	0	0.547	0	0	0.547
ATF4	CREB5	9606.ENSP00000336790	9606.ENSP00000350359	0	0	0.900	0	0.900
ATF4	CREB3L1	9606.ENSP00000336790	9606.ENSP00000481956	0	0	0.900	0	0.900
ATF4	ATF6B	9606.ENSP00000336790	9606.ENSP00000364349	0	0	0.900	0	0.900
ATF4	CREB3	9606.ENSP00000336790	9606.ENSP00000342136	0	0.133	0.900	0	0.909
ATF4	CREB1	9606.ENSP00000336790	9606.ENSP00000387699	0	0	0.900	0	0.900
ATF6B	CREB3L3	9606.ENSP00000364349	9606.ENSP00000078445	0	0	0.900	0	0.900
ATF6B	ATF2	9606.ENSP00000364349	9606.ENSP00000264110	0	0	0.900	0	0.900
ATF6B	CREB3L4	9606.ENSP00000364349	9606.ENSP00000271889	0	0	0.900	0	0.900
ATF6B	CREB3L2	9606.ENSP00000364349	9606.ENSP00000329140	0	0	0.900	0	0.900
ATF6B	ATF4	9606.ENSP00000364349	9606.ENSP00000336790	0	0	0.900	0	0.900
ATF6B	CREB3	9606.ENSP00000364349	9606.ENSP00000342136	0	0	0.900	0	0.900
ATF6B	CREB5	9606.ENSP00000364349	9606.ENSP00000350359	0	0	0.900	0	0.900
ATF6B	CREB1	9606.ENSP00000364349	9606.ENSP00000387699	0	0	0.900	0	0.900
ATF6B	CREB3L1	9606.ENSP00000364349	9606.ENSP00000481956	0	0	0.900	0	0.900
BAG4	TNFRSF1A	9606.ENSP00000287322	9606.ENSP00000162749	0	0.457	0.900	0	0.943
BAG4	PIK3CA	9606.ENSP00000287322	9606.ENSP00000263967	0	0	0.500	0	0.499
BAG4	PIK3R1	9606.ENSP00000287322	9606.ENSP00000428056	0	0	0.500	0	0.499
BCL3	NFKBIA	9606.ENSP00000164227	9606.ENSP00000216797	0	0	0.720	0	0.720
BCL3	NFKB1	9606.ENSP00000164227	9606.ENSP00000226574	0	0.457	0.900	0	0.943
BIRC2	TNFRSF1A	9606.ENSP00000477613	9606.ENSP00000162749	0	0.734	0.500	0	0.861
BIRC2	TAB1	9606.ENSP00000477613	9606.ENSP00000216160	0	0	0.500	0	0.499
BIRC2	TRAF2	9606.ENSP00000477613	9606.ENSP00000247668	0	0.586	0.900	0	0.956
BIRC2	RIPK1	9606.ENSP00000477613	9606.ENSP00000259808	0	0.457	0.800	0	0.886
BIRC2	TRAF5	9606.ENSP00000477613	9606.ENSP00000261464	0	0	0.900	0	0.900
BIRC2	BIRC3	9606.ENSP00000477613	9606.ENSP00000263464	0	0.292	0.900	0	0.926
BIRC2	CXCL3	9606.ENSP00000477613	9606.ENSP00000296026	0	0.419	0	0	0.418
BIRC2	CASP3	9606.ENSP00000477613	9606.ENSP00000311032	0	0.536	0	0	0.536
BIRC2	TRADD	9606.ENSP00000477613	9606.ENSP00000341268	0	0.734	0.800	0	0.944
BIRC2	CASP8	9606.ENSP00000477613	9606.ENSP00000351273	0	0.508	0	0	0.508
BIRC2	TAB2	9606.ENSP00000477613	9606.ENSP00000356426	0	0	0.500	0	0.499
BIRC2	CASP7	9606.ENSP00000477613	9606.ENSP00000358327	0	0.582	0	0	0.582
BIRC2	MAP3K7	9606.ENSP00000477613	9606.ENSP00000358335	0	0.159	0.500	0	0.561
BIRC2	CHUK	9606.ENSP00000477613	9606.ENSP00000359424	0	0	0.540	0	0.540
BIRC2	TRAF1	9606.ENSP00000477613	9606.ENSP00000362994	0	0.457	0.500	0	0.716
BIRC2	TNFRSF1B	9606.ENSP00000477613	9606.ENSP00000365435	0	0.078	0.500	0	0.519
BIRC2	TAB3	9606.ENSP00000477613	9606.ENSP00000368215	0	0	0.500	0	0.499
BIRC2	TRAF3	9606.ENSP00000477613	9606.ENSP00000376500	0	0.457	0.540	0	0.739
BIRC2	CXCL1	9606.ENSP00000477613	9606.ENSP00000379110	0	0.422	0	0	0.422
BIRC2	RELA	9606.ENSP00000477613	9606.ENSP00000384273	0	0.457	0	0	0.457
BIRC2	TNF	9606.ENSP00000477613	9606.ENSP00000398698	0	0.734	0.500	0	0.861
BIRC2	LTA	9606.ENSP00000477613	9606.ENSP00000403495	0	0.292	0.500	0	0.630
BIRC2	IKBKB	9606.ENSP00000477613	9606.ENSP00000430684	0	0	0.540	0	0.540
BIRC2	MAP3K14	9606.ENSP00000477613	9606.ENSP00000482657	0	0.457	0.500	0	0.716
BIRC2	TNFAIP3	9606.ENSP00000477613	9606.ENSP00000481570	0	0.457	0.500	0	0.716
BIRC2	IKBKG	9606.ENSP00000477613	9606.ENSP00000483825	0	0.457	0.500	0	0.716
BIRC3	TNFRSF1A	9606.ENSP00000263464	9606.ENSP00000162749	0	0.734	0.500	0	0.861
BIRC3	TAB1	9606.ENSP00000263464	9606.ENSP00000216160	0	0.215	0.500	0	0.590
BIRC3	NFKB1	9606.ENSP00000263464	9606.ENSP00000226574	0	0.596	0	0	0.596
BIRC3	IRF1	9606.ENSP00000263464	9606.ENSP00000245414	0	0.457	0	0	0.457
BIRC3	TRAF2	9606.ENSP00000263464	9606.ENSP00000247668	0	0.964	0.900	0	0.996
BIRC3	RIPK1	9606.ENSP00000263464	9606.ENSP00000259808	0	0.457	0.800	0	0.886
BIRC3	TRAF5	9606.ENSP00000263464	9606.ENSP00000261464	0	0	0.900	0	0.900
BIRC3	CHUK	9606.ENSP00000263464	9606.ENSP00000359424	0	0	0.500	0	0.499
BIRC3	TAB3	9606.ENSP00000263464	9606.ENSP00000368215	0	0	0.500	0	0.499
BIRC3	LTA	9606.ENSP00000263464	9606.ENSP00000403495	0	0	0.500	0	0.499
BIRC3	TAB2	9606.ENSP00000263464	9606.ENSP00000356426	0	0	0.500	0	0.499
BIRC3	MAP3K14	9606.ENSP00000263464	9606.ENSP00000482657	0	0	0.500	0	0.499
BIRC3	MAP3K7	9606.ENSP00000263464	9606.ENSP00000358335	0	0.159	0.500	0	0.561
BIRC3	CASP8	9606.ENSP00000263464	9606.ENSP00000351273	0	0.508	0	0	0.508
BIRC3	TNFAIP3	9606.ENSP00000263464	9606.ENSP00000481570	0	0.292	0.500	0	0.630
BIRC3	RELA	9606.ENSP00000263464	9606.ENSP00000384273	0	0.457	0	0	0.457
BIRC3	IKBKG	9606.ENSP00000263464	9606.ENSP00000483825	0	0.453	0.500	0	0.714
BIRC3	CASP7	9606.ENSP00000263464	9606.ENSP00000358327	0	0.536	0	0	0.536
BIRC3	IKBKB	9606.ENSP00000263464	9606.ENSP00000430684	0	0.596	0.500	0	0.789
BIRC3	TNFRSF1B	9606.ENSP00000263464	9606.ENSP00000365435	0	0.292	0.500	0	0.630
BIRC3	TNF	9606.ENSP00000263464	9606.ENSP00000398698	0	0.457	0.500	0	0.716
BIRC3	CASP3	9606.ENSP00000263464	9606.ENSP00000311032	0	0.536	0	0	0.536
BIRC3	TRAF3	9606.ENSP00000263464	9606.ENSP00000376500	0	0.457	0.500	0	0.716
BIRC3	BIRC2	9606.ENSP00000263464	9606.ENSP00000477613	0	0.292	0.900	0	0.926
BIRC3	TRADD	9606.ENSP00000263464	9606.ENSP00000341268	0	0	0.800	0	0.800
BIRC3	TRAF1	9606.ENSP00000263464	9606.ENSP00000362994	0	0.964	0.500	0	0.981
CASP10	TNFRSF1A	9606.ENSP00000286186	9606.ENSP00000162749	0	0.593	0	0	0.593
CASP10	RIPK1	9606.ENSP00000286186	9606.ENSP00000259808	0	0.457	0.900	0	0.943
CASP10	MAP3K14	9606.ENSP00000286186	9606.ENSP00000482657	0	0.457	0	0	0.457
CASP10	MAPK8	9606.ENSP00000286186	9606.ENSP00000378974	0	0.448	0	0	0.448
CASP10	IKBKB	9606.ENSP00000286186	9606.ENSP00000430684	0	0	0.500	0	0.499
CASP10	CHUK	9606.ENSP00000286186	9606.ENSP00000359424	0	0	0.500	0	0.499
CASP10	CASP7	9606.ENSP00000286186	9606.ENSP00000358327	0	0.544	0	0	0.544
CASP10	IKBKG	9606.ENSP00000286186	9606.ENSP00000483825	0	0	0.500	0	0.499
CASP10	CASP3	9606.ENSP00000286186	9606.ENSP00000311032	0	0.544	0.360	0	0.695
CASP10	FAS	9606.ENSP00000286186	9606.ENSP00000498466	0	0.593	0.900	0	0.957
CASP10	TRADD	9606.ENSP00000286186	9606.ENSP00000341268	0	0	0.900	0	0.900
CASP10	CFLAR	9606.ENSP00000286186	9606.ENSP00000312455	0	0.550	0.900	0	0.953
CASP10	FADD	9606.ENSP00000286186	9606.ENSP00000301838	0	0.593	0.900	0	0.957
CASP10	CASP8	9606.ENSP00000286186	9606.ENSP00000351273	0	0.636	0.900	0	0.962
CASP3	BIRC3	9606.ENSP00000311032	9606.ENSP00000263464	0	0.536	0	0	0.536
CASP3	CASP10	9606.ENSP00000311032	9606.ENSP00000286186	0	0.544	0.360	0	0.695
CASP3	TRAF3	9606.ENSP00000311032	9606.ENSP00000376500	0	0.457	0	0	0.457
CASP3	AKT3	9606.ENSP00000311032	9606.ENSP00000500582	0	0.542	0	0	0.542
CASP3	BIRC2	9606.ENSP00000311032	9606.ENSP00000477613	0	0.536	0	0	0.536
CASP3	CFLAR	9606.ENSP00000311032	9606.ENSP00000312455	0	0.457	0.360	0	0.637
CASP3	CASP7	9606.ENSP00000311032	9606.ENSP00000358327	0	0.421	0.900	0	0.939
CASP3	CASP8	9606.ENSP00000311032	9606.ENSP00000351273	0	0.636	0.900	0	0.962
CASP7	TNFRSF1A	9606.ENSP00000358327	9606.ENSP00000162749	0	0.423	0	0	0.422
CASP7	BIRC3	9606.ENSP00000358327	9606.ENSP00000263464	0	0.536	0	0	0.536
CASP7	CASP10	9606.ENSP00000358327	9606.ENSP00000286186	0	0.544	0	0	0.544
CASP7	CASP3	9606.ENSP00000358327	9606.ENSP00000311032	0	0.421	0.900	0	0.939
CASP7	CASP8	9606.ENSP00000358327	9606.ENSP00000351273	0	0.628	0.540	0	0.821
CASP7	BIRC2	9606.ENSP00000358327	9606.ENSP00000477613	0	0.582	0	0	0.582
CASP8	TNFRSF1A	9606.ENSP00000351273	9606.ENSP00000162749	0	0.593	0	0	0.593
CASP8	RIPK3	9606.ENSP00000351273	9606.ENSP00000216274	0	0.734	0	0	0.734
CASP8	TRAF2	9606.ENSP00000351273	9606.ENSP00000247668	0	0.577	0.500	0	0.779
CASP8	RIPK1	9606.ENSP00000351273	9606.ENSP00000259808	0	0.564	0.900	0	0.954
CASP8	BIRC3	9606.ENSP00000351273	9606.ENSP00000263464	0	0.508	0	0	0.508
CASP8	CASP10	9606.ENSP00000351273	9606.ENSP00000286186	0	0.636	0.900	0	0.962
CASP8	FADD	9606.ENSP00000351273	9606.ENSP00000301838	0	0.671	0.900	0	0.965
CASP8	CASP3	9606.ENSP00000351273	9606.ENSP00000311032	0	0.636	0.900	0	0.962
CASP8	CFLAR	9606.ENSP00000351273	9606.ENSP00000312455	0	0.960	0.900	0	0.995
CASP8	TRADD	9606.ENSP00000351273	9606.ENSP00000341268	0	0.457	0.900	0	0.943
CASP8	MAP3K14	9606.ENSP00000351273	9606.ENSP00000482657	0	0.457	0	0	0.457
CASP8	TNFAIP3	9606.ENSP00000351273	9606.ENSP00000481570	0	0.457	0	0	0.457
CASP8	MAPK8	9606.ENSP00000351273	9606.ENSP00000378974	0	0.448	0	0	0.448
CASP8	IKBKB	9606.ENSP00000351273	9606.ENSP00000430684	0	0.292	0.500	0	0.630
CASP8	BIRC2	9606.ENSP00000351273	9606.ENSP00000477613	0	0.508	0	0	0.508
CASP8	TRAF1	9606.ENSP00000351273	9606.ENSP00000362994	0	0.457	0	0	0.457
CASP8	TNF	9606.ENSP00000351273	9606.ENSP00000398698	0	0.734	0	0	0.734
CASP8	IKBKG	9606.ENSP00000351273	9606.ENSP00000483825	0	0	0.500	0	0.499
CASP8	CHUK	9606.ENSP00000351273	9606.ENSP00000359424	0	0.292	0.500	0	0.630
CASP8	CASP7	9606.ENSP00000351273	9606.ENSP00000358327	0	0.628	0.540	0	0.821
CASP8	FAS	9606.ENSP00000351273	9606.ENSP00000498466	0	0.593	0.900	0	0.957
CCL2	RELA	9606.ENSP00000225831	9606.ENSP00000384273	0	0.457	0	0	0.457
CCL2	CCL5	9606.ENSP00000225831	9606.ENSP00000474412	0	0.734	0	0	0.734
CCL20	CXCL5	9606.ENSP00000351671	9606.ENSP00000296027	0	0.734	0	0	0.734
CCL20	CCL5	9606.ENSP00000351671	9606.ENSP00000474412	0	0.734	0	0	0.734
CCL5	CCL2	9606.ENSP00000474412	9606.ENSP00000225831	0	0.734	0	0	0.734
CCL5	CXCL6	9606.ENSP00000474412	9606.ENSP00000226317	0	0.734	0	0	0.734
CCL5	CXCL10	9606.ENSP00000474412	9606.ENSP00000305651	0	0.734	0	0	0.734
CCL5	CCL20	9606.ENSP00000474412	9606.ENSP00000351671	0	0.734	0	0	0.734
CCL5	CXCL2	9606.ENSP00000474412	9606.ENSP00000427279	0	0.734	0	0	0.734
CEBPB	NFKB1	9606.ENSP00000305422	9606.ENSP00000226574	0	0.292	0.500	0	0.630
CEBPB	RELA	9606.ENSP00000305422	9606.ENSP00000384273	0	0.457	0.500	0	0.716
CEBPB	ATF4	9606.ENSP00000305422	9606.ENSP00000336790	0	0.918	0.900	0	0.991
CFLAR	TRAF2	9606.ENSP00000312455	9606.ENSP00000247668	0	0.457	0.500	0	0.716
CFLAR	RIPK1	9606.ENSP00000312455	9606.ENSP00000259808	0	0.457	0.900	0	0.943
CFLAR	CASP10	9606.ENSP00000312455	9606.ENSP00000286186	0	0.550	0.900	0	0.953
CFLAR	FADD	9606.ENSP00000312455	9606.ENSP00000301838	0	0.457	0.900	0	0.943
CFLAR	CASP3	9606.ENSP00000312455	9606.ENSP00000311032	0	0.457	0.360	0	0.637
CFLAR	ITCH	9606.ENSP00000312455	9606.ENSP00000499786	0	0.457	0	0	0.457
CFLAR	TRAF1	9606.ENSP00000312455	9606.ENSP00000362994	0	0.457	0	0	0.457
CFLAR	FAS	9606.ENSP00000312455	9606.ENSP00000498466	0	0.457	0.900	0	0.943
CFLAR	TRADD	9606.ENSP00000312455	9606.ENSP00000341268	0	0	0.900	0	0.900
CFLAR	CASP8	9606.ENSP00000312455	9606.ENSP00000351273	0	0.960	0.900	0	0.995
CHUK	TNFRSF1A	9606.ENSP00000359424	9606.ENSP00000162749	0	0.734	0.500	0	0.861
CHUK	NFKBIA	9606.ENSP00000359424	9606.ENSP00000216797	0	0.520	0	0	0.520
CHUK	NFKB1	9606.ENSP00000359424	9606.ENSP00000226574	0	0.631	0	0	0.631
CHUK	TRAF2	9606.ENSP00000359424	9606.ENSP00000247668	0	0.657	0.540	0	0.835
CHUK	RIPK1	9606.ENSP00000359424	9606.ENSP00000259808	0	0.457	0.500	0	0.716
CHUK	TRAF5	9606.ENSP00000359424	9606.ENSP00000261464	0	0	0.540	0	0.540
CHUK	BIRC3	9606.ENSP00000359424	9606.ENSP00000263464	0	0	0.500	0	0.499
CHUK	CASP10	9606.ENSP00000359424	9606.ENSP00000286186	0	0	0.500	0	0.499
CHUK	FADD	9606.ENSP00000359424	9606.ENSP00000301838	0	0.232	0.500	0	0.599
CHUK	TRADD	9606.ENSP00000359424	9606.ENSP00000341268	0	0.287	0.500	0	0.628
CHUK	CASP8	9606.ENSP00000359424	9606.ENSP00000351273	0	0.292	0.500	0	0.630
CHUK	MAP3K7	9606.ENSP00000359424	9606.ENSP00000358335	0	0.542	0.500	0	0.761
CHUK	TRAF1	9606.ENSP00000359424	9606.ENSP00000362994	0	0.457	0	0	0.457
CHUK	BIRC2	9606.ENSP00000359424	9606.ENSP00000477613	0	0	0.540	0	0.540
CHUK	RELA	9606.ENSP00000359424	9606.ENSP00000384273	0	0.599	0	0	0.599
CHUK	TNF	9606.ENSP00000359424	9606.ENSP00000398698	0	0.734	0.500	0	0.861
CHUK	AKT1	9606.ENSP00000359424	9606.ENSP00000451828	0	0.657	0	0	0.657
CHUK	MAP3K14	9606.ENSP00000359424	9606.ENSP00000482657	0	0.659	0.700	0	0.893
CHUK	TRAF3	9606.ENSP00000359424	9606.ENSP00000376500	0	0	0.540	0	0.540
CHUK	IKBKG	9606.ENSP00000359424	9606.ENSP00000483825	0	0.734	0.900	0	0.972
CHUK	IKBKB	9606.ENSP00000359424	9606.ENSP00000430684	0	0.734	0.900	0	0.972
CREB1	CREB3L3	9606.ENSP00000387699	9606.ENSP00000078445	0	0.237	0.900	0	0.920
CREB1	ATF2	9606.ENSP00000387699	9606.ENSP00000264110	0	0.302	0.900	0	0.927
CREB1	CREB3L4	9606.ENSP00000387699	9606.ENSP00000271889	0	0	0.900	0	0.900
CREB1	CREB3L2	9606.ENSP00000387699	9606.ENSP00000329140	0	0	0.900	0	0.900
CREB1	ATF4	9606.ENSP00000387699	9606.ENSP00000336790	0	0	0.900	0	0.900
CREB1	CREB3	9606.ENSP00000387699	9606.ENSP00000342136	0	0	0.900	0	0.900
CREB1	CREB5	9606.ENSP00000387699	9606.ENSP00000350359	0	0	0.900	0	0.900
CREB1	ATF6B	9606.ENSP00000387699	9606.ENSP00000364349	0	0	0.900	0	0.900
CREB1	RPS6KA5	9606.ENSP00000387699	9606.ENSP00000479667	0	0.457	0	0	0.457
CREB1	CREB3L1	9606.ENSP00000387699	9606.ENSP00000481956	0	0	0.900	0	0.900
CREB3	CREB3L3	9606.ENSP00000342136	9606.ENSP00000078445	0	0.480	0.900	0	0.945
CREB3	ATF2	9606.ENSP00000342136	9606.ENSP00000264110	0	0	0.900	0	0.900
CREB3	CREB3L4	9606.ENSP00000342136	9606.ENSP00000271889	0	0.550	0.900	0	0.953
CREB3	CREB3L2	9606.ENSP00000342136	9606.ENSP00000329140	0	0.399	0.900	0	0.937
CREB3	ATF4	9606.ENSP00000342136	9606.ENSP00000336790	0	0.133	0.900	0	0.909
CREB3	CREB1	9606.ENSP00000342136	9606.ENSP00000387699	0	0	0.900	0	0.900
CREB3	ATF6B	9606.ENSP00000342136	9606.ENSP00000364349	0	0	0.900	0	0.900
CREB3	CREB5	9606.ENSP00000342136	9606.ENSP00000350359	0	0	0.900	0	0.900
CREB3	CREB3L1	9606.ENSP00000342136	9606.ENSP00000481956	0	0.319	0.900	0	0.928
CREB3L1	CREB3L3	9606.ENSP00000481956	9606.ENSP00000078445	0	0.342	0.900	0	0.931
CREB3L1	ATF2	9606.ENSP00000481956	9606.ENSP00000264110	0	0	0.900	0	0.900
CREB3L1	CREB3L4	9606.ENSP00000481956	9606.ENSP00000271889	0	0	0.900	0	0.900
CREB3L1	CREB3L2	9606.ENSP00000481956	9606.ENSP00000329140	0	0.514	0.900	0	0.949
CREB3L1	ATF4	9606.ENSP00000481956	9606.ENSP00000336790	0	0	0.900	0	0.900
CREB3L1	CREB3	9606.ENSP00000481956	9606.ENSP00000342136	0	0.319	0.900	0	0.928
CREB3L1	CREB5	9606.ENSP00000481956	9606.ENSP00000350359	0	0	0.900	0	0.900
CREB3L1	ATF6B	9606.ENSP00000481956	9606.ENSP00000364349	0	0	0.900	0	0.900
CREB3L1	CREB1	9606.ENSP00000481956	9606.ENSP00000387699	0	0	0.900	0	0.900
CREB3L2	CREB3L3	9606.ENSP00000329140	9606.ENSP00000078445	0	0.196	0.900	0	0.916
CREB3L2	ATF2	9606.ENSP00000329140	9606.ENSP00000264110	0	0	0.900	0	0.900
CREB3L2	CREB3L4	9606.ENSP00000329140	9606.ENSP00000271889	0	0	0.900	0	0.900
CREB3L2	CREB5	9606.ENSP00000329140	9606.ENSP00000350359	0	0	0.900	0	0.900
CREB3L2	ATF6B	9606.ENSP00000329140	9606.ENSP00000364349	0	0	0.900	0	0.900
CREB3L2	CREB1	9606.ENSP00000329140	9606.ENSP00000387699	0	0	0.900	0	0.900
CREB3L2	ATF4	9606.ENSP00000329140	9606.ENSP00000336790	0	0	0.900	0	0.900
CREB3L2	CREB3	9606.ENSP00000329140	9606.ENSP00000342136	0	0.399	0.900	0	0.937
CREB3L2	CREB3L1	9606.ENSP00000329140	9606.ENSP00000481956	0	0.514	0.900	0	0.949
CREB3L3	ATF4	9606.ENSP00000078445	9606.ENSP00000336790	0	0	0.900	0	0.900
CREB3L3	CREB5	9606.ENSP00000078445	9606.ENSP00000350359	0	0	0.900	0	0.900
CREB3L3	ATF2	9606.ENSP00000078445	9606.ENSP00000264110	0	0	0.900	0	0.900
CREB3L3	ATF6B	9606.ENSP00000078445	9606.ENSP00000364349	0	0	0.900	0	0.900
CREB3L3	CREB3L2	9606.ENSP00000078445	9606.ENSP00000329140	0	0.196	0.900	0	0.916
CREB3L3	CREB3L4	9606.ENSP00000078445	9606.ENSP00000271889	0	0.206	0.900	0	0.917
CREB3L3	CREB1	9606.ENSP00000078445	9606.ENSP00000387699	0	0.237	0.900	0	0.920
CREB3L3	CREB3L1	9606.ENSP00000078445	9606.ENSP00000481956	0	0.342	0.900	0	0.931
CREB3L3	CREB3	9606.ENSP00000078445	9606.ENSP00000342136	0	0.480	0.900	0	0.945
CREB3L4	CREB3L3	9606.ENSP00000271889	9606.ENSP00000078445	0	0.206	0.900	0	0.917
CREB3L4	ATF2	9606.ENSP00000271889	9606.ENSP00000264110	0	0	0.900	0	0.900
CREB3L4	ATF4	9606.ENSP00000271889	9606.ENSP00000336790	0	0	0.900	0	0.900
CREB3L4	CREB3L2	9606.ENSP00000271889	9606.ENSP00000329140	0	0	0.900	0	0.900
CREB3L4	CREB1	9606.ENSP00000271889	9606.ENSP00000387699	0	0	0.900	0	0.900
CREB3L4	CREB3L1	9606.ENSP00000271889	9606.ENSP00000481956	0	0	0.900	0	0.900
CREB3L4	ATF6B	9606.ENSP00000271889	9606.ENSP00000364349	0	0	0.900	0	0.900
CREB3L4	CREB5	9606.ENSP00000271889	9606.ENSP00000350359	0	0	0.900	0	0.900
CREB3L4	CREB3	9606.ENSP00000271889	9606.ENSP00000342136	0	0.550	0.900	0	0.953
CREB5	CREB3L3	9606.ENSP00000350359	9606.ENSP00000078445	0	0	0.900	0	0.900
CREB5	ATF2	9606.ENSP00000350359	9606.ENSP00000264110	0	0.680	0.900	0	0.966
CREB5	CREB3L4	9606.ENSP00000350359	9606.ENSP00000271889	0	0	0.900	0	0.900
CREB5	JUNB	9606.ENSP00000350359	9606.ENSP00000303315	0	0.677	0	0	0.677
CREB5	FOS	9606.ENSP00000350359	9606.ENSP00000306245	0	0.672	0	0	0.672
CREB5	CREB3L2	9606.ENSP00000350359	9606.ENSP00000329140	0	0	0.900	0	0.900
CREB5	ATF4	9606.ENSP00000350359	9606.ENSP00000336790	0	0	0.900	0	0.900
CREB5	CREB3	9606.ENSP00000350359	9606.ENSP00000342136	0	0	0.900	0	0.900
CREB5	JUN	9606.ENSP00000350359	9606.ENSP00000360266	0	0.688	0	0	0.688
CREB5	CREB3L1	9606.ENSP00000350359	9606.ENSP00000481956	0	0	0.900	0	0.900
CREB5	ATF6B	9606.ENSP00000350359	9606.ENSP00000364349	0	0	0.900	0	0.900
CREB5	CREB1	9606.ENSP00000350359	9606.ENSP00000387699	0	0	0.900	0	0.900
CSF1	PIK3CA	9606.ENSP00000327513	9606.ENSP00000263967	0	0	0.500	0	0.499
CSF1	PIK3R1	9606.ENSP00000327513	9606.ENSP00000428056	0	0	0.500	0	0.499
CSF1	PIK3CB	9606.ENSP00000327513	9606.ENSP00000501150	0	0	0.500	0	0.499
CSF2	PIK3R2	9606.ENSP00000296871	9606.ENSP00000222254	0	0	0.400	0	0.400
CSF2	PIK3R3	9606.ENSP00000296871	9606.ENSP00000262741	0	0	0.400	0	0.400
CSF2	PIK3CA	9606.ENSP00000296871	9606.ENSP00000263967	0	0	0.400	0	0.400
CSF2	PIK3CD	9606.ENSP00000296871	9606.ENSP00000366563	0	0	0.400	0	0.400
CSF2	PIK3R1	9606.ENSP00000296871	9606.ENSP00000428056	0	0	0.400	0	0.400
CSF2	PIK3CB	9606.ENSP00000296871	9606.ENSP00000501150	0	0	0.400	0	0.400
CXCL1	CXCL6	9606.ENSP00000379110	9606.ENSP00000226317	0	0.734	0.400	0	0.833
CXCL1	TRAF2	9606.ENSP00000379110	9606.ENSP00000247668	0	0.465	0	0	0.465
CXCL1	CXCL3	9606.ENSP00000379110	9606.ENSP00000296026	0	0.610	0.900	0	0.959
CXCL1	CXCL5	9606.ENSP00000379110	9606.ENSP00000296027	0	0.734	0.400	0	0.833
CXCL1	BIRC2	9606.ENSP00000379110	9606.ENSP00000477613	0	0.422	0	0	0.422
CXCL1	CXCL2	9606.ENSP00000379110	9606.ENSP00000427279	0	0.610	0.900	0	0.959
CXCL10	CXCL6	9606.ENSP00000305651	9606.ENSP00000226317	0	0.734	0	0	0.734
CXCL10	CCL5	9606.ENSP00000305651	9606.ENSP00000474412	0	0.734	0	0	0.734
CXCL2	CXCL6	9606.ENSP00000427279	9606.ENSP00000226317	0	0.734	0.400	0	0.833
CXCL2	CXCL3	9606.ENSP00000427279	9606.ENSP00000296026	0	0.610	0.900	0	0.959
CXCL2	CXCL5	9606.ENSP00000427279	9606.ENSP00000296027	0	0.734	0.400	0	0.833
CXCL2	CXCL1	9606.ENSP00000427279	9606.ENSP00000379110	0	0.610	0.900	0	0.959
CXCL2	CCL5	9606.ENSP00000427279	9606.ENSP00000474412	0	0.734	0	0	0.734
CXCL3	CXCL6	9606.ENSP00000296026	9606.ENSP00000226317	0	0.734	0.400	0	0.833
CXCL3	TRAF2	9606.ENSP00000296026	9606.ENSP00000247668	0	0.422	0	0	0.422
CXCL3	BIRC2	9606.ENSP00000296026	9606.ENSP00000477613	0	0.419	0	0	0.418
CXCL3	CXCL5	9606.ENSP00000296026	9606.ENSP00000296027	0	0.734	0.400	0	0.833
CXCL3	CXCL2	9606.ENSP00000296026	9606.ENSP00000427279	0	0.610	0.900	0	0.959
CXCL3	CXCL1	9606.ENSP00000296026	9606.ENSP00000379110	0	0.610	0.900	0	0.959
CXCL5	CXCL6	9606.ENSP00000296027	9606.ENSP00000226317	0	0	0.900	0	0.900
CXCL5	CXCL3	9606.ENSP00000296027	9606.ENSP00000296026	0	0.734	0.400	0	0.833
CXCL5	CCL20	9606.ENSP00000296027	9606.ENSP00000351671	0	0.734	0	0	0.734
CXCL5	CXCL2	9606.ENSP00000296027	9606.ENSP00000427279	0	0.734	0.400	0	0.833
CXCL5	CXCL1	9606.ENSP00000296027	9606.ENSP00000379110	0	0.734	0.400	0	0.833
CXCL6	CXCL10	9606.ENSP00000226317	9606.ENSP00000305651	0	0.734	0	0	0.734
CXCL6	CCL5	9606.ENSP00000226317	9606.ENSP00000474412	0	0.734	0	0	0.734
CXCL6	CXCL3	9606.ENSP00000226317	9606.ENSP00000296026	0	0.734	0.400	0	0.833
CXCL6	CXCL2	9606.ENSP00000226317	9606.ENSP00000427279	0	0.734	0.400	0	0.833
CXCL6	CXCL1	9606.ENSP00000226317	9606.ENSP00000379110	0	0.734	0.400	0	0.833
CXCL6	CXCL5	9606.ENSP00000226317	9606.ENSP00000296027	0	0	0.900	0	0.900
DAB2IP	TRAF2	9606.ENSP00000259371	9606.ENSP00000247668	0	0.457	0	0	0.457
DAB2IP	RIPK1	9606.ENSP00000259371	9606.ENSP00000259808	0	0.457	0	0	0.457
DAB2IP	AKT1	9606.ENSP00000259371	9606.ENSP00000451828	0	0.457	0	0	0.457
DAB2IP	MAP3K5	9606.ENSP00000259371	9606.ENSP00000351908	0	0.457	0	0	0.457
DNM1L	MAPK1	9606.ENSP00000449089	9606.ENSP00000215832	0	0.457	0	0	0.457
FADD	TNFRSF1A	9606.ENSP00000301838	9606.ENSP00000162749	0	0.593	0	0	0.593
FADD	RIPK3	9606.ENSP00000301838	9606.ENSP00000216274	0	0.734	0	0	0.734
FADD	TRAF2	9606.ENSP00000301838	9606.ENSP00000247668	0	0.424	0.800	0	0.879
FADD	RIPK1	9606.ENSP00000301838	9606.ENSP00000259808	0	0.457	0.900	0	0.943
FADD	CASP10	9606.ENSP00000301838	9606.ENSP00000286186	0	0.593	0.900	0	0.957
FADD	MAPK8	9606.ENSP00000301838	9606.ENSP00000378974	0	0.448	0	0	0.448
FADD	TNFAIP3	9606.ENSP00000301838	9606.ENSP00000481570	0	0.457	0	0	0.457
FADD	IKBKB	9606.ENSP00000301838	9606.ENSP00000430684	0	0	0.500	0	0.499
FADD	CHUK	9606.ENSP00000301838	9606.ENSP00000359424	0	0.232	0.500	0	0.599
FADD	IKBKG	9606.ENSP00000301838	9606.ENSP00000483825	0	0.457	0.500	0	0.716
FADD	CFLAR	9606.ENSP00000301838	9606.ENSP00000312455	0	0.457	0.900	0	0.943
FADD	TRADD	9606.ENSP00000301838	9606.ENSP00000341268	0	0.457	0.900	0	0.943
FADD	CASP8	9606.ENSP00000301838	9606.ENSP00000351273	0	0.671	0.900	0	0.965
FADD	FAS	9606.ENSP00000301838	9606.ENSP00000498466	0	0.967	0.900	0	0.996
FAS	TNFRSF1A	9606.ENSP00000498466	9606.ENSP00000162749	0	0.448	0.900	0	0.942
FAS	TRAF2	9606.ENSP00000498466	9606.ENSP00000247668	0	0	0.500	0	0.499
FAS	RIPK1	9606.ENSP00000498466	9606.ENSP00000259808	0	0.230	0.720	0	0.775
FAS	CASP10	9606.ENSP00000498466	9606.ENSP00000286186	0	0.593	0.900	0	0.957
FAS	FADD	9606.ENSP00000498466	9606.ENSP00000301838	0	0.967	0.900	0	0.996
FAS	CFLAR	9606.ENSP00000498466	9606.ENSP00000312455	0	0.457	0.900	0	0.943
FAS	TRADD	9606.ENSP00000498466	9606.ENSP00000341268	0	0.292	0.900	0	0.926
FAS	CASP8	9606.ENSP00000498466	9606.ENSP00000351273	0	0.593	0.900	0	0.957
FAS	MAP3K5	9606.ENSP00000498466	9606.ENSP00000351908	0	0.657	0	0	0.657
FAS	MAPK8	9606.ENSP00000498466	9606.ENSP00000378974	0	0.657	0	0	0.657
FOS	ATF2	9606.ENSP00000306245	9606.ENSP00000264110	0	0.653	0.500	0	0.819
FOS	JUNB	9606.ENSP00000306245	9606.ENSP00000303315	0	0.676	0.900	0	0.966
FOS	ATF4	9606.ENSP00000306245	9606.ENSP00000336790	0	0.548	0	0	0.548
FOS	CREB5	9606.ENSP00000306245	9606.ENSP00000350359	0	0.672	0	0	0.672
FOS	RELA	9606.ENSP00000306245	9606.ENSP00000384273	0	0.483	0	0	0.483
FOS	JUN	9606.ENSP00000306245	9606.ENSP00000360266	0	0.972	0.900	0	0.997
ICAM1	RELA	9606.ENSP00000264832	9606.ENSP00000384273	0	0.457	0	0	0.457
IFNB1	SOCS3	9606.ENSP00000369581	9606.ENSP00000330341	0	0	0.500	0	0.499
IKBKB	TNFRSF1A	9606.ENSP00000430684	9606.ENSP00000162749	0	0.734	0.500	0	0.861
IKBKB	NFKBIA	9606.ENSP00000430684	9606.ENSP00000216797	0	0.564	0	0	0.564
IKBKB	NFKB1	9606.ENSP00000430684	9606.ENSP00000226574	0	0.657	0	0	0.657
IKBKB	MAPK14	9606.ENSP00000430684	9606.ENSP00000229795	0	0.421	0	0	0.420
IKBKB	TRAF2	9606.ENSP00000430684	9606.ENSP00000247668	0	0.657	0.540	0	0.835
IKBKB	RIPK1	9606.ENSP00000430684	9606.ENSP00000259808	0	0.457	0.500	0	0.716
IKBKB	TRAF5	9606.ENSP00000430684	9606.ENSP00000261464	0	0	0.540	0	0.540
IKBKB	BIRC3	9606.ENSP00000430684	9606.ENSP00000263464	0	0.596	0.500	0	0.789
IKBKB	CASP10	9606.ENSP00000430684	9606.ENSP00000286186	0	0	0.500	0	0.499
IKBKB	FADD	9606.ENSP00000430684	9606.ENSP00000301838	0	0	0.500	0	0.499
IKBKB	TRADD	9606.ENSP00000430684	9606.ENSP00000341268	0	0	0.500	0	0.499
IKBKB	CASP8	9606.ENSP00000430684	9606.ENSP00000351273	0	0.292	0.500	0	0.630
IKBKB	MAP3K7	9606.ENSP00000430684	9606.ENSP00000358335	0	0.457	0.500	0	0.716
IKBKB	CHUK	9606.ENSP00000430684	9606.ENSP00000359424	0	0.734	0.900	0	0.972
IKBKB	TRAF1	9606.ENSP00000430684	9606.ENSP00000362994	0	0.483	0	0	0.483
IKBKB	TRAF3	9606.ENSP00000430684	9606.ENSP00000376500	0	0	0.540	0	0.540
IKBKB	RELA	9606.ENSP00000430684	9606.ENSP00000384273	0	0.591	0	0	0.591
IKBKB	TNF	9606.ENSP00000430684	9606.ENSP00000398698	0	0.734	0.500	0	0.861
IKBKB	TNFAIP3	9606.ENSP00000430684	9606.ENSP00000481570	0	0.457	0	0	0.457
IKBKB	BIRC2	9606.ENSP00000430684	9606.ENSP00000477613	0	0	0.540	0	0.540
IKBKB	MAP3K14	9606.ENSP00000430684	9606.ENSP00000482657	0	0.690	0	0	0.690
IKBKB	AKT1	9606.ENSP00000430684	9606.ENSP00000451828	0	0.657	0	0	0.657
IKBKB	IKBKG	9606.ENSP00000430684	9606.ENSP00000483825	0	0.972	0.900	0	0.997
IKBKG	TNFRSF1A	9606.ENSP00000483825	9606.ENSP00000162749	0	0.734	0.500	0	0.861
IKBKG	TAB1	9606.ENSP00000483825	9606.ENSP00000216160	0	0.734	0.500	0	0.861
IKBKG	NFKBIA	9606.ENSP00000483825	9606.ENSP00000216797	0	0.457	0	0	0.457
IKBKG	NFKB1	9606.ENSP00000483825	9606.ENSP00000226574	0	0.675	0	0	0.675
IKBKG	TRAF2	9606.ENSP00000483825	9606.ENSP00000247668	0	0.458	0.500	0	0.717
IKBKG	RIPK1	9606.ENSP00000483825	9606.ENSP00000259808	0	0.734	0.500	0	0.861
IKBKG	BIRC3	9606.ENSP00000483825	9606.ENSP00000263464	0	0.453	0.500	0	0.714
IKBKG	CASP10	9606.ENSP00000483825	9606.ENSP00000286186	0	0	0.500	0	0.499
IKBKG	NOD2	9606.ENSP00000483825	9606.ENSP00000300589	0	0.292	0.500	0	0.630
IKBKG	FADD	9606.ENSP00000483825	9606.ENSP00000301838	0	0.457	0.500	0	0.716
IKBKG	TRADD	9606.ENSP00000483825	9606.ENSP00000341268	0	0.225	0.500	0	0.595
IKBKG	CASP8	9606.ENSP00000483825	9606.ENSP00000351273	0	0	0.500	0	0.499
IKBKG	TAB2	9606.ENSP00000483825	9606.ENSP00000356426	0	0.734	0.500	0	0.861
IKBKG	MAP3K7	9606.ENSP00000483825	9606.ENSP00000358335	0	0.734	0.500	0	0.861
IKBKG	CHUK	9606.ENSP00000483825	9606.ENSP00000359424	0	0.734	0.900	0	0.972
IKBKG	TRAF1	9606.ENSP00000483825	9606.ENSP00000362994	0	0.409	0	0	0.408
IKBKG	TAB3	9606.ENSP00000483825	9606.ENSP00000368215	0	0.734	0.500	0	0.861
IKBKG	RELA	9606.ENSP00000483825	9606.ENSP00000384273	0	0.629	0	0	0.629
IKBKG	TNF	9606.ENSP00000483825	9606.ENSP00000398698	0	0.734	0.500	0	0.861
IKBKG	IKBKB	9606.ENSP00000483825	9606.ENSP00000430684	0	0.972	0.900	0	0.997
IKBKG	AKT1	9606.ENSP00000483825	9606.ENSP00000451828	0	0.438	0	0	0.438
IKBKG	BIRC2	9606.ENSP00000483825	9606.ENSP00000477613	0	0.457	0.500	0	0.716
IKBKG	TNFAIP3	9606.ENSP00000483825	9606.ENSP00000481570	0	0.457	0	0	0.457
IKBKG	MAP3K14	9606.ENSP00000483825	9606.ENSP00000482657	0	0.655	0	0	0.655
IL6	SOCS3	9606.ENSP00000385675	9606.ENSP00000330341	0	0	0.500	0	0.499
IRF1	BIRC3	9606.ENSP00000245414	9606.ENSP00000263464	0	0.457	0	0	0.457
ITCH	JUNB	9606.ENSP00000499786	9606.ENSP00000303315	0	0.457	0	0	0.457
ITCH	MLKL	9606.ENSP00000499786	9606.ENSP00000308351	0	0.292	0.500	0	0.630
ITCH	CFLAR	9606.ENSP00000499786	9606.ENSP00000312455	0	0.457	0	0	0.457
ITCH	MAP3K7	9606.ENSP00000499786	9606.ENSP00000358335	0	0.457	0	0	0.457
ITCH	JUN	9606.ENSP00000499786	9606.ENSP00000360266	0	0.457	0	0	0.457
JUN	MAPK1	9606.ENSP00000360266	9606.ENSP00000215832	0	0.457	0	0	0.457
JUN	ATF2	9606.ENSP00000360266	9606.ENSP00000264110	0	0.965	0.900	0	0.996
JUN	JUNB	9606.ENSP00000360266	9606.ENSP00000303315	0	0.563	0.900	0	0.954
JUN	FOS	9606.ENSP00000360266	9606.ENSP00000306245	0	0.972	0.900	0	0.997
JUN	ATF4	9606.ENSP00000360266	9606.ENSP00000336790	0	0.547	0	0	0.547
JUN	CREB5	9606.ENSP00000360266	9606.ENSP00000350359	0	0.688	0	0	0.688
JUN	MMP9	9606.ENSP00000360266	9606.ENSP00000361405	0	0.457	0	0	0.457
JUN	ITCH	9606.ENSP00000360266	9606.ENSP00000499786	0	0.457	0	0	0.457
JUN	MAPK8	9606.ENSP00000360266	9606.ENSP00000378974	0	0.511	0.900	0	0.949
JUN	MAPK9	9606.ENSP00000360266	9606.ENSP00000394560	0	0.511	0.900	0	0.949
JUNB	ATF2	9606.ENSP00000303315	9606.ENSP00000264110	0	0.670	0	0	0.670
JUNB	ATF4	9606.ENSP00000303315	9606.ENSP00000336790	0	0.421	0	0	0.420
JUNB	ITCH	9606.ENSP00000303315	9606.ENSP00000499786	0	0.457	0	0	0.457
JUNB	MAPK9	9606.ENSP00000303315	9606.ENSP00000394560	0	0.476	0	0	0.476
JUNB	CREB5	9606.ENSP00000303315	9606.ENSP00000350359	0	0.677	0	0	0.677
JUNB	FOS	9606.ENSP00000303315	9606.ENSP00000306245	0	0.676	0.900	0	0.966
JUNB	JUN	9606.ENSP00000303315	9606.ENSP00000360266	0	0.563	0.900	0	0.954
LTA	TNFRSF1A	9606.ENSP00000403495	9606.ENSP00000162749	0	0.960	0.500	0	0.979
LTA	TRAF2	9606.ENSP00000403495	9606.ENSP00000247668	0	0	0.500	0	0.499
LTA	BIRC3	9606.ENSP00000403495	9606.ENSP00000263464	0	0	0.500	0	0.499
LTA	TNFRSF1B	9606.ENSP00000403495	9606.ENSP00000365435	0	0.526	0.500	0	0.752
LTA	TRAF3	9606.ENSP00000403495	9606.ENSP00000376500	0	0	0.500	0	0.499
LTA	TNF	9606.ENSP00000403495	9606.ENSP00000398698	0	0.292	0.900	0	0.926
LTA	MAP3K14	9606.ENSP00000403495	9606.ENSP00000482657	0	0	0.500	0	0.499
LTA	BIRC2	9606.ENSP00000403495	9606.ENSP00000477613	0	0.292	0.500	0	0.630
MAP2K1	MAPK1	9606.ENSP00000302486	9606.ENSP00000215832	0	0.537	0.500	0	0.759
MAP2K1	MAPK3	9606.ENSP00000302486	9606.ENSP00000263025	0	0.537	0.900	0	0.951
MAP2K1	MAP3K8	9606.ENSP00000302486	9606.ENSP00000263056	0	0.457	0	0	0.457
MAP2K3	MAPK14	9606.ENSP00000345083	9606.ENSP00000229795	0	0.665	0	0	0.665
MAP2K3	MAPK3	9606.ENSP00000345083	9606.ENSP00000263025	0	0.493	0	0	0.493
MAP2K3	MAP3K5	9606.ENSP00000345083	9606.ENSP00000351908	0	0.457	0	0	0.457
MAP2K3	MAP2K4	9606.ENSP00000345083	9606.ENSP00000410402	0	0	0.900	0	0.900
MAP2K3	MAP2K6	9606.ENSP00000345083	9606.ENSP00000468348	0	0.657	0.900	0	0.964
MAP2K4	MAPK14	9606.ENSP00000410402	9606.ENSP00000229795	0	0.457	0	0	0.457
MAP2K4	MAP2K3	9606.ENSP00000410402	9606.ENSP00000345083	0	0	0.900	0	0.900
MAP2K4	MAP3K5	9606.ENSP00000410402	9606.ENSP00000351908	0	0.457	0	0	0.457
MAP2K4	MAP3K7	9606.ENSP00000410402	9606.ENSP00000358335	0	0.509	0	0	0.509
MAP2K4	MAPK8	9606.ENSP00000410402	9606.ENSP00000378974	0	0.745	0	0	0.745
MAP2K4	MAP2K7	9606.ENSP00000410402	9606.ENSP00000381070	0	0.457	0.900	0	0.943
MAP2K4	MAPK9	9606.ENSP00000410402	9606.ENSP00000394560	0	0.745	0	0	0.745
MAP2K4	AKT1	9606.ENSP00000410402	9606.ENSP00000451828	0	0.457	0	0	0.457
MAP2K4	MAP2K6	9606.ENSP00000410402	9606.ENSP00000468348	0	0.292	0.900	0	0.926
MAP2K6	MAPK13	9606.ENSP00000468348	9606.ENSP00000211287	0	0.348	0.900	0	0.932
MAP2K6	MAPK12	9606.ENSP00000468348	9606.ENSP00000215659	0	0.554	0.900	0	0.953
MAP2K6	MAPK1	9606.ENSP00000468348	9606.ENSP00000215832	0	0.493	0	0	0.493
MAP2K6	MAPK14	9606.ENSP00000468348	9606.ENSP00000229795	0	0.654	0.900	0	0.963
MAP2K6	MAPK11	9606.ENSP00000468348	9606.ENSP00000333685	0	0.375	0.900	0	0.934
MAP2K6	MAP2K3	9606.ENSP00000468348	9606.ENSP00000345083	0	0.657	0.900	0	0.964
MAP2K6	MAP3K5	9606.ENSP00000468348	9606.ENSP00000351908	0	0.457	0	0	0.457
MAP2K6	MAP3K7	9606.ENSP00000468348	9606.ENSP00000358335	0	0.457	0	0	0.457
MAP2K6	MAP2K4	9606.ENSP00000468348	9606.ENSP00000410402	0	0.292	0.900	0	0.926
MAP2K7	MAPK1	9606.ENSP00000381070	9606.ENSP00000215832	0	0.457	0	0	0.457
MAP2K7	MAP3K5	9606.ENSP00000381070	9606.ENSP00000351908	0	0.457	0	0	0.457
MAP2K7	MAP3K7	9606.ENSP00000381070	9606.ENSP00000358335	0	0.550	0	0	0.550
MAP2K7	MAPK8	9606.ENSP00000381070	9606.ENSP00000378974	0	0.566	0	0	0.566
MAP2K7	MAP2K4	9606.ENSP00000381070	9606.ENSP00000410402	0	0.457	0.900	0	0.943
MAP3K14	TRAF2	9606.ENSP00000482657	9606.ENSP00000247668	0	0.457	0.500	0	0.716
MAP3K14	RIPK1	9606.ENSP00000482657	9606.ENSP00000259808	0	0.457	0	0	0.457
MAP3K14	BIRC3	9606.ENSP00000482657	9606.ENSP00000263464	0	0	0.500	0	0.499
MAP3K14	CASP10	9606.ENSP00000482657	9606.ENSP00000286186	0	0.457	0	0	0.457
MAP3K14	CASP8	9606.ENSP00000482657	9606.ENSP00000351273	0	0.457	0	0	0.457
MAP3K14	MAP3K7	9606.ENSP00000482657	9606.ENSP00000358335	0	0.457	0	0	0.457
MAP3K14	CHUK	9606.ENSP00000482657	9606.ENSP00000359424	0	0.659	0.700	0	0.893
MAP3K14	TRAF1	9606.ENSP00000482657	9606.ENSP00000362994	0	0.457	0	0	0.457
MAP3K14	TNFRSF1B	9606.ENSP00000482657	9606.ENSP00000365435	0	0	0.500	0	0.499
MAP3K14	TRAF3	9606.ENSP00000482657	9606.ENSP00000376500	0	0.457	0.900	0	0.943
MAP3K14	TNF	9606.ENSP00000482657	9606.ENSP00000398698	0	0	0.500	0	0.499
MAP3K14	LTA	9606.ENSP00000482657	9606.ENSP00000403495	0	0	0.500	0	0.499
MAP3K14	IKBKB	9606.ENSP00000482657	9606.ENSP00000430684	0	0.690	0	0	0.690
MAP3K14	BIRC2	9606.ENSP00000482657	9606.ENSP00000477613	0	0.457	0.500	0	0.716
MAP3K14	IKBKG	9606.ENSP00000482657	9606.ENSP00000483825	0	0.655	0	0	0.655
MAP3K5	TRAF2	9606.ENSP00000351908	9606.ENSP00000247668	0	0.457	0.720	0	0.841
MAP3K5	DAB2IP	9606.ENSP00000351908	9606.ENSP00000259371	0	0.457	0	0	0.457
MAP3K5	TRAF5	9606.ENSP00000351908	9606.ENSP00000261464	0	0.457	0	0	0.457
MAP3K5	MAP2K3	9606.ENSP00000351908	9606.ENSP00000345083	0	0.457	0	0	0.457
MAP3K5	MAP2K7	9606.ENSP00000351908	9606.ENSP00000381070	0	0.457	0	0	0.457
MAP3K5	MAP3K7	9606.ENSP00000351908	9606.ENSP00000358335	0	0.457	0	0	0.457
MAP3K5	TRAF3	9606.ENSP00000351908	9606.ENSP00000376500	0	0.457	0	0	0.457
MAP3K5	TNFAIP3	9606.ENSP00000351908	9606.ENSP00000481570	0	0.457	0	0	0.457
MAP3K5	FAS	9606.ENSP00000351908	9606.ENSP00000498466	0	0.657	0	0	0.657
MAP3K5	MAP2K6	9606.ENSP00000351908	9606.ENSP00000468348	0	0.457	0	0	0.457
MAP3K5	TRAF1	9606.ENSP00000351908	9606.ENSP00000362994	0	0.457	0	0	0.457
MAP3K5	MAP2K4	9606.ENSP00000351908	9606.ENSP00000410402	0	0.457	0	0	0.457
MAP3K7	TNFRSF1A	9606.ENSP00000358335	9606.ENSP00000162749	0	0.734	0.500	0	0.861
MAP3K7	TAB1	9606.ENSP00000358335	9606.ENSP00000216160	0	0.735	0.900	0	0.972
MAP3K7	TRAF2	9606.ENSP00000358335	9606.ENSP00000247668	0	0.563	0.500	0	0.772
MAP3K7	RIPK1	9606.ENSP00000358335	9606.ENSP00000259808	0	0.457	0.500	0	0.716
MAP3K7	BIRC3	9606.ENSP00000358335	9606.ENSP00000263464	0	0.159	0.500	0	0.561
MAP3K7	NOD2	9606.ENSP00000358335	9606.ENSP00000300589	0	0.457	0.500	0	0.716
MAP3K7	TRADD	9606.ENSP00000358335	9606.ENSP00000341268	0	0	0.500	0	0.499
MAP3K7	MAP3K5	9606.ENSP00000358335	9606.ENSP00000351908	0	0.457	0	0	0.457
MAP3K7	TAB2	9606.ENSP00000358335	9606.ENSP00000356426	0	0.734	0.900	0	0.972
MAP3K7	MAPK8	9606.ENSP00000358335	9606.ENSP00000378974	0	0.457	0	0	0.457
MAP3K7	MAP3K14	9606.ENSP00000358335	9606.ENSP00000482657	0	0.457	0	0	0.457
MAP3K7	MAP2K4	9606.ENSP00000358335	9606.ENSP00000410402	0	0.509	0	0	0.509
MAP3K7	RELA	9606.ENSP00000358335	9606.ENSP00000384273	0	0.596	0	0	0.596
MAP3K7	MAP2K6	9606.ENSP00000358335	9606.ENSP00000468348	0	0.457	0	0	0.457
MAP3K7	ITCH	9606.ENSP00000358335	9606.ENSP00000499786	0	0.457	0	0	0.457
MAP3K7	MAP2K7	9606.ENSP00000358335	9606.ENSP00000381070	0	0.550	0	0	0.550
MAP3K7	BIRC2	9606.ENSP00000358335	9606.ENSP00000477613	0	0.159	0.500	0	0.561
MAP3K7	IKBKB	9606.ENSP00000358335	9606.ENSP00000430684	0	0.457	0.500	0	0.716
MAP3K7	TNF	9606.ENSP00000358335	9606.ENSP00000398698	0	0.734	0.500	0	0.861
MAP3K7	CHUK	9606.ENSP00000358335	9606.ENSP00000359424	0	0.542	0.500	0	0.761
MAP3K7	IKBKG	9606.ENSP00000358335	9606.ENSP00000483825	0	0.734	0.500	0	0.861
MAP3K7	TAB3	9606.ENSP00000358335	9606.ENSP00000368215	0	0.621	0.900	0	0.960
MAP3K8	NFKB1	9606.ENSP00000263056	9606.ENSP00000226574	0	0.693	0.800	0	0.935
MAP3K8	TRAF2	9606.ENSP00000263056	9606.ENSP00000247668	0	0.457	0	0	0.457
MAP3K8	MAP2K1	9606.ENSP00000263056	9606.ENSP00000302486	0	0.457	0	0	0.457
MAP3K8	RELA	9606.ENSP00000263056	9606.ENSP00000384273	0	0.551	0	0	0.551
MAPK1	TNFRSF1A	9606.ENSP00000215832	9606.ENSP00000162749	0	0.457	0	0	0.457
MAPK1	RPS6KA4	9606.ENSP00000215832	9606.ENSP00000333896	0	0.457	0	0	0.457
MAPK1	DNM1L	9606.ENSP00000215832	9606.ENSP00000449089	0	0.457	0	0	0.457
MAPK1	MAP2K7	9606.ENSP00000215832	9606.ENSP00000381070	0	0.457	0	0	0.457
MAPK1	MAP2K6	9606.ENSP00000215832	9606.ENSP00000468348	0	0.493	0	0	0.493
MAPK1	ATF2	9606.ENSP00000215832	9606.ENSP00000264110	0	0.539	0	0	0.539
MAPK1	MAPK14	9606.ENSP00000215832	9606.ENSP00000229795	0	0.457	0	0	0.457
MAPK1	JUN	9606.ENSP00000215832	9606.ENSP00000360266	0	0.457	0	0	0.457
MAPK1	MAP2K1	9606.ENSP00000215832	9606.ENSP00000302486	0	0.537	0.500	0	0.759
MAPK1	MAPK3	9606.ENSP00000215832	9606.ENSP00000263025	0	0.633	0.900	0	0.961
MAPK11	TAB1	9606.ENSP00000333685	9606.ENSP00000216160	0	0.453	0	0	0.453
MAPK11	ATF2	9606.ENSP00000333685	9606.ENSP00000264110	0	0.613	0	0	0.613
MAPK11	MAP2K6	9606.ENSP00000333685	9606.ENSP00000468348	0	0.375	0.900	0	0.934
MAPK12	MAPK13	9606.ENSP00000215659	9606.ENSP00000211287	0	0.555	0	0	0.555
MAPK12	MAP2K6	9606.ENSP00000215659	9606.ENSP00000468348	0	0.554	0.900	0	0.953
MAPK13	ATF2	9606.ENSP00000211287	9606.ENSP00000264110	0	0.555	0	0	0.555
MAPK13	MAPK12	9606.ENSP00000211287	9606.ENSP00000215659	0	0.555	0	0	0.555
MAPK13	MAP2K6	9606.ENSP00000211287	9606.ENSP00000468348	0	0.348	0.900	0	0.932
MAPK14	MAPK1	9606.ENSP00000229795	9606.ENSP00000215832	0	0.457	0	0	0.457
MAPK14	TAB1	9606.ENSP00000229795	9606.ENSP00000216160	0	0.956	0	0	0.956
MAPK14	NFKBIA	9606.ENSP00000229795	9606.ENSP00000216797	0	0.421	0	0	0.420
MAPK14	IKBKB	9606.ENSP00000229795	9606.ENSP00000430684	0	0.421	0	0	0.420
MAPK14	RPS6KA5	9606.ENSP00000229795	9606.ENSP00000479667	0	0.457	0	0	0.457
MAPK14	RPS6KA4	9606.ENSP00000229795	9606.ENSP00000333896	0	0.457	0	0	0.457
MAPK14	AKT1	9606.ENSP00000229795	9606.ENSP00000451828	0	0.528	0	0	0.528
MAPK14	ATF2	9606.ENSP00000229795	9606.ENSP00000264110	0	0.613	0	0	0.613
MAPK14	MAP2K4	9606.ENSP00000229795	9606.ENSP00000410402	0	0.457	0	0	0.457
MAPK14	MAPK3	9606.ENSP00000229795	9606.ENSP00000263025	0	0.597	0	0	0.597
MAPK14	MAP2K3	9606.ENSP00000229795	9606.ENSP00000345083	0	0.665	0	0	0.665
MAPK14	MAP2K6	9606.ENSP00000229795	9606.ENSP00000468348	0	0.654	0.900	0	0.963
MAPK3	MAPK1	9606.ENSP00000263025	9606.ENSP00000215832	0	0.633	0.900	0	0.961
MAPK3	MAPK14	9606.ENSP00000263025	9606.ENSP00000229795	0	0.597	0	0	0.597
MAPK3	ATF2	9606.ENSP00000263025	9606.ENSP00000264110	0	0.498	0	0	0.498
MAPK3	MAP2K3	9606.ENSP00000263025	9606.ENSP00000345083	0	0.493	0	0	0.493
MAPK3	MAP2K1	9606.ENSP00000263025	9606.ENSP00000302486	0	0.537	0.900	0	0.951
MAPK8	TNFRSF1A	9606.ENSP00000378974	9606.ENSP00000162749	0	0.448	0	0	0.448
MAPK8	ATF2	9606.ENSP00000378974	9606.ENSP00000264110	0	0.943	0	0	0.943
MAPK8	CASP10	9606.ENSP00000378974	9606.ENSP00000286186	0	0.448	0	0	0.448
MAPK8	FADD	9606.ENSP00000378974	9606.ENSP00000301838	0	0.448	0	0	0.448
MAPK8	CASP8	9606.ENSP00000378974	9606.ENSP00000351273	0	0.448	0	0	0.448
MAPK8	MAP3K7	9606.ENSP00000378974	9606.ENSP00000358335	0	0.457	0	0	0.457
MAPK8	JUN	9606.ENSP00000378974	9606.ENSP00000360266	0	0.511	0.900	0	0.949
MAPK8	PIK3R1	9606.ENSP00000378974	9606.ENSP00000428056	0	0.457	0	0	0.457
MAPK8	MAP2K7	9606.ENSP00000378974	9606.ENSP00000381070	0	0.566	0	0	0.566
MAPK8	FAS	9606.ENSP00000378974	9606.ENSP00000498466	0	0.657	0	0	0.657
MAPK8	MAP2K4	9606.ENSP00000378974	9606.ENSP00000410402	0	0.745	0	0	0.745
MAPK8	MAPK9	9606.ENSP00000378974	9606.ENSP00000394560	0	0.734	0.900	0	0.972
MAPK9	ATF2	9606.ENSP00000394560	9606.ENSP00000264110	0	0.457	0	0	0.457
MAPK9	JUNB	9606.ENSP00000394560	9606.ENSP00000303315	0	0.476	0	0	0.476
MAPK9	JUN	9606.ENSP00000394560	9606.ENSP00000360266	0	0.511	0.900	0	0.949
MAPK9	MAPK8	9606.ENSP00000394560	9606.ENSP00000378974	0	0.734	0.900	0	0.972
MAPK9	MAP2K4	9606.ENSP00000394560	9606.ENSP00000410402	0	0.745	0	0	0.745
MLKL	RIPK3	9606.ENSP00000308351	9606.ENSP00000216274	0	0.972	0	0	0.972
MLKL	ITCH	9606.ENSP00000308351	9606.ENSP00000499786	0	0.292	0.500	0	0.630
MLKL	TNF	9606.ENSP00000308351	9606.ENSP00000398698	0	0.734	0	0	0.734
MMP3	MMP9	9606.ENSP00000299855	9606.ENSP00000361405	0	0	0.900	0	0.900
MMP9	MMP3	9606.ENSP00000361405	9606.ENSP00000299855	0	0	0.900	0	0.900
MMP9	JUN	9606.ENSP00000361405	9606.ENSP00000360266	0	0.457	0	0	0.457
NFKB1	BCL3	9606.ENSP00000226574	9606.ENSP00000164227	0	0.457	0.900	0	0.943
NFKB1	NFKBIA	9606.ENSP00000226574	9606.ENSP00000216797	0	0.960	0.900	0	0.995
NFKB1	CEBPB	9606.ENSP00000226574	9606.ENSP00000305422	0	0.292	0.500	0	0.630
NFKB1	BIRC3	9606.ENSP00000226574	9606.ENSP00000263464	0	0.596	0	0	0.596
NFKB1	CHUK	9606.ENSP00000226574	9606.ENSP00000359424	0	0.631	0	0	0.631
NFKB1	IKBKG	9606.ENSP00000226574	9606.ENSP00000483825	0	0.675	0	0	0.675
NFKB1	IKBKB	9606.ENSP00000226574	9606.ENSP00000430684	0	0.657	0	0	0.657
NFKB1	MAP3K8	9606.ENSP00000226574	9606.ENSP00000263056	0	0.693	0.800	0	0.935
NFKB1	RELA	9606.ENSP00000226574	9606.ENSP00000384273	0	0.959	0.900	0	0.995
NFKBIA	BCL3	9606.ENSP00000216797	9606.ENSP00000164227	0	0	0.720	0	0.720
NFKBIA	MAPK14	9606.ENSP00000216797	9606.ENSP00000229795	0	0.421	0	0	0.420
NFKBIA	CHUK	9606.ENSP00000216797	9606.ENSP00000359424	0	0.520	0	0	0.520
NFKBIA	IKBKG	9606.ENSP00000216797	9606.ENSP00000483825	0	0.457	0	0	0.457
NFKBIA	IKBKB	9606.ENSP00000216797	9606.ENSP00000430684	0	0.564	0	0	0.564
NFKBIA	RELA	9606.ENSP00000216797	9606.ENSP00000384273	0	0.967	0.800	0	0.993
NFKBIA	NFKB1	9606.ENSP00000216797	9606.ENSP00000226574	0	0.960	0.900	0	0.995
NOD2	TAB1	9606.ENSP00000300589	9606.ENSP00000216160	0	0	0.500	0	0.499
NOD2	TNFAIP3	9606.ENSP00000300589	9606.ENSP00000481570	0	0.497	0	0	0.497
NOD2	TAB3	9606.ENSP00000300589	9606.ENSP00000368215	0	0	0.500	0	0.499
NOD2	TAB2	9606.ENSP00000300589	9606.ENSP00000356426	0	0	0.500	0	0.499
NOD2	IKBKG	9606.ENSP00000300589	9606.ENSP00000483825	0	0.292	0.500	0	0.630
NOD2	MAP3K7	9606.ENSP00000300589	9606.ENSP00000358335	0	0.457	0.500	0	0.716
PIK3CA	PIK3R2	9606.ENSP00000263967	9606.ENSP00000222254	0	0.611	0.922	0	0.968
PIK3CA	PIK3R3	9606.ENSP00000263967	9606.ENSP00000262741	0	0.635	0.944	0	0.978
PIK3CA	CSF2	9606.ENSP00000263967	9606.ENSP00000296871	0	0	0.400	0	0.400
PIK3CA	CSF1	9606.ENSP00000263967	9606.ENSP00000327513	0	0	0.500	0	0.499
PIK3CA	AKT1	9606.ENSP00000263967	9606.ENSP00000451828	0	0.457	0	0	0.457
PIK3CA	SOCS3	9606.ENSP00000263967	9606.ENSP00000330341	0	0	0.540	0	0.540
PIK3CA	BAG4	9606.ENSP00000263967	9606.ENSP00000287322	0	0	0.500	0	0.499
PIK3CA	PIK3CB	9606.ENSP00000263967	9606.ENSP00000501150	0	0	0.900	0	0.900
PIK3CA	PIK3CD	9606.ENSP00000263967	9606.ENSP00000366563	0	0	0.900	0	0.900
PIK3CA	PIK3R1	9606.ENSP00000263967	9606.ENSP00000428056	0	0.963	0.967	0	0.998
PIK3CB	PIK3R2	9606.ENSP00000501150	9606.ENSP00000222254	0	0.766	0.904	0	0.976
PIK3CB	PIK3R3	9606.ENSP00000501150	9606.ENSP00000262741	0	0.659	0.904	0	0.966
PIK3CB	PIK3CA	9606.ENSP00000501150	9606.ENSP00000263967	0	0	0.900	0	0.900
PIK3CB	CSF2	9606.ENSP00000501150	9606.ENSP00000296871	0	0	0.400	0	0.400
PIK3CB	CSF1	9606.ENSP00000501150	9606.ENSP00000327513	0	0	0.500	0	0.499
PIK3CB	SOCS3	9606.ENSP00000501150	9606.ENSP00000330341	0	0	0.540	0	0.540
PIK3CB	PIK3CD	9606.ENSP00000501150	9606.ENSP00000366563	0	0	0.900	0	0.900
PIK3CB	PIK3R1	9606.ENSP00000501150	9606.ENSP00000428056	0	0.678	0.904	0	0.968
PIK3CD	PIK3R2	9606.ENSP00000366563	9606.ENSP00000222254	0	0.417	0.904	0	0.942
PIK3CD	PIK3R3	9606.ENSP00000366563	9606.ENSP00000262741	0	0.443	0.904	0	0.944
PIK3CD	PIK3CA	9606.ENSP00000366563	9606.ENSP00000263967	0	0	0.900	0	0.900
PIK3CD	CSF2	9606.ENSP00000366563	9606.ENSP00000296871	0	0	0.400	0	0.400
PIK3CD	SOCS3	9606.ENSP00000366563	9606.ENSP00000330341	0	0	0.540	0	0.540
PIK3CD	PIK3CB	9606.ENSP00000366563	9606.ENSP00000501150	0	0	0.900	0	0.900
PIK3CD	PIK3R1	9606.ENSP00000366563	9606.ENSP00000428056	0	0.947	0.904	0	0.994
PIK3R1	PIK3R2	9606.ENSP00000428056	9606.ENSP00000222254	0	0.669	0.900	0	0.965
PIK3R1	PIK3R3	9606.ENSP00000428056	9606.ENSP00000262741	0	0.661	0.944	0	0.980
PIK3R1	PIK3CA	9606.ENSP00000428056	9606.ENSP00000263967	0	0.963	0.967	0	0.998
PIK3R1	BAG4	9606.ENSP00000428056	9606.ENSP00000287322	0	0	0.500	0	0.499
PIK3R1	CSF2	9606.ENSP00000428056	9606.ENSP00000296871	0	0	0.400	0	0.400
PIK3R1	CSF1	9606.ENSP00000428056	9606.ENSP00000327513	0	0	0.500	0	0.499
PIK3R1	SOCS3	9606.ENSP00000428056	9606.ENSP00000330341	0	0	0.540	0	0.540
PIK3R1	PIK3CD	9606.ENSP00000428056	9606.ENSP00000366563	0	0.947	0.904	0	0.994
PIK3R1	MAPK8	9606.ENSP00000428056	9606.ENSP00000378974	0	0.457	0	0	0.457
PIK3R1	AKT1	9606.ENSP00000428056	9606.ENSP00000451828	0	0.476	0	0	0.476
PIK3R1	PIK3CB	9606.ENSP00000428056	9606.ENSP00000501150	0	0.678	0.904	0	0.968
PIK3R2	CSF2	9606.ENSP00000222254	9606.ENSP00000296871	0	0	0.400	0	0.400
PIK3R2	SOCS3	9606.ENSP00000222254	9606.ENSP00000330341	0	0	0.540	0	0.540
PIK3R2	PIK3R1	9606.ENSP00000222254	9606.ENSP00000428056	0	0.669	0.900	0	0.965
PIK3R2	PIK3R3	9606.ENSP00000222254	9606.ENSP00000262741	0	0.654	0.900	0	0.963
PIK3R2	PIK3CA	9606.ENSP00000222254	9606.ENSP00000263967	0	0.611	0.922	0	0.968
PIK3R2	PIK3CB	9606.ENSP00000222254	9606.ENSP00000501150	0	0.766	0.904	0	0.976
PIK3R2	PIK3CD	9606.ENSP00000222254	9606.ENSP00000366563	0	0.417	0.904	0	0.942
PIK3R3	PIK3R2	9606.ENSP00000262741	9606.ENSP00000222254	0	0.654	0.900	0	0.963
PIK3R3	CSF2	9606.ENSP00000262741	9606.ENSP00000296871	0	0	0.400	0	0.400
PIK3R3	SOCS3	9606.ENSP00000262741	9606.ENSP00000330341	0	0	0.540	0	0.540
PIK3R3	PIK3R1	9606.ENSP00000262741	9606.ENSP00000428056	0	0.661	0.944	0	0.980
PIK3R3	PIK3CB	9606.ENSP00000262741	9606.ENSP00000501150	0	0.659	0.904	0	0.966
PIK3R3	PIK3CD	9606.ENSP00000262741	9606.ENSP00000366563	0	0.443	0.904	0	0.944
PIK3R3	PIK3CA	9606.ENSP00000262741	9606.ENSP00000263967	0	0.635	0.944	0	0.978
RELA	NFKBIA	9606.ENSP00000384273	9606.ENSP00000216797	0	0.967	0.800	0	0.993
RELA	CCL2	9606.ENSP00000384273	9606.ENSP00000225831	0	0.457	0	0	0.457
RELA	NFKB1	9606.ENSP00000384273	9606.ENSP00000226574	0	0.959	0.900	0	0.995
RELA	MAP3K8	9606.ENSP00000384273	9606.ENSP00000263056	0	0.551	0	0	0.551
RELA	BIRC3	9606.ENSP00000384273	9606.ENSP00000263464	0	0.457	0	0	0.457
RELA	ICAM1	9606.ENSP00000384273	9606.ENSP00000264832	0	0.457	0	0	0.457
RELA	CEBPB	9606.ENSP00000384273	9606.ENSP00000305422	0	0.457	0.500	0	0.716
RELA	FOS	9606.ENSP00000384273	9606.ENSP00000306245	0	0.483	0	0	0.483
RELA	SOCS3	9606.ENSP00000384273	9606.ENSP00000330341	0	0.457	0	0	0.457
RELA	MAP3K7	9606.ENSP00000384273	9606.ENSP00000358335	0	0.596	0	0	0.596
RELA	CHUK	9606.ENSP00000384273	9606.ENSP00000359424	0	0.599	0	0	0.599
RELA	BIRC2	9606.ENSP00000384273	9606.ENSP00000477613	0	0.457	0	0	0.457
RELA	RPS6KA5	9606.ENSP00000384273	9606.ENSP00000479667	0	0.542	0	0	0.542
RELA	TNF	9606.ENSP00000384273	9606.ENSP00000398698	0	0.457	0	0	0.457
RELA	IKBKG	9606.ENSP00000384273	9606.ENSP00000483825	0	0.629	0	0	0.629
RELA	IKBKB	9606.ENSP00000384273	9606.ENSP00000430684	0	0.591	0	0	0.591
RIPK1	TNFRSF1A	9606.ENSP00000259808	9606.ENSP00000162749	0	0.734	0.500	0	0.861
RIPK1	TAB1	9606.ENSP00000259808	9606.ENSP00000216160	0	0.374	0.500	0	0.673
RIPK1	RIPK3	9606.ENSP00000259808	9606.ENSP00000216274	0	0.972	0.900	0	0.997
RIPK1	TRAF2	9606.ENSP00000259808	9606.ENSP00000247668	0	0.734	0.800	0	0.944
RIPK1	DAB2IP	9606.ENSP00000259808	9606.ENSP00000259371	0	0.457	0	0	0.457
RIPK1	MAP3K14	9606.ENSP00000259808	9606.ENSP00000482657	0	0.457	0	0	0.457
RIPK1	TAB3	9606.ENSP00000259808	9606.ENSP00000368215	0	0	0.500	0	0.499
RIPK1	IKBKB	9606.ENSP00000259808	9606.ENSP00000430684	0	0.457	0.500	0	0.716
RIPK1	FAS	9606.ENSP00000259808	9606.ENSP00000498466	0	0.230	0.720	0	0.775
RIPK1	TNFAIP3	9606.ENSP00000259808	9606.ENSP00000481570	0	0.457	0.900	0	0.943
RIPK1	TRAF1	9606.ENSP00000259808	9606.ENSP00000362994	0	0.457	0.800	0	0.886
RIPK1	MAP3K7	9606.ENSP00000259808	9606.ENSP00000358335	0	0.457	0.500	0	0.716
RIPK1	TNF	9606.ENSP00000259808	9606.ENSP00000398698	0	0.734	0.500	0	0.861
RIPK1	CHUK	9606.ENSP00000259808	9606.ENSP00000359424	0	0.457	0.500	0	0.716
RIPK1	CASP10	9606.ENSP00000259808	9606.ENSP00000286186	0	0.457	0.900	0	0.943
RIPK1	TAB2	9606.ENSP00000259808	9606.ENSP00000356426	0	0.734	0.500	0	0.861
RIPK1	BIRC2	9606.ENSP00000259808	9606.ENSP00000477613	0	0.457	0.800	0	0.886
RIPK1	BIRC3	9606.ENSP00000259808	9606.ENSP00000263464	0	0.457	0.800	0	0.886
RIPK1	IKBKG	9606.ENSP00000259808	9606.ENSP00000483825	0	0.734	0.500	0	0.861
RIPK1	TRAF5	9606.ENSP00000259808	9606.ENSP00000261464	0	0.457	0.800	0	0.886
RIPK1	CFLAR	9606.ENSP00000259808	9606.ENSP00000312455	0	0.457	0.900	0	0.943
RIPK1	TRADD	9606.ENSP00000259808	9606.ENSP00000341268	0	0.734	0.900	0	0.972
RIPK1	CASP8	9606.ENSP00000259808	9606.ENSP00000351273	0	0.564	0.900	0	0.954
RIPK1	FADD	9606.ENSP00000259808	9606.ENSP00000301838	0	0.457	0.900	0	0.943
RIPK3	TNF	9606.ENSP00000216274	9606.ENSP00000398698	0	0.734	0	0	0.734
RIPK3	FADD	9606.ENSP00000216274	9606.ENSP00000301838	0	0.734	0	0	0.734
RIPK3	CASP8	9606.ENSP00000216274	9606.ENSP00000351273	0	0.734	0	0	0.734
RIPK3	RIPK1	9606.ENSP00000216274	9606.ENSP00000259808	0	0.972	0.900	0	0.997
RIPK3	MLKL	9606.ENSP00000216274	9606.ENSP00000308351	0	0.972	0	0	0.972
RPS6KA4	MAPK1	9606.ENSP00000333896	9606.ENSP00000215832	0	0.457	0	0	0.457
RPS6KA4	MAPK14	9606.ENSP00000333896	9606.ENSP00000229795	0	0.457	0	0	0.457
RPS6KA4	RPS6KA5	9606.ENSP00000333896	9606.ENSP00000479667	0	0	0.900	0	0.900
RPS6KA5	MAPK14	9606.ENSP00000479667	9606.ENSP00000229795	0	0.457	0	0	0.457
RPS6KA5	ATF2	9606.ENSP00000479667	9606.ENSP00000264110	0	0.402	0	0	0.402
RPS6KA5	RPS6KA4	9606.ENSP00000479667	9606.ENSP00000333896	0	0	0.900	0	0.900
RPS6KA5	RELA	9606.ENSP00000479667	9606.ENSP00000384273	0	0.542	0	0	0.542
RPS6KA5	CREB1	9606.ENSP00000479667	9606.ENSP00000387699	0	0.457	0	0	0.457
SOCS3	PIK3R2	9606.ENSP00000330341	9606.ENSP00000222254	0	0	0.540	0	0.540
SOCS3	PIK3R3	9606.ENSP00000330341	9606.ENSP00000262741	0	0	0.540	0	0.540
SOCS3	PIK3CA	9606.ENSP00000330341	9606.ENSP00000263967	0	0	0.540	0	0.540
SOCS3	RELA	9606.ENSP00000330341	9606.ENSP00000384273	0	0.457	0	0	0.457
SOCS3	IFNB1	9606.ENSP00000330341	9606.ENSP00000369581	0	0	0.500	0	0.499
SOCS3	IL6	9606.ENSP00000330341	9606.ENSP00000385675	0	0	0.500	0	0.499
SOCS3	PIK3R1	9606.ENSP00000330341	9606.ENSP00000428056	0	0	0.540	0	0.540
SOCS3	PIK3CD	9606.ENSP00000330341	9606.ENSP00000366563	0	0	0.540	0	0.540
SOCS3	PIK3CB	9606.ENSP00000330341	9606.ENSP00000501150	0	0	0.540	0	0.540
TAB1	TNFRSF1A	9606.ENSP00000216160	9606.ENSP00000162749	0	0	0.500	0	0.499
TAB1	MAPK11	9606.ENSP00000216160	9606.ENSP00000333685	0	0.453	0	0	0.453
TAB1	NOD2	9606.ENSP00000216160	9606.ENSP00000300589	0	0	0.500	0	0.499
TAB1	BIRC2	9606.ENSP00000216160	9606.ENSP00000477613	0	0	0.500	0	0.499
TAB1	BIRC3	9606.ENSP00000216160	9606.ENSP00000263464	0	0.215	0.500	0	0.590
TAB1	TRADD	9606.ENSP00000216160	9606.ENSP00000341268	0	0	0.500	0	0.499
TAB1	TRAF2	9606.ENSP00000216160	9606.ENSP00000247668	0	0.421	0.500	0	0.698
TAB1	RIPK1	9606.ENSP00000216160	9606.ENSP00000259808	0	0.374	0.500	0	0.673
TAB1	TNF	9606.ENSP00000216160	9606.ENSP00000398698	0	0.734	0.500	0	0.861
TAB1	IKBKG	9606.ENSP00000216160	9606.ENSP00000483825	0	0.734	0.500	0	0.861
TAB1	MAPK14	9606.ENSP00000216160	9606.ENSP00000229795	0	0.956	0	0	0.956
TAB1	TAB3	9606.ENSP00000216160	9606.ENSP00000368215	0	0.621	0.900	0	0.960
TAB1	TAB2	9606.ENSP00000216160	9606.ENSP00000356426	0	0.639	0.900	0	0.962
TAB1	MAP3K7	9606.ENSP00000216160	9606.ENSP00000358335	0	0.735	0.900	0	0.972
TAB2	TNFRSF1A	9606.ENSP00000356426	9606.ENSP00000162749	0	0.734	0.500	0	0.861
TAB2	TAB1	9606.ENSP00000356426	9606.ENSP00000216160	0	0.639	0.900	0	0.962
TAB2	TRAF2	9606.ENSP00000356426	9606.ENSP00000247668	0	0.457	0.500	0	0.716
TAB2	RIPK1	9606.ENSP00000356426	9606.ENSP00000259808	0	0.734	0.500	0	0.861
TAB2	BIRC3	9606.ENSP00000356426	9606.ENSP00000263464	0	0	0.500	0	0.499
TAB2	NOD2	9606.ENSP00000356426	9606.ENSP00000300589	0	0	0.500	0	0.499
TAB2	TRADD	9606.ENSP00000356426	9606.ENSP00000341268	0	0	0.500	0	0.499
TAB2	BIRC2	9606.ENSP00000356426	9606.ENSP00000477613	0	0	0.500	0	0.499
TAB2	TNF	9606.ENSP00000356426	9606.ENSP00000398698	0	0.734	0.500	0	0.861
TAB2	IKBKG	9606.ENSP00000356426	9606.ENSP00000483825	0	0.734	0.500	0	0.861
TAB2	TAB3	9606.ENSP00000356426	9606.ENSP00000368215	0	0.621	0.900	0	0.960
TAB2	MAP3K7	9606.ENSP00000356426	9606.ENSP00000358335	0	0.734	0.900	0	0.972
TAB3	TNFRSF1A	9606.ENSP00000368215	9606.ENSP00000162749	0	0	0.500	0	0.499
TAB3	TAB1	9606.ENSP00000368215	9606.ENSP00000216160	0	0.621	0.900	0	0.960
TAB3	TRAF2	9606.ENSP00000368215	9606.ENSP00000247668	0	0.292	0.500	0	0.630
TAB3	RIPK1	9606.ENSP00000368215	9606.ENSP00000259808	0	0	0.500	0	0.499
TAB3	BIRC3	9606.ENSP00000368215	9606.ENSP00000263464	0	0	0.500	0	0.499
TAB3	NOD2	9606.ENSP00000368215	9606.ENSP00000300589	0	0	0.500	0	0.499
TAB3	TRADD	9606.ENSP00000368215	9606.ENSP00000341268	0	0	0.500	0	0.499
TAB3	TAB2	9606.ENSP00000368215	9606.ENSP00000356426	0	0.621	0.900	0	0.960
TAB3	MAP3K7	9606.ENSP00000368215	9606.ENSP00000358335	0	0.621	0.900	0	0.960
TAB3	BIRC2	9606.ENSP00000368215	9606.ENSP00000477613	0	0	0.500	0	0.499
TAB3	TNF	9606.ENSP00000368215	9606.ENSP00000398698	0	0.625	0.500	0	0.804
TAB3	IKBKG	9606.ENSP00000368215	9606.ENSP00000483825	0	0.734	0.500	0	0.861
TNF	TNFRSF1A	9606.ENSP00000398698	9606.ENSP00000162749	0	0.972	0.900	0	0.997
TNF	TAB1	9606.ENSP00000398698	9606.ENSP00000216160	0	0.734	0.500	0	0.861
TNF	RIPK3	9606.ENSP00000398698	9606.ENSP00000216274	0	0.734	0	0	0.734
TNF	TRAF2	9606.ENSP00000398698	9606.ENSP00000247668	0	0.734	0.500	0	0.861
TNF	RIPK1	9606.ENSP00000398698	9606.ENSP00000259808	0	0.734	0.500	0	0.861
TNF	BIRC3	9606.ENSP00000398698	9606.ENSP00000263464	0	0.457	0.500	0	0.716
TNF	MLKL	9606.ENSP00000398698	9606.ENSP00000308351	0	0.734	0	0	0.734
TNF	TRADD	9606.ENSP00000398698	9606.ENSP00000341268	0	0.734	0.500	0	0.861
TNF	CASP8	9606.ENSP00000398698	9606.ENSP00000351273	0	0.734	0	0	0.734
TNF	TAB2	9606.ENSP00000398698	9606.ENSP00000356426	0	0.734	0.500	0	0.861
TNF	MAP3K7	9606.ENSP00000398698	9606.ENSP00000358335	0	0.734	0.500	0	0.861
TNF	CHUK	9606.ENSP00000398698	9606.ENSP00000359424	0	0.734	0.500	0	0.861
TNF	TRAF1	9606.ENSP00000398698	9606.ENSP00000362994	0	0	0.500	0	0.499
TNF	TNFRSF1B	9606.ENSP00000398698	9606.ENSP00000365435	0	0.972	0.700	0	0.991
TNF	TAB3	9606.ENSP00000398698	9606.ENSP00000368215	0	0.625	0.500	0	0.804
TNF	TRAF3	9606.ENSP00000398698	9606.ENSP00000376500	0	0.625	0.500	0	0.804
TNF	RELA	9606.ENSP00000398698	9606.ENSP00000384273	0	0.457	0	0	0.457
TNF	MAP3K14	9606.ENSP00000398698	9606.ENSP00000482657	0	0	0.500	0	0.499
TNF	TNFAIP3	9606.ENSP00000398698	9606.ENSP00000481570	0	0.734	0.500	0	0.861
TNF	BIRC2	9606.ENSP00000398698	9606.ENSP00000477613	0	0.734	0.500	0	0.861
TNF	IKBKG	9606.ENSP00000398698	9606.ENSP00000483825	0	0.734	0.500	0	0.861
TNF	IKBKB	9606.ENSP00000398698	9606.ENSP00000430684	0	0.734	0.500	0	0.861
TNF	LTA	9606.ENSP00000398698	9606.ENSP00000403495	0	0.292	0.900	0	0.926
TNFAIP3	TNFRSF1A	9606.ENSP00000481570	9606.ENSP00000162749	0	0.734	0.500	0	0.861
TNFAIP3	TRAF2	9606.ENSP00000481570	9606.ENSP00000247668	0	0.457	0.500	0	0.716
TNFAIP3	RIPK1	9606.ENSP00000481570	9606.ENSP00000259808	0	0.457	0.900	0	0.943
TNFAIP3	BIRC3	9606.ENSP00000481570	9606.ENSP00000263464	0	0.292	0.500	0	0.630
TNFAIP3	NOD2	9606.ENSP00000481570	9606.ENSP00000300589	0	0.497	0	0	0.497
TNFAIP3	FADD	9606.ENSP00000481570	9606.ENSP00000301838	0	0.457	0	0	0.457
TNFAIP3	TRADD	9606.ENSP00000481570	9606.ENSP00000341268	0	0.225	0.500	0	0.595
TNFAIP3	CASP8	9606.ENSP00000481570	9606.ENSP00000351273	0	0.457	0	0	0.457
TNFAIP3	MAP3K5	9606.ENSP00000481570	9606.ENSP00000351908	0	0.457	0	0	0.457
TNFAIP3	TRAF1	9606.ENSP00000481570	9606.ENSP00000362994	0	0.457	0	0	0.457
TNFAIP3	TNF	9606.ENSP00000481570	9606.ENSP00000398698	0	0.734	0.500	0	0.861
TNFAIP3	IKBKB	9606.ENSP00000481570	9606.ENSP00000430684	0	0.457	0	0	0.457
TNFAIP3	BIRC2	9606.ENSP00000481570	9606.ENSP00000477613	0	0.457	0.500	0	0.716
TNFAIP3	IKBKG	9606.ENSP00000481570	9606.ENSP00000483825	0	0.457	0	0	0.457
TNFRSF1A	CASP7	9606.ENSP00000162749	9606.ENSP00000358327	0	0.423	0	0	0.422
TNFRSF1A	MAPK8	9606.ENSP00000162749	9606.ENSP00000378974	0	0.448	0	0	0.448
TNFRSF1A	MAPK1	9606.ENSP00000162749	9606.ENSP00000215832	0	0.457	0	0	0.457
TNFRSF1A	TAB3	9606.ENSP00000162749	9606.ENSP00000368215	0	0	0.500	0	0.499
TNFRSF1A	TAB1	9606.ENSP00000162749	9606.ENSP00000216160	0	0	0.500	0	0.499
TNFRSF1A	CASP10	9606.ENSP00000162749	9606.ENSP00000286186	0	0.593	0	0	0.593
TNFRSF1A	TAB2	9606.ENSP00000162749	9606.ENSP00000356426	0	0.734	0.500	0	0.861
TNFRSF1A	TNFAIP3	9606.ENSP00000162749	9606.ENSP00000481570	0	0.734	0.500	0	0.861
TNFRSF1A	CHUK	9606.ENSP00000162749	9606.ENSP00000359424	0	0.734	0.500	0	0.861
TNFRSF1A	MAP3K7	9606.ENSP00000162749	9606.ENSP00000358335	0	0.734	0.500	0	0.861
TNFRSF1A	IKBKB	9606.ENSP00000162749	9606.ENSP00000430684	0	0.734	0.500	0	0.861
TNFRSF1A	IKBKG	9606.ENSP00000162749	9606.ENSP00000483825	0	0.734	0.500	0	0.861
TNFRSF1A	BIRC3	9606.ENSP00000162749	9606.ENSP00000263464	0	0.734	0.500	0	0.861
TNFRSF1A	TRAF1	9606.ENSP00000162749	9606.ENSP00000362994	0	0.457	0.500	0	0.716
TNFRSF1A	TNFRSF1B	9606.ENSP00000162749	9606.ENSP00000365435	0	0.292	0.900	0	0.926
TNFRSF1A	CASP8	9606.ENSP00000162749	9606.ENSP00000351273	0	0.593	0	0	0.593
TNFRSF1A	FADD	9606.ENSP00000162749	9606.ENSP00000301838	0	0.593	0	0	0.593
TNFRSF1A	BAG4	9606.ENSP00000162749	9606.ENSP00000287322	0	0.457	0.900	0	0.943
TNFRSF1A	BIRC2	9606.ENSP00000162749	9606.ENSP00000477613	0	0.734	0.500	0	0.861
TNFRSF1A	RIPK1	9606.ENSP00000162749	9606.ENSP00000259808	0	0.734	0.500	0	0.861
TNFRSF1A	FAS	9606.ENSP00000162749	9606.ENSP00000498466	0	0.448	0.900	0	0.942
TNFRSF1A	TRAF2	9606.ENSP00000162749	9606.ENSP00000247668	0	0.734	0.720	0	0.922
TNFRSF1A	TNF	9606.ENSP00000162749	9606.ENSP00000398698	0	0.972	0.900	0	0.997
TNFRSF1A	LTA	9606.ENSP00000162749	9606.ENSP00000403495	0	0.960	0.500	0	0.979
TNFRSF1A	TRADD	9606.ENSP00000162749	9606.ENSP00000341268	0	0.734	0.900	0	0.972
TNFRSF1B	TNFRSF1A	9606.ENSP00000365435	9606.ENSP00000162749	0	0.292	0.900	0	0.926
TNFRSF1B	TRAF2	9606.ENSP00000365435	9606.ENSP00000247668	0	0.618	0.720	0	0.888
TNFRSF1B	BIRC3	9606.ENSP00000365435	9606.ENSP00000263464	0	0.292	0.500	0	0.630
TNFRSF1B	TRADD	9606.ENSP00000365435	9606.ENSP00000341268	0	0.292	0.720	0	0.793
TNFRSF1B	TRAF1	9606.ENSP00000365435	9606.ENSP00000362994	0	0.457	0	0	0.457
TNFRSF1B	MAP3K14	9606.ENSP00000365435	9606.ENSP00000482657	0	0	0.500	0	0.499
TNFRSF1B	BIRC2	9606.ENSP00000365435	9606.ENSP00000477613	0	0.078	0.500	0	0.519
TNFRSF1B	TRAF3	9606.ENSP00000365435	9606.ENSP00000376500	0	0.292	0.500	0	0.630
TNFRSF1B	LTA	9606.ENSP00000365435	9606.ENSP00000403495	0	0.526	0.500	0	0.752
TNFRSF1B	TNF	9606.ENSP00000365435	9606.ENSP00000398698	0	0.972	0.700	0	0.991
TRADD	TNFRSF1A	9606.ENSP00000341268	9606.ENSP00000162749	0	0.734	0.900	0	0.972
TRADD	TAB1	9606.ENSP00000341268	9606.ENSP00000216160	0	0	0.500	0	0.499
TRADD	TRAF2	9606.ENSP00000341268	9606.ENSP00000247668	0	0.972	0.900	0	0.997
TRADD	RIPK1	9606.ENSP00000341268	9606.ENSP00000259808	0	0.734	0.900	0	0.972
TRADD	TRAF5	9606.ENSP00000341268	9606.ENSP00000261464	0	0	0.900	0	0.900
TRADD	BIRC3	9606.ENSP00000341268	9606.ENSP00000263464	0	0	0.800	0	0.800
TRADD	CASP10	9606.ENSP00000341268	9606.ENSP00000286186	0	0	0.900	0	0.900
TRADD	FADD	9606.ENSP00000341268	9606.ENSP00000301838	0	0.457	0.900	0	0.943
TRADD	CFLAR	9606.ENSP00000341268	9606.ENSP00000312455	0	0	0.900	0	0.900
TRADD	TAB3	9606.ENSP00000341268	9606.ENSP00000368215	0	0	0.500	0	0.499
TRADD	IKBKB	9606.ENSP00000341268	9606.ENSP00000430684	0	0	0.500	0	0.499
TRADD	TAB2	9606.ENSP00000341268	9606.ENSP00000356426	0	0	0.500	0	0.499
TRADD	TNFAIP3	9606.ENSP00000341268	9606.ENSP00000481570	0	0.225	0.500	0	0.595
TRADD	MAP3K7	9606.ENSP00000341268	9606.ENSP00000358335	0	0	0.500	0	0.499
TRADD	TNFRSF1B	9606.ENSP00000341268	9606.ENSP00000365435	0	0.292	0.720	0	0.793
TRADD	CHUK	9606.ENSP00000341268	9606.ENSP00000359424	0	0.287	0.500	0	0.628
TRADD	IKBKG	9606.ENSP00000341268	9606.ENSP00000483825	0	0.225	0.500	0	0.595
TRADD	FAS	9606.ENSP00000341268	9606.ENSP00000498466	0	0.292	0.900	0	0.926
TRADD	TRAF1	9606.ENSP00000341268	9606.ENSP00000362994	0	0.457	0.800	0	0.886
TRADD	TNF	9606.ENSP00000341268	9606.ENSP00000398698	0	0.734	0.500	0	0.861
TRADD	TRAF3	9606.ENSP00000341268	9606.ENSP00000376500	0	0.421	0.900	0	0.939
TRADD	BIRC2	9606.ENSP00000341268	9606.ENSP00000477613	0	0.734	0.800	0	0.944
TRADD	CASP8	9606.ENSP00000341268	9606.ENSP00000351273	0	0.457	0.900	0	0.943
TRAF1	TNFRSF1A	9606.ENSP00000362994	9606.ENSP00000162749	0	0.457	0.500	0	0.716
TRAF1	TRAF2	9606.ENSP00000362994	9606.ENSP00000247668	0	0.964	0.900	0	0.996
TRAF1	RIPK1	9606.ENSP00000362994	9606.ENSP00000259808	0	0.457	0.800	0	0.886
TRAF1	BIRC3	9606.ENSP00000362994	9606.ENSP00000263464	0	0.964	0.500	0	0.981
TRAF1	CFLAR	9606.ENSP00000362994	9606.ENSP00000312455	0	0.457	0	0	0.457
TRAF1	TRADD	9606.ENSP00000362994	9606.ENSP00000341268	0	0.457	0.800	0	0.886
TRAF1	CASP8	9606.ENSP00000362994	9606.ENSP00000351273	0	0.457	0	0	0.457
TRAF1	MAP3K5	9606.ENSP00000362994	9606.ENSP00000351908	0	0.457	0	0	0.457
TRAF1	CHUK	9606.ENSP00000362994	9606.ENSP00000359424	0	0.457	0	0	0.457
TRAF1	IKBKG	9606.ENSP00000362994	9606.ENSP00000483825	0	0.409	0	0	0.408
TRAF1	MAP3K14	9606.ENSP00000362994	9606.ENSP00000482657	0	0.457	0	0	0.457
TRAF1	IKBKB	9606.ENSP00000362994	9606.ENSP00000430684	0	0.483	0	0	0.483
TRAF1	TNFAIP3	9606.ENSP00000362994	9606.ENSP00000481570	0	0.457	0	0	0.457
TRAF1	TNF	9606.ENSP00000362994	9606.ENSP00000398698	0	0	0.500	0	0.499
TRAF1	TRAF3	9606.ENSP00000362994	9606.ENSP00000376500	0	0.409	0	0	0.408
TRAF1	TNFRSF1B	9606.ENSP00000362994	9606.ENSP00000365435	0	0.457	0	0	0.457
TRAF1	BIRC2	9606.ENSP00000362994	9606.ENSP00000477613	0	0.457	0.500	0	0.716
TRAF2	TNFRSF1A	9606.ENSP00000247668	9606.ENSP00000162749	0	0.734	0.720	0	0.922
TRAF2	TAB1	9606.ENSP00000247668	9606.ENSP00000216160	0	0.421	0.500	0	0.698
TRAF2	CXCL3	9606.ENSP00000247668	9606.ENSP00000296026	0	0.422	0	0	0.422
TRAF2	CXCL1	9606.ENSP00000247668	9606.ENSP00000379110	0	0.465	0	0	0.465
TRAF2	MAP3K8	9606.ENSP00000247668	9606.ENSP00000263056	0	0.457	0	0	0.457
TRAF2	DAB2IP	9606.ENSP00000247668	9606.ENSP00000259371	0	0.457	0	0	0.457
TRAF2	FAS	9606.ENSP00000247668	9606.ENSP00000498466	0	0	0.500	0	0.499
TRAF2	LTA	9606.ENSP00000247668	9606.ENSP00000403495	0	0	0.500	0	0.499
TRAF2	TAB3	9606.ENSP00000247668	9606.ENSP00000368215	0	0.292	0.500	0	0.630
TRAF2	TNFAIP3	9606.ENSP00000247668	9606.ENSP00000481570	0	0.457	0.500	0	0.716
TRAF2	MAP3K7	9606.ENSP00000247668	9606.ENSP00000358335	0	0.563	0.500	0	0.772
TRAF2	CFLAR	9606.ENSP00000247668	9606.ENSP00000312455	0	0.457	0.500	0	0.716
TRAF2	IKBKB	9606.ENSP00000247668	9606.ENSP00000430684	0	0.657	0.540	0	0.835
TRAF2	MAP3K14	9606.ENSP00000247668	9606.ENSP00000482657	0	0.457	0.500	0	0.716
TRAF2	TAB2	9606.ENSP00000247668	9606.ENSP00000356426	0	0.457	0.500	0	0.716
TRAF2	CHUK	9606.ENSP00000247668	9606.ENSP00000359424	0	0.657	0.540	0	0.835
TRAF2	TNFRSF1B	9606.ENSP00000247668	9606.ENSP00000365435	0	0.618	0.720	0	0.888
TRAF2	CASP8	9606.ENSP00000247668	9606.ENSP00000351273	0	0.577	0.500	0	0.779
TRAF2	TNF	9606.ENSP00000247668	9606.ENSP00000398698	0	0.734	0.500	0	0.861
TRAF2	IKBKG	9606.ENSP00000247668	9606.ENSP00000483825	0	0.458	0.500	0	0.717
TRAF2	TRAF3	9606.ENSP00000247668	9606.ENSP00000376500	0	0.483	0.800	0	0.892
TRAF2	FADD	9606.ENSP00000247668	9606.ENSP00000301838	0	0.424	0.800	0	0.879
TRAF2	MAP3K5	9606.ENSP00000247668	9606.ENSP00000351908	0	0.457	0.720	0	0.841
TRAF2	TRAF5	9606.ENSP00000247668	9606.ENSP00000261464	0	0.457	0.900	0	0.943
TRAF2	TRAF1	9606.ENSP00000247668	9606.ENSP00000362994	0	0.964	0.900	0	0.996
TRAF2	TRADD	9606.ENSP00000247668	9606.ENSP00000341268	0	0.972	0.900	0	0.997
TRAF2	BIRC2	9606.ENSP00000247668	9606.ENSP00000477613	0	0.586	0.900	0	0.956
TRAF2	BIRC3	9606.ENSP00000247668	9606.ENSP00000263464	0	0.964	0.900	0	0.996
TRAF2	RIPK1	9606.ENSP00000247668	9606.ENSP00000259808	0	0.734	0.800	0	0.944
TRAF3	TRAF2	9606.ENSP00000376500	9606.ENSP00000247668	0	0.483	0.800	0	0.892
TRAF3	TRAF5	9606.ENSP00000376500	9606.ENSP00000261464	0	0.550	0.900	0	0.953
TRAF3	BIRC3	9606.ENSP00000376500	9606.ENSP00000263464	0	0.457	0.500	0	0.716
TRAF3	CASP3	9606.ENSP00000376500	9606.ENSP00000311032	0	0.457	0	0	0.457
TRAF3	TRADD	9606.ENSP00000376500	9606.ENSP00000341268	0	0.421	0.900	0	0.939
TRAF3	MAP3K5	9606.ENSP00000376500	9606.ENSP00000351908	0	0.457	0	0	0.457
TRAF3	CHUK	9606.ENSP00000376500	9606.ENSP00000359424	0	0	0.540	0	0.540
TRAF3	TRAF1	9606.ENSP00000376500	9606.ENSP00000362994	0	0.409	0	0	0.408
TRAF3	TNFRSF1B	9606.ENSP00000376500	9606.ENSP00000365435	0	0.292	0.500	0	0.630
TRAF3	LTA	9606.ENSP00000376500	9606.ENSP00000403495	0	0	0.500	0	0.499
TRAF3	IKBKB	9606.ENSP00000376500	9606.ENSP00000430684	0	0	0.540	0	0.540
TRAF3	TNF	9606.ENSP00000376500	9606.ENSP00000398698	0	0.625	0.500	0	0.804
TRAF3	MAP3K14	9606.ENSP00000376500	9606.ENSP00000482657	0	0.457	0.900	0	0.943
TRAF3	BIRC2	9606.ENSP00000376500	9606.ENSP00000477613	0	0.457	0.540	0	0.739
TRAF5	TRAF2	9606.ENSP00000261464	9606.ENSP00000247668	0	0.457	0.900	0	0.943
TRAF5	RIPK1	9606.ENSP00000261464	9606.ENSP00000259808	0	0.457	0.800	0	0.886
TRAF5	IKBKB	9606.ENSP00000261464	9606.ENSP00000430684	0	0	0.540	0	0.540
TRAF5	CHUK	9606.ENSP00000261464	9606.ENSP00000359424	0	0	0.540	0	0.540
TRAF5	MAP3K5	9606.ENSP00000261464	9606.ENSP00000351908	0	0.457	0	0	0.457
TRAF5	BIRC3	9606.ENSP00000261464	9606.ENSP00000263464	0	0	0.900	0	0.900
TRAF5	BIRC2	9606.ENSP00000261464	9606.ENSP00000477613	0	0	0.900	0	0.900
TRAF5	TRAF3	9606.ENSP00000261464	9606.ENSP00000376500	0	0.550	0.900	0	0.953
TRAF5	TRADD	9606.ENSP00000261464	9606.ENSP00000341268	0	0	0.900	0	0.900
VEGFC	VEGFD	9606.ENSP00000480043	9606.ENSP00000297904	0	0	0.900	0	0.900
VEGFD	VEGFC	9606.ENSP00000297904	9606.ENSP00000480043	0	0	0.900	0	0.900
