node_index,id,logFC,type,logic,pathway,embedding_l2_norm,encoder
0,MIMAT0000076,1.4834,miR,,,0.0,proteinbert
1,MIMAT0000089,1.49095,miR,,,0.0,proteinbert
2,MIMAT0000232,-1.43493,miR,,,0.0,proteinbert
3,MIMAT0000252,-2.56718,miR,,,0.0,proteinbert
4,MIMAT0000255,1.91218,miR,,,0.0,proteinbert
5,MIMAT0000262,1.44197,miR,,,0.0,proteinbert
6,MIMAT0000263,-2.52597,miR,,,0.0,proteinbert
7,MIMAT0000265,-2.92486,miR,,,0.0,proteinbert
8,MIMAT0000271,-1.42539,miR,,,0.0,proteinbert
9,MIMAT0000278,2.87209,miR,,,0.0,proteinbert
10,MIMAT0000279,2.66827,miR,,,0.0,proteinbert
11,MIMAT0000430,-1.74416,miR,,,0.0,proteinbert
12,MIMAT0000436,-2.23477,miR,,,0.0,proteinbert
13,MIMAT0000441,-2.30199,miR,,,0.0,proteinbert
14,MIMAT0000461,-1.41384,miR,,,0.0,proteinbert
15,MIMAT0000707,-1.6235,miR,,,0.0,proteinbert
16,MIMAT0000728,2.38298,miR,,,0.0,proteinbert
17,MIMAT0000733,-1.70044,miR,,,0.0,proteinbert
18,MIMAT0001413,-1.42071,miR,,,0.0,proteinbert
19,MIMAT0001631,-2.64329,miR,,,0.0,proteinbert
20,MIMAT0002177,-2.68959,miR,,,0.0,proteinbert
21,MIMAT0002809,4.77846,miR,,,0.0,proteinbert
22,MIMAT0003233,3.11424,miR,,,0.0,proteinbert
23,MIMAT0003322,-1.42782,miR,,,0.0,proteinbert
24,MIMAT0004563,-1.43438,miR,,,0.0,proteinbert
25,MIMAT0004766,4.9077,miR,,,0.0,proteinbert
26,MIMAT0005824,-2.23051,miR,,,0.0,proteinbert
27,MIMAT0005899,-1.58159,miR,,,0.0,proteinbert
28,MIMAT0004501,-1.40305,miR,,,0.0,proteinbert
29,MIMAT0004504,1.61385,miR,,,0.0,proteinbert
30,MIMAT0004554,-2.05563,miR,,,0.0,proteinbert
31,MIMAT0004568,1.99246,miR,,,0.0,proteinbert
32,MIMAT0004600,-2.63332,miR,,,0.0,proteinbert
33,MIMAT0004607,-1.62838,miR,,,0.0,proteinbert
34,MIMAT0006790,-1.57319,miR,,,0.0,proteinbert
35,CREB5,1.06812,mRNA,,,0.0,proteinbert
36,SETD1B,-0.235105,mRNA,,,0.0,proteinbert
37,RORA,-0.500954,mRNA,,,0.0,proteinbert
38,GRIN2B,-0.0181727,mRNA,,,0.0,proteinbert
39,ATXN1,-0.304866,mRNA,,,0.0,proteinbert
40,TCF20,-0.192239,mRNA,,,0.0,proteinbert
41,EFHD2,1.06069,mRNA,,,0.0,proteinbert
42,TPM3,0.297344,mRNA,,,0.0,proteinbert
43,ERGIC1,0.080709,mRNA,,,0.0,proteinbert
44,ATP6V1A,0.218256,mRNA,,,0.0,proteinbert
45,CSNK2A1,-0.119569,mRNA,,,0.0,proteinbert
46,PEX5L,-0.974857,mRNA,,,0.0,proteinbert
47,SLC46A1,-0.576687,mRNA,,,0.0,proteinbert
48,CYBRD1,-0.984736,mRNA,,,0.0,proteinbert
49,GNA13,-0.374688,mRNA,,,0.0,proteinbert
50,PAG1,-0.132284,mRNA,,,0.0,proteinbert
51,MECP2,-0.152147,mRNA,,,0.0,proteinbert
52,IGFBP4,0.394432,mRNA,,,0.0,proteinbert
53,YY1,0.0730484,mRNA,,,0.0,proteinbert
54,RSBN1,-0.335478,mRNA,,,0.0,proteinbert
55,EIF4EBP1,0.770913,mRNA,,,0.0,proteinbert
56,RHOC,0.681812,mRNA,,,0.0,proteinbert
57,DMKN,0.123481,mRNA,,,0.0,proteinbert
58,DNAJB6,-0.153397,mRNA,,,0.0,proteinbert
59,NFKB1,-0.188556,mRNA,,path:hsa04010,0.0,proteinbert
60,LNPEP,-0.73864,mRNA,,,0.0,proteinbert
61,TERT,-0.13299,mRNA,,,0.0,proteinbert
62,ZMYND11,-0.583717,mRNA,,,0.0,proteinbert
63,EID1,-0.045616,mRNA,,,0.0,proteinbert
64,YAP1,0.18203,mRNA,,,0.0,proteinbert
65,MXD1,-0.634627,mRNA,,,0.0,proteinbert
66,MEAF6,0.700487,mRNA,,,0.0,proteinbert
67,IGF2BP1,-0.481746,mRNA,,,0.0,proteinbert
68,BLCAP,0.067025,mRNA,,,0.0,proteinbert
69,CELF1,-0.320911,mRNA,,,0.0,proteinbert
70,S100A1,1.6721,mRNA,,,0.0,proteinbert
71,FOXC1,-0.0852997,mRNA,,,0.0,proteinbert
72,CDH2,2.70602,mRNA,,,0.0,proteinbert
73,RPA1,-0.0625097,mRNA,,,0.0,proteinbert
74,IGLON5,0.284401,mRNA,,,0.0,proteinbert
75,CCND1,1.7233,mRNA,,,0.0,proteinbert
76,BCL11A,-1.23737,mRNA,,,0.0,proteinbert
77,ZNF426,-0.572881,mRNA,,,0.0,proteinbert
78,PHKG2,0.440011,mRNA,,,0.0,proteinbert
79,FNDC3A,-0.318555,mRNA,,,0.0,proteinbert
80,IRS1,-1.74526,mRNA,,,0.0,proteinbert
81,TEX9,-0.266962,mRNA,,,0.0,proteinbert
82,ADARB2,0.013303,mRNA,,,0.0,proteinbert
83,SMAD4,-0.408949,mRNA,,,0.0,proteinbert
84,SOD2,-0.0743014,mRNA,,,0.0,proteinbert
85,BLMH,0.110622,mRNA,,,0.0,proteinbert
86,REL,-0.678545,mRNA,,,0.0,proteinbert
87,KY,-2.35838,mRNA,,,0.0,proteinbert
88,SLC12A7,0.109422,mRNA,,,0.0,proteinbert
89,KLHDC8B,-0.249076,mRNA,,,0.0,proteinbert
90,POLR3G,-0.250757,mRNA,,,0.0,proteinbert
91,BIVM,-0.347645,mRNA,,,0.0,proteinbert
92,PTGS1,-0.0479085,mRNA,,,0.0,proteinbert
93,OLFML2A,0.00717386,mRNA,,,0.0,proteinbert
94,APOL6,0.129287,mRNA,,,0.0,proteinbert
95,RAB8A,0.0343154,mRNA,,,0.0,proteinbert
96,MAT2A,-0.696761,mRNA,,,0.0,proteinbert
97,LSM4,0.291811,mRNA,,,0.0,proteinbert
98,LIMD1,-0.38818,mRNA,,,0.0,proteinbert
99,ZNF551,-0.465638,mRNA,,,0.0,proteinbert
100,CPEB4,-0.917849,mRNA,,,0.0,proteinbert
101,GANAB,-0.0798684,mRNA,,,0.0,proteinbert
102,GK5,0.100351,mRNA,,,0.0,proteinbert
103,USP48,-0.207679,mRNA,,,0.0,proteinbert
104,LIMD2,0.201151,mRNA,,,0.0,proteinbert
105,TMEM167A,-0.22301,mRNA,,,0.0,proteinbert
106,RUFY2,-0.243331,mRNA,,,0.0,proteinbert
107,ZNRF3,0.0171901,mRNA,,,0.0,proteinbert
108,ARL8A,0.235999,mRNA,,,0.0,proteinbert
109,TMPRSS5,0.450785,mRNA,,,0.0,proteinbert
110,PMAIP1,1.48461,mRNA,,,0.0,proteinbert
111,PPP1R11,-0.10231,mRNA,,,0.0,proteinbert
112,KCTD15,-0.803506,mRNA,,,0.0,proteinbert
113,CCDC6,-0.0969515,mRNA,,,0.0,proteinbert
114,AKAP8,-0.319262,mRNA,,,0.0,proteinbert
115,NOVA1,0.0562911,mRNA,,,0.0,proteinbert
116,TRAF6,-0.910971,mRNA,,path:hsa04010,0.0,proteinbert
117,GXYLT2,0.39023,mRNA,,,0.0,proteinbert
118,ZNF629,0.0890516,mRNA,,,0.0,proteinbert
119,UMPS,-0.121256,mRNA,,,0.0,proteinbert
120,MRO,-4.2408,mRNA,,,0.0,proteinbert
121,NDUFB5,-0.131519,mRNA,,,0.0,proteinbert
122,KIF21A,-0.155501,mRNA,,,0.0,proteinbert
123,SBNO1,-0.757211,mRNA,,,0.0,proteinbert
124,ACVR2A,0.00467504,mRNA,,,0.0,proteinbert
125,GPR27,0.277782,mRNA,,,0.0,proteinbert
126,TCF3,0.149205,mRNA,,,0.0,proteinbert
127,BCL2,-1.84588,mRNA,,,0.0,proteinbert
128,KANK1,-0.146906,mRNA,,,0.0,proteinbert
129,FGF2,0.712201,mRNA,,path:hsa04010,0.0,proteinbert
130,ZNF275,-0.329446,mRNA,,,0.0,proteinbert
131,TMEM135,-0.478136,mRNA,,,0.0,proteinbert
132,GOSR1,-0.185427,mRNA,,,0.0,proteinbert
133,GNB1,0.16672,mRNA,,,0.0,proteinbert
134,PLEKHA1,-0.510106,mRNA,,,0.0,proteinbert
135,AVL9,-0.266915,mRNA,,,0.0,proteinbert
136,HNRNPA2B1,-0.205353,mRNA,,,0.0,proteinbert
137,MTHFR,0.419876,mRNA,,,0.0,proteinbert
138,CHEK1,0.243649,mRNA,,,0.0,proteinbert
139,TBL1XR1,-0.145144,mRNA,,,0.0,proteinbert
140,RASEF,-0.841398,mRNA,,,0.0,proteinbert
141,TAB3,-0.326588,mRNA,,,0.0,proteinbert
142,CPNE1,0.266808,mRNA,,,0.0,proteinbert
143,LRRC57,0.0751429,mRNA,,,0.0,proteinbert
144,LSM11,-0.159387,mRNA,,,0.0,proteinbert
145,RAB3IP,-0.119455,mRNA,,,0.0,proteinbert
146,CBFA2T3,-0.35208,mRNA,,,0.0,proteinbert
147,DICER1,-0.769754,mRNA,,,0.0,proteinbert
148,SMURF1,0.131103,mRNA,,,0.0,proteinbert
149,RASSF5,0.548976,mRNA,,,0.0,proteinbert
150,GNAL,-1.57067,mRNA,,,0.0,proteinbert
151,BSG,0.380331,mRNA,,,0.0,proteinbert
152,UBE2V1,0.0149666,mRNA,,,0.0,proteinbert
153,CCDC80,-0.302732,mRNA,,,0.0,proteinbert
154,CYLD,-0.534478,mRNA,,,0.0,proteinbert
155,ZBTB34,-0.0401275,mRNA,,,0.0,proteinbert
156,SEC61A1,0.178305,mRNA,,,0.0,proteinbert
157,HEYL,0.378444,mRNA,,,0.0,proteinbert
158,TSC22D2,-0.691628,mRNA,,,0.0,proteinbert
159,CPEB3,-0.978149,mRNA,,,0.0,proteinbert
160,WIPI2,0.0483824,mRNA,,,0.0,proteinbert
161,SERBP1,-0.109249,mRNA,,,0.0,proteinbert
162,AKAP11,-0.265871,mRNA,,,0.0,proteinbert
163,CDC37L1,-0.155562,mRNA,,,0.0,proteinbert
164,STX17,-0.287543,mRNA,,,0.0,proteinbert
165,RFK,0.316133,mRNA,,,0.0,proteinbert
166,PDE4D,-0.878996,mRNA,,,0.0,proteinbert
167,BAG4,-0.196305,mRNA,,,0.0,proteinbert
168,BZW1,-0.0568027,mRNA,,,0.0,proteinbert
169,CCNE1,0.335076,mRNA,,,0.0,proteinbert
170,CCNT1,-0.986647,mRNA,,,0.0,proteinbert
171,CCNT2,-0.122915,mRNA,,,0.0,proteinbert
172,TPI1,0.0428666,mRNA,,,0.0,proteinbert
173,SHOC2,-0.269555,mRNA,,,0.0,proteinbert
174,DNAJC10,-0.269983,mRNA,,,0.0,proteinbert
175,ABCB7,0.0285856,mRNA,,,0.0,proteinbert
176,CDV3,-0.460335,mRNA,,,0.0,proteinbert
177,ETNK1,-0.230355,mRNA,,,0.0,proteinbert
178,C21orf62,-0.495075,mRNA,,,0.0,proteinbert
179,MIB1,-0.0209624,mRNA,,,0.0,proteinbert
180,TAOK1,-0.856784,mRNA,,path:hsa04010,0.0,proteinbert
181,RPRD1B,-0.510488,mRNA,,,0.0,proteinbert
182,HAUS3,-0.254557,mRNA,,,0.0,proteinbert
183,DCAF17,-0.972195,mRNA,,,0.0,proteinbert
184,GABARAPL1,-0.470857,mRNA,,,0.0,proteinbert
185,LUZP1,0.174281,mRNA,,,0.0,proteinbert
186,SMAD3,-0.162618,mRNA,,,0.0,proteinbert
187,TKTL1,-0.496051,mRNA,,,0.0,proteinbert
188,VEGFA,-0.610786,mRNA,,path:hsa04010,0.0,proteinbert
189,THRAP3,-0.087324,mRNA,,,0.0,proteinbert
190,CD180,0.171385,mRNA,,,0.0,proteinbert
191,ACTR2,-0.0236828,mRNA,,,0.0,proteinbert
192,ARIH1,-0.128138,mRNA,,,0.0,proteinbert
193,PURA,-0.360597,mRNA,,,0.0,proteinbert
194,MLLT6,-0.0162498,mRNA,,,0.0,proteinbert
195,PSKH1,-0.509574,mRNA,,,0.0,proteinbert
196,YWHAQ,-0.173826,mRNA,,,0.0,proteinbert
197,VPS4A,-0.157617,mRNA,,,0.0,proteinbert
198,RACGAP1,0.0451801,mRNA,,,0.0,proteinbert
199,VCL,0.227135,mRNA,,,0.0,proteinbert
200,SOCS5,-0.157252,mRNA,,,0.0,proteinbert
201,OCRL,-0.349218,mRNA,,,0.0,proteinbert
202,KPNA1,0.170897,mRNA,,,0.0,proteinbert
203,PAFAH1B2,-0.451969,mRNA,,,0.0,proteinbert
204,CCL4,-0.759316,mRNA,,,0.0,proteinbert
205,SNCG,0.688792,mRNA,,,0.0,proteinbert
206,CREG1,-0.376238,mRNA,,,0.0,proteinbert
207,ARHGDIA,0.201071,mRNA,,,0.0,proteinbert
208,MAP4K2,-0.265381,mRNA,,path:hsa04010,0.0,proteinbert
209,RAPH1,-0.606325,mRNA,,,0.0,proteinbert
210,MAFK,0.103718,mRNA,,,0.0,proteinbert
211,ENTPD6,0.0637025,mRNA,,,0.0,proteinbert
212,APP,-0.28577,mRNA,,,0.0,proteinbert
213,SH3BGRL2,0.0513059,mRNA,,,0.0,proteinbert
214,KATNAL1,-0.033525,mRNA,,,0.0,proteinbert
215,GNAT1,0.150711,mRNA,,,0.0,proteinbert
216,ZNF585B,-0.656865,mRNA,,,0.0,proteinbert
217,YTHDC1,-0.400138,mRNA,,,0.0,proteinbert
218,ZNF284,-0.235203,mRNA,,,0.0,proteinbert
219,TSPAN3,0.411049,mRNA,,,0.0,proteinbert
220,LIN54,-0.156043,mRNA,,,0.0,proteinbert
221,CCNL1,-0.508942,mRNA,,,0.0,proteinbert
222,FOXA2,-3.27968,mRNA,,,0.0,proteinbert
223,TFAM,-0.260676,mRNA,,,0.0,proteinbert
224,MET,2.287,mRNA,,path:hsa04010,0.0,proteinbert
225,MAPK9,-0.0238455,mRNA,,path:hsa04010,0.0,proteinbert
226,HGF,-1.41665,mRNA,,path:hsa04010,0.0,proteinbert
227,PAK4,0.0204067,mRNA,,,0.0,proteinbert
228,ZNF394,-0.0302786,mRNA,,,0.0,proteinbert
229,JAG1,0.219686,mRNA,,,0.0,proteinbert
230,CSGALNACT1,-2.26077,mRNA,,,0.0,proteinbert
231,EXTL3,0.0579028,mRNA,,,0.0,proteinbert
232,KIT,-3.29168,mRNA,,path:hsa04010,0.0,proteinbert
233,OXSR1,-0.239233,mRNA,,,0.0,proteinbert
234,HES1,0.35713,mRNA,,,0.0,proteinbert
235,POLA2,0.228019,mRNA,,,0.0,proteinbert
236,PDE11A,-2.57107,mRNA,,,0.0,proteinbert
237,ZNF846,-0.220249,mRNA,,,0.0,proteinbert
238,CHCHD4,0.0123095,mRNA,,,0.0,proteinbert
239,DDI2,-0.682184,mRNA,,,0.0,proteinbert
240,ZNF584,0.130655,mRNA,,,0.0,proteinbert
241,SLC26A2,0.231494,mRNA,,,0.0,proteinbert
242,PODXL,0.284576,mRNA,,,0.0,proteinbert
243,ADAT2,-0.637682,mRNA,,,0.0,proteinbert
244,ANKFY1,0.447459,mRNA,,,0.0,proteinbert
245,CHCHD3,-0.0219723,mRNA,,,0.0,proteinbert
246,CD44,1.18645,mRNA,,,0.0,proteinbert
247,MTA3,-0.110414,mRNA,,,0.0,proteinbert
248,TLK2,-0.208602,mRNA,,,0.0,proteinbert
249,HOXA10,0.549466,mRNA,,,0.0,proteinbert
250,ZBTB20,-0.975649,mRNA,,,0.0,proteinbert
251,CTSC,1.73915,mRNA,,,0.0,proteinbert
252,CLNK,-0.0610276,mRNA,,,0.0,proteinbert
253,NR3C1,-0.533173,mRNA,,,0.0,proteinbert
254,ENAH,0.538445,mRNA,,,0.0,proteinbert
255,LRRC55,0.111397,mRNA,,,0.0,proteinbert
256,CDH11,0.623082,mRNA,,,0.0,proteinbert
257,TCF4,-0.480974,mRNA,,,0.0,proteinbert
258,SRGAP1,-0.105088,mRNA,,,0.0,proteinbert
259,POU2F1,0.0527575,mRNA,,,0.0,proteinbert
260,TRPM3,-2.89314,mRNA,,,0.0,proteinbert
261,SYT6,0.330778,mRNA,,,0.0,proteinbert
262,ATP2B1,-0.424423,mRNA,,,0.0,proteinbert
263,CAMK2G,-0.221165,mRNA,,,0.0,proteinbert
264,PRKAR1A,0.172575,mRNA,,,0.0,proteinbert
265,RUNX2,1.83252,mRNA,,,0.0,proteinbert
266,NTRK2,-0.579938,mRNA,,path:hsa04010,0.0,proteinbert
267,WNK3,-1.20319,mRNA,,,0.0,proteinbert
268,CDH8,0.96619,mRNA,,,0.0,proteinbert
269,POU2F2,-0.400839,mRNA,,,0.0,proteinbert
270,AGAP1,0.19012,mRNA,,,0.0,proteinbert
271,IKZF2,0.769816,mRNA,,,0.0,proteinbert
272,ZNF385D,-0.646403,mRNA,,,0.0,proteinbert
273,ZNF362,0.196429,mRNA,,,0.0,proteinbert
274,PHF13,0.509872,mRNA,,,0.0,proteinbert
275,ALDH1A2,-2.02004,mRNA,,,0.0,proteinbert
276,ST3GAL1,-0.192752,mRNA,,,0.0,proteinbert
277,B4GALNT3,1.31619,mRNA,,,0.0,proteinbert
278,OPN5,0.482101,mRNA,,,0.0,proteinbert
279,ZSCAN22,-0.124949,mRNA,,,0.0,proteinbert
280,BCL9L,0.0382854,mRNA,,,0.0,proteinbert
281,GALNT10,-0.842315,mRNA,,,0.0,proteinbert
282,SFT2D2,-0.162871,mRNA,,,0.0,proteinbert
283,CREB1,-0.225102,mRNA,,,0.0,proteinbert
284,MBNL1,-0.134469,mRNA,,,0.0,proteinbert
285,SEMA4G,0.206579,mRNA,,,0.0,proteinbert
286,PTPRT,-0.651898,mRNA,,,0.0,proteinbert
287,CCR5,-0.307014,mRNA,,,0.0,proteinbert
288,MAPRE2,-0.820698,mRNA,,,0.0,proteinbert
289,SERP1,-0.294284,mRNA,,,0.0,proteinbert
290,USP47,-0.193297,mRNA,,,0.0,proteinbert
291,ZWILCH,0.082853,mRNA,,,0.0,proteinbert
292,PRLR,-0.147816,mRNA,,,0.0,proteinbert
293,ZNF48,0.302794,mRNA,,,0.0,proteinbert
294,AKAP1,-0.386706,mRNA,,,0.0,proteinbert
295,SPIB,-1.04022,mRNA,,,0.0,proteinbert
296,CDX2,-0.114291,mRNA,,,0.0,proteinbert
297,IL11,0.746771,mRNA,,,0.0,proteinbert
298,AKAP13,0.0630915,mRNA,,,0.0,proteinbert
299,DPF3,0.0340874,mRNA,,,0.0,proteinbert
300,ETF1,-0.197354,mRNA,,,0.0,proteinbert
301,AP1S1,0.69945,mRNA,,,0.0,proteinbert
302,GTDC1,-0.0898471,mRNA,,,0.0,proteinbert
303,FARP1,0.344207,mRNA,,,0.0,proteinbert
304,SYNJ2BP,-0.509453,mRNA,,,0.0,proteinbert
305,VN1R1,-0.238477,mRNA,,,0.0,proteinbert
306,BCL7A,0.356086,mRNA,,,0.0,proteinbert
307,BACH2,-0.182436,mRNA,,,0.0,proteinbert
308,MCL1,-0.32434,mRNA,,,0.0,proteinbert
309,LRRC4,1.31303,mRNA,,,0.0,proteinbert
310,WWC2,-0.248997,mRNA,,,0.0,proteinbert
311,SOST,-0.719833,mRNA,,,0.0,proteinbert
312,BDNF,0.0979117,mRNA,,path:hsa04010,0.0,proteinbert
313,USP14,-0.0537714,mRNA,,,0.0,proteinbert
314,MDFI,2.20957,mRNA,,,0.0,proteinbert
315,IPO7,0.0993138,mRNA,,,0.0,proteinbert
316,TXNIP,-0.446299,mRNA,,,0.0,proteinbert
317,ERF,0.0659652,mRNA,,,0.0,proteinbert
318,WDR3,-0.23228,mRNA,,,0.0,proteinbert
319,SERINC3,-0.0256155,mRNA,,,0.0,proteinbert
320,TPPP,-2.52717,mRNA,,,0.0,proteinbert
321,PADI2,0.619941,mRNA,,,0.0,proteinbert
322,ANGPTL2,0.484917,mRNA,,,0.0,proteinbert
323,G3BP2,-0.164374,mRNA,,,0.0,proteinbert
324,ASGR1,-1.27801,mRNA,,,0.0,proteinbert
325,GLP1R,0.4685,mRNA,,,0.0,proteinbert
326,SOX4,1.475,mRNA,,,0.0,proteinbert
327,SP1,-0.0450747,mRNA,,,0.0,proteinbert
328,SPARC,0.889242,mRNA,,,0.0,proteinbert
329,HMGA2,5.83426,mRNA,,,0.0,proteinbert
330,STC2,0.529931,mRNA,,,0.0,proteinbert
331,SGPL1,0.302913,mRNA,,,0.0,proteinbert
332,EFNB2,0.673255,mRNA,,,0.0,proteinbert
333,BMPR1A,-0.736185,mRNA,,,0.0,proteinbert
334,CDH1,-0.209127,mRNA,,,0.0,proteinbert
335,CPT1B,0.62274,mRNA,,,0.0,proteinbert
336,ATF6B,0.0612335,mRNA,,,0.0,proteinbert
337,EFNB1,0.686078,mRNA,,,0.0,proteinbert
338,MUC4,0.885534,mRNA,,,0.0,proteinbert
339,SYNGR1,-1.07067,mRNA,,,0.0,proteinbert
340,CHCHD5,0.117643,mRNA,,,0.0,proteinbert
341,SORCS2,0.381166,mRNA,,,0.0,proteinbert
342,TGFBR1,1.41878,mRNA,,path:hsa04010,0.0,proteinbert
343,SLC39A11,-0.491054,mRNA,,,0.0,proteinbert
344,PLAG1,1.77594,mRNA,,,0.0,proteinbert
345,ELOVL6,0.860822,mRNA,,,0.0,proteinbert
346,CACNG8,0.0348528,mRNA,,path:hsa04010,0.0,proteinbert
347,RAB11FIP4,0.313298,mRNA,,,0.0,proteinbert
348,CDC42,0.0454554,mRNA,,path:hsa04010,0.0,proteinbert
349,MYO18A,-0.339609,mRNA,,,0.0,proteinbert
350,IGFBP2,1.24642,mRNA,,,0.0,proteinbert
351,CYBB,0.508233,mRNA,,,0.0,proteinbert
352,IGFBP5,0.181195,mRNA,,,0.0,proteinbert
353,PPP3R1,0.0243301,mRNA,,path:hsa04010,0.0,proteinbert
354,PLCXD3,-1.28241,mRNA,,,0.0,proteinbert
355,SAMD5,-2.08512,mRNA,,,0.0,proteinbert
356,SMOC1,-1.4201,mRNA,,,0.0,proteinbert
357,WDR89,-0.119986,mRNA,,,0.0,proteinbert
358,ZNF264,-0.120856,mRNA,,,0.0,proteinbert
359,ACBD5,-0.372707,mRNA,,,0.0,proteinbert
360,GPRIN3,-0.550299,mRNA,,,0.0,proteinbert
361,FMNL3,-0.054878,mRNA,,,0.0,proteinbert
362,TRAPPC2,0.183503,mRNA,,,0.0,proteinbert
363,DCAF8,-0.0364313,mRNA,,,0.0,proteinbert
364,SH3GLB1,0.0804068,mRNA,,,0.0,proteinbert
365,GNPTAB,0.292944,mRNA,,,0.0,proteinbert
366,F2RL3,0.355607,mRNA,,,0.0,proteinbert
367,VPS53,0.0285425,mRNA,,,0.0,proteinbert
368,ITGB1,0.399105,mRNA,,,0.0,proteinbert
369,NHLRC3,-0.401846,mRNA,,,0.0,proteinbert
370,SEC16A,-0.00159994,mRNA,,,0.0,proteinbert
371,QSOX1,1.28678,mRNA,,,0.0,proteinbert
372,CNKSR3,-0.692438,mRNA,,,0.0,proteinbert
373,POFUT1,-0.43501,mRNA,,,0.0,proteinbert
374,F2RL1,0.170627,mRNA,,,0.0,proteinbert
375,SERF1A,-0.101309,mRNA,,,0.0,proteinbert
376,IQSEC1,-0.148922,mRNA,,,0.0,proteinbert
377,RABGAP1L,-0.683156,mRNA,,,0.0,proteinbert
378,WDR53,-0.128779,mRNA,,,0.0,proteinbert
379,USP28,0.0182508,mRNA,,,0.0,proteinbert
380,CAMTA1,0.190762,mRNA,,,0.0,proteinbert
381,SAMD12,0.239907,mRNA,,,0.0,proteinbert
382,KLRD1,-0.722374,mRNA,,,0.0,proteinbert
383,KIF6,-1.67824,mRNA,,,0.0,proteinbert
384,PSD3,1.80611,mRNA,,,0.0,proteinbert
385,REST,-0.399399,mRNA,,,0.0,proteinbert
386,MFSD8,-0.224817,mRNA,,,0.0,proteinbert
387,SLC12A6,-0.506494,mRNA,,,0.0,proteinbert
388,RGMB,0.061881,mRNA,,,0.0,proteinbert
389,SOCS7,-0.974509,mRNA,,,0.0,proteinbert
390,OCIAD1,-0.239476,mRNA,,,0.0,proteinbert
391,AGFG2,0.0467424,mRNA,,,0.0,proteinbert
392,TMEM67,-0.604994,mRNA,,,0.0,proteinbert
393,INPP5F,0.42457,mRNA,,,0.0,proteinbert
394,WAC,-0.395874,mRNA,,,0.0,proteinbert
395,WEE1,-0.265821,mRNA,,,0.0,proteinbert
396,PAFAH1B1,-0.313733,mRNA,,,0.0,proteinbert
397,GRK7,-0.206517,mRNA,,,0.0,proteinbert
398,NR2C2,-0.267505,mRNA,,,0.0,proteinbert
399,GAB1,-0.179725,mRNA,,,0.0,proteinbert
400,DUSP18,-0.38147,mRNA,,,0.0,proteinbert
401,ABHD2,-0.39428,mRNA,,,0.0,proteinbert
402,N4BP1,-0.102893,mRNA,,,0.0,proteinbert
403,MTMR3,-0.208377,mRNA,,,0.0,proteinbert
404,ZDHHC20,-0.0142851,mRNA,,,0.0,proteinbert
405,PGM2L1,0.61168,mRNA,,,0.0,proteinbert
406,NCOA3,-0.16472,mRNA,,,0.0,proteinbert
407,UBXN2A,-0.0654842,mRNA,,,0.0,proteinbert
408,PRNP,0.19242,mRNA,,,0.0,proteinbert
409,BTN3A1,0.0855985,mRNA,,,0.0,proteinbert
410,ABHD15,-0.151991,mRNA,,,0.0,proteinbert
411,STAC2,0.866831,mRNA,,,0.0,proteinbert
412,POLQ,0.629307,mRNA,,,0.0,proteinbert
413,DSTYK,-0.0215455,mRNA,,,0.0,proteinbert
414,ZBTB37,-0.916083,mRNA,,,0.0,proteinbert
415,A1CF,-0.0205377,mRNA,,,0.0,proteinbert
416,FHDC1,-1.64205,mRNA,,,0.0,proteinbert
417,AAK1,-1.11739,mRNA,,,0.0,proteinbert
418,MAP3K2,-0.468584,mRNA,,path:hsa04010,0.0,proteinbert
419,RBM12B,-0.557172,mRNA,,,0.0,proteinbert
420,HIP1,0.936419,mRNA,,,0.0,proteinbert
421,CAPRIN2,-0.484828,mRNA,,,0.0,proteinbert
422,ELAVL2,-0.0661757,mRNA,,,0.0,proteinbert
423,DPYSL2,0.0834157,mRNA,,,0.0,proteinbert
424,SLC7A11,-0.100189,mRNA,,,0.0,proteinbert
425,RNF115,0.0346098,mRNA,,,0.0,proteinbert
426,SLK,-0.385101,mRNA,,,0.0,proteinbert
427,PLEKHM1,0.221249,mRNA,,,0.0,proteinbert
428,MLXIP,-0.66439,mRNA,,,0.0,proteinbert
429,FBXO21,0.127299,mRNA,,,0.0,proteinbert
430,TNRC6B,-0.498296,mRNA,,,0.0,proteinbert
431,WSB1,0.324236,mRNA,,,0.0,proteinbert
432,IRAK4,-0.134117,mRNA,,path:hsa04010,0.0,proteinbert
433,GNB5,0.122252,mRNA,,,0.0,proteinbert
434,TLR7,0.351202,mRNA,,,0.0,proteinbert
435,ERGIC2,0.18483,mRNA,,,0.0,proteinbert
436,WDR1,0.130441,mRNA,,,0.0,proteinbert
437,HIF1AN,-0.119762,mRNA,,,0.0,proteinbert
438,FKBP14,-0.205684,mRNA,,,0.0,proteinbert
439,RAB42,-0.354199,mRNA,,,0.0,proteinbert
440,LDLR,0.685661,mRNA,,,0.0,proteinbert
441,BTN3A2,0.12458,mRNA,,,0.0,proteinbert
442,C18orf32,-0.0160366,mRNA,,,0.0,proteinbert
443,DCTN5,-0.208948,mRNA,,,0.0,proteinbert
444,DNAL1,-0.75891,mRNA,,,0.0,proteinbert
445,BCL2L11,-1.09383,mRNA,,,0.0,proteinbert
446,CFL2,-0.563752,mRNA,,,0.0,proteinbert
447,BTF3L4,-0.0181867,mRNA,,,0.0,proteinbert
448,RAB5B,0.0151979,mRNA,,,0.0,proteinbert
449,SLC4A7,0.0160892,mRNA,,,0.0,proteinbert
450,CDK6,-0.572706,mRNA,,,0.0,proteinbert
451,TTPAL,-0.218683,mRNA,,,0.0,proteinbert
452,GTF2H3,-0.353414,mRNA,,,0.0,proteinbert
453,ISCA2,0.497382,mRNA,,,0.0,proteinbert
454,YOD1,-0.238237,mRNA,,,0.0,proteinbert
455,MIXL1,-0.0493656,mRNA,,,0.0,proteinbert
456,PTGES3,-0.0522566,mRNA,,,0.0,proteinbert
457,FBXO31,0.410841,mRNA,,,0.0,proteinbert
458,MFSD2A,0.443937,mRNA,,,0.0,proteinbert
459,ICA1L,0.298634,mRNA,,,0.0,proteinbert
460,ENPP5,-0.160688,mRNA,,,0.0,proteinbert
461,CYCS,-0.663578,mRNA,,,0.0,proteinbert
462,UBFD1,0.431882,mRNA,,,0.0,proteinbert
463,ENTPD7,-0.397937,mRNA,,,0.0,proteinbert
464,NRIP3,0.0568841,mRNA,,,0.0,proteinbert
465,ZNFX1,0.0331967,mRNA,,,0.0,proteinbert
466,GATAD1,-0.216472,mRNA,,,0.0,proteinbert
467,SLC30A1,-0.336207,mRNA,,,0.0,proteinbert
468,C17orf75,-0.13975,mRNA,,,0.0,proteinbert
469,ABCG8,-0.01883,mRNA,,,0.0,proteinbert
470,PANK3,-0.522543,mRNA,,,0.0,proteinbert
471,GPR157,-0.535276,mRNA,,,0.0,proteinbert
472,SLC35F5,-0.302202,mRNA,,,0.0,proteinbert
473,KLHL15,-0.46963,mRNA,,,0.0,proteinbert
474,DDHD1,-0.00859572,mRNA,,,0.0,proteinbert
475,TRIM8,0.316693,mRNA,,,0.0,proteinbert
476,SLCO5A1,-0.351465,mRNA,,,0.0,proteinbert
477,ZNF805,0.138602,mRNA,,,0.0,proteinbert
478,SLC1A5,1.60479,mRNA,,,0.0,proteinbert
479,TRAF3IP2,0.0348885,mRNA,,,0.0,proteinbert
480,ZBED1,-0.0431743,mRNA,,,0.0,proteinbert
481,ZNF347,-0.537267,mRNA,,,0.0,proteinbert
482,SAMD8,-0.224004,mRNA,,,0.0,proteinbert
483,ARL1,-0.0491197,mRNA,,,0.0,proteinbert
484,KCNK6,0.924824,mRNA,,,0.0,proteinbert
485,SPTLC2,0.107152,mRNA,,,0.0,proteinbert
486,VPS26A,0.0228997,mRNA,,,0.0,proteinbert
487,FEZ2,0.0773057,mRNA,,,0.0,proteinbert
488,HMGB3,0.243622,mRNA,,,0.0,proteinbert
489,CHAF1A,0.373599,mRNA,,,0.0,proteinbert
490,MTF1,-0.598036,mRNA,,,0.0,proteinbert
491,MXI1,-0.443559,mRNA,,,0.0,proteinbert
492,LASP1,0.751134,mRNA,,,0.0,proteinbert
493,PVR,-0.122343,mRNA,,,0.0,proteinbert
494,NFAT5,-0.197965,mRNA,,,0.0,proteinbert
495,ZBTB6,-0.294332,mRNA,,,0.0,proteinbert
496,NUDT3,0.416111,mRNA,,,0.0,proteinbert
497,GLO1,-0.09589,mRNA,,,0.0,proteinbert
498,ZBTB25,-0.501166,mRNA,,,0.0,proteinbert
499,BRCA1,-0.231982,mRNA,,,0.0,proteinbert
500,CBX5,-0.199312,mRNA,,,0.0,proteinbert
501,SF3B3,0.128105,mRNA,,,0.0,proteinbert
502,WDR37,-0.478086,mRNA,,,0.0,proteinbert
503,OSTM1,0.0723525,mRNA,,,0.0,proteinbert
504,SPCS1,0.035054,mRNA,,,0.0,proteinbert
505,E2F5,-0.237721,mRNA,,,0.0,proteinbert
506,HMGB1,0.0796319,mRNA,,,0.0,proteinbert
507,ITGA2,2.42653,mRNA,,,0.0,proteinbert
508,JAK1,0.177621,mRNA,,,0.0,proteinbert
509,MSH3,-0.219898,mRNA,,,0.0,proteinbert
510,PPP1R12B,-0.832713,mRNA,,,0.0,proteinbert
511,PPP6C,-0.310168,mRNA,,,0.0,proteinbert
512,RNASEH1,-0.248566,mRNA,,,0.0,proteinbert
513,CCL5,-0.658683,mRNA,,,0.0,proteinbert
514,E2F2,0.594424,mRNA,,,0.0,proteinbert
515,EIF2S1,-0.136934,mRNA,,,0.0,proteinbert
516,KCNMB1,0.792592,mRNA,,,0.0,proteinbert
517,BNIP2,-0.15787,mRNA,,,0.0,proteinbert
518,DUSP2,-0.562012,mRNA,,path:hsa04010,0.0,proteinbert
519,PKNOX1,-0.697426,mRNA,,,0.0,proteinbert
520,WIPF2,-0.167564,mRNA,,,0.0,proteinbert
521,ANKRD13C,-0.238567,mRNA,,,0.0,proteinbert
522,MAPRE3,-0.108909,mRNA,,,0.0,proteinbert
523,MFN1,-0.126678,mRNA,,,0.0,proteinbert
524,KCND3,-1.48843,mRNA,,,0.0,proteinbert
525,ESR1,0.0606573,mRNA,,,0.0,proteinbert
526,ORAI2,0.607662,mRNA,,,0.0,proteinbert
527,YIPF4,-0.0552906,mRNA,,,0.0,proteinbert
528,GINS4,-0.0519205,mRNA,,,0.0,proteinbert
529,PURB,-0.0477086,mRNA,,,0.0,proteinbert
530,ZNF280B,-0.571603,mRNA,,,0.0,proteinbert
531,C15orf40,-0.228327,mRNA,,,0.0,proteinbert
532,CXorf38,-0.514622,mRNA,,,0.0,proteinbert
533,VTI1A,-0.21531,mRNA,,,0.0,proteinbert
534,ANKS4B,0.0166127,mRNA,,,0.0,proteinbert
535,RRN3,-0.0559409,mRNA,,,0.0,proteinbert
536,ZYG11A,-1.05227,mRNA,,,0.0,proteinbert
537,NME6,0.135137,mRNA,,,0.0,proteinbert
538,RUNX3,-0.648091,mRNA,,,0.0,proteinbert
539,RPS6KA5,-2.03313,mRNA,,path:hsa04010,0.0,proteinbert
540,ALDH9A1,-0.564461,mRNA,,,0.0,proteinbert
541,REEP3,0.267565,mRNA,,,0.0,proteinbert
542,AKTIP,-0.0474762,mRNA,,,0.0,proteinbert
543,FBXO48,-0.76155,mRNA,,,0.0,proteinbert
544,COX19,-0.178844,mRNA,,,0.0,proteinbert
545,GPR155,-1.29555,mRNA,,,0.0,proteinbert
546,MUC17,0.0678834,mRNA,,,0.0,proteinbert
547,CRCP,-0.0337738,mRNA,,,0.0,proteinbert
548,MGAT4A,-0.0193007,mRNA,,,0.0,proteinbert
549,ZNF292,-0.483836,mRNA,,,0.0,proteinbert
550,PBX1,-0.228443,mRNA,,,0.0,proteinbert
551,DDAH1,0.588375,mRNA,,,0.0,proteinbert
552,LMBR1,0.150076,mRNA,,,0.0,proteinbert
553,NT5C2,-0.336053,mRNA,,,0.0,proteinbert
554,PHF20L1,-0.689023,mRNA,,,0.0,proteinbert
555,RSF1,-0.267155,mRNA,,,0.0,proteinbert
556,SOX5,-2.20017,mRNA,,,0.0,proteinbert
557,LONRF2,1.69213,mRNA,,,0.0,proteinbert
558,RALGPS2,-0.478903,mRNA,,,0.0,proteinbert
559,HOXA9,-0.568821,mRNA,,,0.0,proteinbert
560,FAM126B,-0.686997,mRNA,,,0.0,proteinbert
561,ANKRD46,-0.824439,mRNA,,,0.0,proteinbert
562,CKAP5,0.135741,mRNA,,,0.0,proteinbert
563,LPGAT1,-0.713014,mRNA,,,0.0,proteinbert
564,ERP44,-0.0751225,mRNA,,,0.0,proteinbert
565,DDHD2,-0.313244,mRNA,,,0.0,proteinbert
566,SATB1,-0.0144638,mRNA,,,0.0,proteinbert
567,PPP1R3B,0.590485,mRNA,,,0.0,proteinbert
568,MDM4,-0.286898,mRNA,,,0.0,proteinbert
569,DNM1L,-0.196577,mRNA,,,0.0,proteinbert
570,NUFIP2,-0.152744,mRNA,,,0.0,proteinbert
571,NFIA,-0.68231,mRNA,,,0.0,proteinbert
572,FMR1,0.120248,mRNA,,,0.0,proteinbert
573,ZNF217,0.616597,mRNA,,,0.0,proteinbert
574,EXOC5,-0.210502,mRNA,,,0.0,proteinbert
575,ATF2,-0.813082,mRNA,,path:hsa04010,0.0,proteinbert
576,THBS1,0.79056,mRNA,,,0.0,proteinbert
577,EIF4EBP2,-0.0657908,mRNA,,,0.0,proteinbert
578,B3GNT5,-0.306102,mRNA,,,0.0,proteinbert
579,SOCS4,-0.294138,mRNA,,,0.0,proteinbert
580,PLAT,0.374876,mRNA,,,0.0,proteinbert
581,OXTR,1.21523,mRNA,,,0.0,proteinbert
582,ATP2B4,0.0876605,mRNA,,,0.0,proteinbert
583,ZNF207,0.124762,mRNA,,,0.0,proteinbert
584,RLIM,-0.126419,mRNA,,,0.0,proteinbert
585,HIGD1A,-0.165414,mRNA,,,0.0,proteinbert
586,AP2B1,0.0577803,mRNA,,,0.0,proteinbert
587,RASSF4,-0.176385,mRNA,,,0.0,proteinbert
588,AP3M1,-0.217501,mRNA,,,0.0,proteinbert
589,ABLIM3,-0.903794,mRNA,,,0.0,proteinbert
590,GDPD5,-0.18511,mRNA,,,0.0,proteinbert
591,FGFR1,-0.338525,mRNA,,path:hsa04010,0.0,proteinbert
592,BCL2L13,-0.00331037,mRNA,,,0.0,proteinbert
593,KIF1B,0.0056196,mRNA,,,0.0,proteinbert
594,ZNRF1,0.188848,mRNA,,,0.0,proteinbert
595,CTNNB1,0.554633,mRNA,,,0.0,proteinbert
596,MAPK8,-0.471185,mRNA,,path:hsa04010,0.0,proteinbert
597,UBE2I,0.534511,mRNA,,,0.0,proteinbert
598,GMEB2,-0.279159,mRNA,,,0.0,proteinbert
599,SH3BP4,-0.45432,mRNA,,,0.0,proteinbert
600,PSMD10,-0.0293779,mRNA,,,0.0,proteinbert
601,SCN4B,-0.999873,mRNA,,,0.0,proteinbert
602,ERC1,-0.274966,mRNA,,,0.0,proteinbert
603,CNNM2,-0.397631,mRNA,,,0.0,proteinbert
604,MEF2C,-0.466186,mRNA,,path:hsa04010,0.0,proteinbert
605,GSR,-0.0239958,mRNA,,,0.0,proteinbert
606,CLEC2D,0.0960209,mRNA,,,0.0,proteinbert
607,CALU,0.13137,mRNA,,,0.0,proteinbert
608,CPD,0.57516,mRNA,,,0.0,proteinbert
609,NFIC,-0.599056,mRNA,,,0.0,proteinbert
610,TBPL1,-0.45681,mRNA,,,0.0,proteinbert
611,TRPS1,-0.534656,mRNA,,,0.0,proteinbert
612,PHLPP2,-0.835542,mRNA,,,0.0,proteinbert
613,RASA1,0.735038,mRNA,,path:hsa04010,0.0,proteinbert
614,ZBTB8B,0.983621,mRNA,,,0.0,proteinbert
615,PPARGC1B,-0.122838,mRNA,,,0.0,proteinbert
616,ZBTB33,0.536389,mRNA,,,0.0,proteinbert
617,SUGT1,-0.0631999,mRNA,,,0.0,proteinbert
618,WASF2,-0.107911,mRNA,,,0.0,proteinbert
619,AHSA1,0.0417655,mRNA,,,0.0,proteinbert
620,CD274,-0.0998643,mRNA,,,0.0,proteinbert
621,NRAS,-0.156599,mRNA,,path:hsa04010,0.0,proteinbert
622,PLXNB1,0.484508,mRNA,,,0.0,proteinbert
623,FLOT2,0.443864,mRNA,,,0.0,proteinbert
624,POU4F2,0.0372693,mRNA,,,0.0,proteinbert
625,ASH1L,-0.533136,mRNA,,,0.0,proteinbert
626,SRD5A3,-0.101397,mRNA,,,0.0,proteinbert
627,ALPK2,-0.35783,mRNA,,,0.0,proteinbert
628,BAX,1.06989,mRNA,,,0.0,proteinbert
629,MAPK14,0.133947,mRNA,,path:hsa04010,0.0,proteinbert
630,PGAM4,-0.315556,mRNA,,,0.0,proteinbert
631,LRTM2,-0.947964,mRNA,,,0.0,proteinbert
632,SSX2IP,-0.121779,mRNA,,,0.0,proteinbert
633,ERBB4,-1.78306,mRNA,,path:hsa04010,0.0,proteinbert
634,POU3F2,-0.0394024,mRNA,,,0.0,proteinbert
635,AMMECR1L,-0.263071,mRNA,,,0.0,proteinbert
636,TIAM1,2.9109,mRNA,,,0.0,proteinbert
637,MAPK10,-0.480979,mRNA,,path:hsa04010,0.0,proteinbert
638,ZNF652,-0.481095,mRNA,,,0.0,proteinbert
639,IQCE,-0.407682,mRNA,,,0.0,proteinbert
640,PTPRF,0.658639,mRNA,,,0.0,proteinbert
641,DYRK3,-0.945602,mRNA,,,0.0,proteinbert
642,STAMBP,-0.0527485,mRNA,,,0.0,proteinbert
643,SLC19A3,-0.503791,mRNA,,,0.0,proteinbert
644,CABYR,0.705338,mRNA,,,0.0,proteinbert
645,CAMKK1,0.490782,mRNA,,,0.0,proteinbert
646,UBN2,-0.561671,mRNA,,,0.0,proteinbert
647,MIDN,0.12273,mRNA,,,0.0,proteinbert
648,AKT3,-0.0729472,mRNA,,path:hsa04010,0.0,proteinbert
649,PRDM16,-1.45901,mRNA,,,0.0,proteinbert
650,LIMS1,-0.713264,mRNA,,,0.0,proteinbert
651,BRD1,-0.310628,mRNA,,,0.0,proteinbert
652,EEF1A1,0.237929,mRNA,,,0.0,proteinbert
653,DKK2,0.208635,mRNA,,,0.0,proteinbert
654,POGZ,-0.188867,mRNA,,,0.0,proteinbert
655,ANKRD28,-0.184955,mRNA,,,0.0,proteinbert
656,PHF21A,-0.0728914,mRNA,,,0.0,proteinbert
657,NDUFS1,-0.260792,mRNA,,,0.0,proteinbert
658,CROT,-0.372906,mRNA,,,0.0,proteinbert
659,C19orf12,-0.00083736,mRNA,,,0.0,proteinbert
660,GPR107,-0.296581,mRNA,,,0.0,proteinbert
661,TNKS2,-0.253834,mRNA,,,0.0,proteinbert
662,NDFIP1,-0.207723,mRNA,,,0.0,proteinbert
663,SIRT1,-0.383186,mRNA,,,0.0,proteinbert
664,SLC30A7,0.0821664,mRNA,,,0.0,proteinbert
665,STMN1,0.759864,mRNA,,path:hsa04010,0.0,proteinbert
666,VANGL1,-1.09544,mRNA,,,0.0,proteinbert
667,PEG10,0.102063,mRNA,,,0.0,proteinbert
668,TNFSF10,-0.385933,mRNA,,,0.0,proteinbert
669,ARID1A,-0.264412,mRNA,,,0.0,proteinbert
670,ZNF236,-0.402148,mRNA,,,0.0,proteinbert
671,KPNA6,0.152607,mRNA,,,0.0,proteinbert
672,RHOA,0.06119,mRNA,,,0.0,proteinbert
673,HNRNPD,-0.122403,mRNA,,,0.0,proteinbert
674,ABLIM1,-0.778041,mRNA,,,0.0,proteinbert
675,DENR,0.0384986,mRNA,,,0.0,proteinbert
676,SNX4,-0.79675,mRNA,,,0.0,proteinbert
677,DDX6,-0.309548,mRNA,,,0.0,proteinbert
678,TCEAL1,-0.29535,mRNA,,,0.0,proteinbert
679,LRP6,-0.612487,mRNA,,,0.0,proteinbert
680,SLC10A7,-0.62694,mRNA,,,0.0,proteinbert
681,PCDHA3,0.609761,mRNA,,,0.0,proteinbert
682,PCDHAC1,0.836249,mRNA,,,0.0,proteinbert
683,BMF,0.47988,mRNA,,,0.0,proteinbert
684,BRWD1,-0.266599,mRNA,,,0.0,proteinbert
685,RBM33,-0.242518,mRNA,,,0.0,proteinbert
686,TMEM183A,-0.0233009,mRNA,,,0.0,proteinbert
687,SELE,-0.995698,mRNA,,,0.0,proteinbert
688,HNRNPA1,0.137227,mRNA,,,0.0,proteinbert
689,SDC4,2.19662,mRNA,,,0.0,proteinbert
690,TMEM101,0.112576,mRNA,,,0.0,proteinbert
691,CKAP2L,0.513895,mRNA,,,0.0,proteinbert
692,VKORC1L1,0.0899091,mRNA,,,0.0,proteinbert
693,MYLK3,-0.379076,mRNA,,,0.0,proteinbert
694,RCOR1,-0.0775525,mRNA,,,0.0,proteinbert
695,RRP15,-0.259554,mRNA,,,0.0,proteinbert
696,MRPS16,0.0853886,mRNA,,,0.0,proteinbert
697,RPL15,0.145995,mRNA,,,0.0,proteinbert
698,SLC39A10,0.824784,mRNA,,,0.0,proteinbert
699,DSC3,2.78244,mRNA,,,0.0,proteinbert
700,CARD8,-0.256694,mRNA,,,0.0,proteinbert
701,ABL1,-0.19548,mRNA,,,0.0,proteinbert
702,PABPC1,0.36174,mRNA,,,0.0,proteinbert
703,CYP1A2,-1.02813,mRNA,,,0.0,proteinbert
704,RPL27A,0.0869173,mRNA,,,0.0,proteinbert
705,ZNF749,-0.396368,mRNA,,,0.0,proteinbert
706,TRAT1,-1.02275,mRNA,,,0.0,proteinbert
707,LGALS3BP,0.321272,mRNA,,,0.0,proteinbert
708,GNAI3,-0.0299785,mRNA,,,0.0,proteinbert
709,TOP3A,-0.0543502,mRNA,,,0.0,proteinbert
710,ZNF131,-0.339544,mRNA,,,0.0,proteinbert
711,TRMT5,-0.347155,mRNA,,,0.0,proteinbert
712,ABCG2,0.439127,mRNA,,,0.0,proteinbert
713,TMCC1,0.208784,mRNA,,,0.0,proteinbert
714,GRB10,0.788612,mRNA,,,0.0,proteinbert
715,SPTBN2,3.51248,mRNA,,,0.0,proteinbert
716,SMAD5,-0.272806,mRNA,,,0.0,proteinbert
717,PPP2R2A,0.0177122,mRNA,,,0.0,proteinbert
718,SMARCA4,0.606839,mRNA,,,0.0,proteinbert
719,MGAT4B,1.06571,mRNA,,,0.0,proteinbert
720,OSBPL10,0.85798,mRNA,,,0.0,proteinbert
721,UBR7,-0.169269,mRNA,,,0.0,proteinbert
722,ZNF714,0.227418,mRNA,,,0.0,proteinbert
723,EIF3I,0.36452,mRNA,,,0.0,proteinbert
724,ZFYVE16,-0.265093,mRNA,,,0.0,proteinbert
725,LUC7L2,-0.32138,mRNA,,,0.0,proteinbert
726,TRIM44,-0.648486,mRNA,,,0.0,proteinbert
727,PGPEP1,0.679992,mRNA,,,0.0,proteinbert
728,WDR6,0.185313,mRNA,,,0.0,proteinbert
729,NLE1,0.108547,mRNA,,,0.0,proteinbert
730,DDX21,-0.378374,mRNA,,,0.0,proteinbert
731,MDM2,0.557349,mRNA,,,0.0,proteinbert
732,SLC35A2,0.0465132,mRNA,,,0.0,proteinbert
733,TLE3,0.350172,mRNA,,,0.0,proteinbert
734,SERTAD4,-0.977873,mRNA,,,0.0,proteinbert
735,STOX2,-1.36788,mRNA,,,0.0,proteinbert
736,NFS1,-0.338028,mRNA,,,0.0,proteinbert
737,RECK,-0.676564,mRNA,,,0.0,proteinbert
738,PELI2,-1.09613,mRNA,,,0.0,proteinbert
739,CSNK1G1,-0.576367,mRNA,,,0.0,proteinbert
740,HIPK2,0.180357,mRNA,,,0.0,proteinbert
741,PHACTR4,-0.430263,mRNA,,,0.0,proteinbert
742,DOCK5,-0.782684,mRNA,,,0.0,proteinbert
743,FBXL18,-0.574156,mRNA,,,0.0,proteinbert
744,ZNF772,-0.226084,mRNA,,,0.0,proteinbert
745,COG5,-0.536622,mRNA,,,0.0,proteinbert
746,KIF3B,-0.37483,mRNA,,,0.0,proteinbert
747,SART1,0.209835,mRNA,,,0.0,proteinbert
748,SS18,0.0308079,mRNA,,,0.0,proteinbert
749,DCAF7,0.0386887,mRNA,,,0.0,proteinbert
750,CAPRIN1,0.0711507,mRNA,,,0.0,proteinbert
751,POLE,0.247666,mRNA,,,0.0,proteinbert
752,RNPS1,0.168665,mRNA,,,0.0,proteinbert
753,QKI,-0.372358,mRNA,,,0.0,proteinbert
754,CPSF6,-0.0515579,mRNA,,,0.0,proteinbert
755,FICD,-0.6091,mRNA,,,0.0,proteinbert
756,VCP,0.114445,mRNA,,,0.0,proteinbert
757,LRP10,0.153777,mRNA,,,0.0,proteinbert
758,ZNF770,0.224861,mRNA,,,0.0,proteinbert
759,MGMT,0.0802124,mRNA,,,0.0,proteinbert
760,PBX2,-0.0420094,mRNA,,,0.0,proteinbert
761,RBMS2,0.415856,mRNA,,,0.0,proteinbert
762,SORT1,-0.0802319,mRNA,,,0.0,proteinbert
763,SDHA,-0.199208,mRNA,,,0.0,proteinbert
764,ZW10,-0.092342,mRNA,,,0.0,proteinbert
765,PIWIL1,2.28584,mRNA,,,0.0,proteinbert
766,BBC3,2.16725,mRNA,,,0.0,proteinbert
767,TOM1,-0.0200242,mRNA,,,0.0,proteinbert
768,FYTTD1,0.138613,mRNA,,,0.0,proteinbert
769,CBX2,1.42342,mRNA,,,0.0,proteinbert
770,C18orf25,-0.180882,mRNA,,,0.0,proteinbert
771,CDKL5,-0.917123,mRNA,,,0.0,proteinbert
772,UBIAD1,-0.241037,mRNA,,,0.0,proteinbert
773,TIMM50,0.220265,mRNA,,,0.0,proteinbert
774,RNF215,0.153189,mRNA,,,0.0,proteinbert
775,TP53BP2,-0.0965994,mRNA,,,0.0,proteinbert
776,POLL,-0.0305134,mRNA,,,0.0,proteinbert
777,ADD1,0.0862244,mRNA,,,0.0,proteinbert
778,SPIN3,-0.316145,mRNA,,,0.0,proteinbert
779,PPARA,-0.440728,mRNA,,,0.0,proteinbert
780,UFM1,-0.17287,mRNA,,,0.0,proteinbert
781,EGFR,0.0236313,mRNA,,path:hsa04010,0.0,proteinbert
782,NPTX1,-0.64976,mRNA,,,0.0,proteinbert
783,STX7,-0.342522,mRNA,,,0.0,proteinbert
784,CLEC4E,-1.20925,mRNA,,,0.0,proteinbert
785,UBXN2B,-0.222747,mRNA,,,0.0,proteinbert
786,NLGN1,-2.53391,mRNA,,,0.0,proteinbert
787,CBX3,0.409023,mRNA,,,0.0,proteinbert
788,FRS2,-0.444727,mRNA,,,0.0,proteinbert
789,SLC38A1,-0.899705,mRNA,,,0.0,proteinbert
790,INHBA,0.27444,mRNA,,,0.0,proteinbert
791,DCK,0.0163718,mRNA,,,0.0,proteinbert
792,OTUD4,-0.256216,mRNA,,,0.0,proteinbert
793,PHLDA1,-0.29603,mRNA,,,0.0,proteinbert
794,BAHD1,0.282241,mRNA,,,0.0,proteinbert
795,NPM1,0.208247,mRNA,,,0.0,proteinbert
796,RPL7L1,-0.330639,mRNA,,,0.0,proteinbert
797,SLC1A2,-1.52721,mRNA,,,0.0,proteinbert
798,SRC,0.616808,mRNA,,,0.0,proteinbert
799,MYO1D,0.43027,mRNA,,,0.0,proteinbert
800,ZNF331,-0.671534,mRNA,,,0.0,proteinbert
801,RPS4Y1,-0.0407706,mRNA,,,0.0,proteinbert
802,SATB2,0.441027,mRNA,,,0.0,proteinbert
803,SPRED1,0.307802,mRNA,,,0.0,proteinbert
804,IL5RA,-0.981092,mRNA,,,0.0,proteinbert
805,NF2,0.142953,mRNA,,,0.0,proteinbert
806,RAB27A,1.46114,mRNA,,,0.0,proteinbert
807,CXCL12,-1.40605,mRNA,,,0.0,proteinbert
808,NDFIP2,0.210384,mRNA,,,0.0,proteinbert
809,SRPX2,1.08609,mRNA,,,0.0,proteinbert
810,SERTAD2,0.373425,mRNA,,,0.0,proteinbert
811,KLHDC10,-0.569001,mRNA,,,0.0,proteinbert
812,XPO6,-0.197265,mRNA,,,0.0,proteinbert
813,INTU,-0.200035,mRNA,,,0.0,proteinbert
814,UBA6,-0.0277854,mRNA,,,0.0,proteinbert
815,RDX,-0.567497,mRNA,,,0.0,proteinbert
816,JARID2,-0.0948778,mRNA,,,0.0,proteinbert
817,ARPC5,-0.0844373,mRNA,,,0.0,proteinbert
818,STK40,-0.352832,mRNA,,,0.0,proteinbert
819,SFXN1,-0.116648,mRNA,,,0.0,proteinbert
820,EDC3,0.0864004,mRNA,,,0.0,proteinbert
821,ETS1,0.14395,mRNA,,,0.0,proteinbert
822,CDK1,0.307581,mRNA,,,0.0,proteinbert
823,SP7,-0.0859411,mRNA,,,0.0,proteinbert
824,CASR,-1.19233,mRNA,,,0.0,proteinbert
825,MMP16,2.2683,mRNA,,,0.0,proteinbert
826,FRK,-0.856433,mRNA,,,0.0,proteinbert
827,ABCB9,0.777075,mRNA,,,0.0,proteinbert
828,QSER1,-0.206395,mRNA,,,0.0,proteinbert
829,NFATC2IP,-0.0256052,mRNA,,,0.0,proteinbert
830,PPM1L,-1.67778,mRNA,,,0.0,proteinbert
831,PPIL2,-0.213101,mRNA,,,0.0,proteinbert
832,NFE2L1,-0.251136,mRNA,,,0.0,proteinbert
833,AR,-2.33554,mRNA,,,0.0,proteinbert
834,RPL37A,0.250237,mRNA,,,0.0,proteinbert
835,MXRA7,0.163756,mRNA,,,0.0,proteinbert
836,VAV3,0.137057,mRNA,,,0.0,proteinbert
837,HDLBP,-0.109423,mRNA,,,0.0,proteinbert
838,GNPDA1,0.558846,mRNA,,,0.0,proteinbert
839,PLA2G2D,-0.918993,mRNA,,,0.0,proteinbert
840,CDC23,-0.17316,mRNA,,,0.0,proteinbert
841,NLRC5,0.173844,mRNA,,,0.0,proteinbert
842,CPT2,0.132026,mRNA,,,0.0,proteinbert
843,ADARB1,0.477191,mRNA,,,0.0,proteinbert
844,CFLAR,-0.31665,mRNA,,,0.0,proteinbert
845,GAPVD1,-0.285865,mRNA,,,0.0,proteinbert
846,OPA1,-0.28476,mRNA,,,0.0,proteinbert
847,CD40,0.456252,mRNA,,,0.0,proteinbert
848,ERLIN2,-0.506502,mRNA,,,0.0,proteinbert
849,SYNGR2,0.757933,mRNA,,,0.0,proteinbert
850,AXIN2,-1.26295,mRNA,,,0.0,proteinbert
851,CLTB,0.340573,mRNA,,,0.0,proteinbert
852,NUP98,-0.170984,mRNA,,,0.0,proteinbert
853,ITGA6,0.762288,mRNA,,,0.0,proteinbert
854,TPM1,0.0428073,mRNA,,,0.0,proteinbert
855,LARP1,-0.0902275,mRNA,,,0.0,proteinbert
856,CDON,-2.20797,mRNA,,,0.0,proteinbert
857,ANKS1A,-0.536548,mRNA,,,0.0,proteinbert
858,CASP6,0.325235,mRNA,,,0.0,proteinbert
859,CDC25C,0.624832,mRNA,,,0.0,proteinbert
860,KCNH1,0.507608,mRNA,,,0.0,proteinbert
861,MKLN1,-0.330214,mRNA,,,0.0,proteinbert
862,AKT1,0.292482,mRNA,,path:hsa04010,0.0,proteinbert
863,ADNP,-0.283575,mRNA,,,0.0,proteinbert
864,RBM12,-0.351385,mRNA,,,0.0,proteinbert
865,FUT8,0.166028,mRNA,,,0.0,proteinbert
866,SPTBN1,-0.840735,mRNA,,,0.0,proteinbert
867,APAF1,-0.221035,mRNA,,,0.0,proteinbert
868,SYNE2,-0.79571,mRNA,,,0.0,proteinbert
869,BIRC3,-0.159458,mRNA,,,0.0,proteinbert
870,ZDHHC16,0.431105,mRNA,,,0.0,proteinbert
871,DIABLO,0.212106,mRNA,,,0.0,proteinbert
872,NDRG1,-0.677062,mRNA,,,0.0,proteinbert
873,TRAF3,-0.53083,mRNA,,,0.0,proteinbert
874,IRGQ,0.233426,mRNA,,,0.0,proteinbert
875,EXT2,0.0287332,mRNA,,,0.0,proteinbert
876,MTAP,0.100381,mRNA,,,0.0,proteinbert
877,TMOD2,-0.075333,mRNA,,,0.0,proteinbert
878,BCLAF1,-0.290249,mRNA,,,0.0,proteinbert
879,RNF40,-0.0974025,mRNA,,,0.0,proteinbert
880,MTMR9,-0.261876,mRNA,,,0.0,proteinbert
881,GIGYF2,-0.182357,mRNA,,,0.0,proteinbert
882,GDE1,0.292744,mRNA,,,0.0,proteinbert
883,FIGN,-0.457538,mRNA,,,0.0,proteinbert
884,POLR3E,-0.221572,mRNA,,,0.0,proteinbert
885,TGIF2,-0.327113,mRNA,,,0.0,proteinbert
886,CASP10,0.559884,mRNA,,,0.0,proteinbert
887,KIF2A,-0.318868,mRNA,,,0.0,proteinbert
888,FAM104A,0.167699,mRNA,,,0.0,proteinbert
889,NUCKS1,-0.276073,mRNA,,,0.0,proteinbert
890,ACSL4,0.103274,mRNA,,,0.0,proteinbert
891,WDR77,0.0122055,mRNA,,,0.0,proteinbert
892,MAP4,0.457749,mRNA,,,0.0,proteinbert
893,PLIN3,0.184901,mRNA,,,0.0,proteinbert
894,RRM2,1.27212,mRNA,,,0.0,proteinbert
895,LEF1,0.658088,mRNA,,,0.0,proteinbert
896,XIAP,0.0123908,mRNA,,,0.0,proteinbert
897,GYG1,0.261357,mRNA,,,0.0,proteinbert
898,FOSL1,0.743033,mRNA,,,0.0,proteinbert
899,UST,-1.02199,mRNA,,,0.0,proteinbert
900,CCT3,0.205961,mRNA,,,0.0,proteinbert
901,PDGFRA,-2.09843,mRNA,,path:hsa04010,0.0,proteinbert
902,RRAS,0.96998,mRNA,,path:hsa04010,0.0,proteinbert
903,ERLIN1,0.371716,mRNA,,,0.0,proteinbert
904,SNTB2,-0.534279,mRNA,,,0.0,proteinbert
905,RAB3GAP2,-0.249995,mRNA,,,0.0,proteinbert
906,AKR1B1,-0.0554724,mRNA,,,0.0,proteinbert
907,GATA4,-1.10563,mRNA,,,0.0,proteinbert
908,CXCL9,-0.499351,mRNA,,,0.0,proteinbert
909,CCL22,0.888688,mRNA,,,0.0,proteinbert
910,PDXK,0.0378403,mRNA,,,0.0,proteinbert
911,PEA15,0.566447,mRNA,,,0.0,proteinbert
912,HRK,1.7363,mRNA,,,0.0,proteinbert
913,TNFRSF10A,0.709381,mRNA,,,0.0,proteinbert
914,BCL10,-0.1793,mRNA,,,0.0,proteinbert
915,CDKN1B,-0.290395,mRNA,,,0.0,proteinbert
916,PKP2,1.70917,mRNA,,,0.0,proteinbert
917,STX1A,0.0411178,mRNA,,,0.0,proteinbert
918,TSN,0.176668,mRNA,,,0.0,proteinbert
919,TOMM40,0.14547,mRNA,,,0.0,proteinbert
920,RBCK1,0.306035,mRNA,,,0.0,proteinbert
921,EDEM3,-0.294256,mRNA,,,0.0,proteinbert
922,ZSWIM7,0.21404,mRNA,,,0.0,proteinbert
923,RNF169,-0.303103,mRNA,,,0.0,proteinbert
924,BCL2A1,0.229064,mRNA,,,0.0,proteinbert
925,AIFM1,-0.162853,mRNA,,,0.0,proteinbert
926,ALS2,-0.30849,mRNA,,,0.0,proteinbert
927,LLPH,-0.0620643,mRNA,,,0.0,proteinbert
928,MBD6,-0.202817,mRNA,,,0.0,proteinbert
929,FKBP1B,-0.213014,mRNA,,,0.0,proteinbert
930,TPCN2,-0.210669,mRNA,,,0.0,proteinbert
931,GDF5,0.0474143,mRNA,,,0.0,proteinbert
932,MOV10,0.337814,mRNA,,,0.0,proteinbert
933,CD70,1.7213,mRNA,,,0.0,proteinbert
934,TNF,-0.884273,mRNA,,path:hsa04010,0.0,proteinbert
935,POLR2A,-0.00532241,mRNA,,,0.0,proteinbert
936,RPL37,0.172892,mRNA,,,0.0,proteinbert
937,BIRC5,1.21499,mRNA,,,0.0,proteinbert
938,TGFBR2,-0.327293,mRNA,,path:hsa04010,0.0,proteinbert
939,SHE,0.70267,mRNA,,,0.0,proteinbert
940,ZNF460,-0.654611,mRNA,,,0.0,proteinbert
941,FNIP1,-0.160198,mRNA,,,0.0,proteinbert
942,FBXW2,-0.190183,mRNA,,,0.0,proteinbert
943,GGCX,-0.209955,mRNA,,,0.0,proteinbert
944,ZNF417,-0.574944,mRNA,,,0.0,proteinbert
945,IL6ST,-0.700197,mRNA,,,0.0,proteinbert
946,CYP20A1,-0.547076,mRNA,,,0.0,proteinbert
947,AURKA,-0.344306,mRNA,,,0.0,proteinbert
948,NUP43,0.0541169,mRNA,,,0.0,proteinbert
949,TXLNA,0.287416,mRNA,,,0.0,proteinbert
950,KCNC4,0.0666361,mRNA,,,0.0,proteinbert
951,SUPT7L,0.0482332,mRNA,,,0.0,proteinbert
952,ZDHHC5,0.288447,mRNA,,,0.0,proteinbert
953,CYTH2,0.0602444,mRNA,,,0.0,proteinbert
954,ESRP1,0.300003,mRNA,,,0.0,proteinbert
955,UHRF1BP1,-0.0867985,mRNA,,,0.0,proteinbert
956,G2E3,-0.687721,mRNA,,,0.0,proteinbert
957,TMEM33,0.164794,mRNA,,,0.0,proteinbert
958,SLC25A36,-0.383897,mRNA,,,0.0,proteinbert
959,TEF,0.167792,mRNA,,,0.0,proteinbert
960,LHFPL2,0.143218,mRNA,,,0.0,proteinbert
961,AKAP10,-0.536876,mRNA,,,0.0,proteinbert
962,SOX11,2.50261,mRNA,,,0.0,proteinbert
963,ZNF157,-1.05299,mRNA,,,0.0,proteinbert
964,KIF5B,0.0635354,mRNA,,,0.0,proteinbert
965,GCNT3,-1.02526,mRNA,,,0.0,proteinbert
966,SPRYD4,-0.083497,mRNA,,,0.0,proteinbert
967,HOXA13,0.346571,mRNA,,,0.0,proteinbert
968,CNOT4,-0.446973,mRNA,,,0.0,proteinbert
969,TRIM13,0.0214038,mRNA,,,0.0,proteinbert
970,MTRF1L,-0.295153,mRNA,,,0.0,proteinbert
971,TM2D2,-0.333375,mRNA,,,0.0,proteinbert
972,IL6R,-0.606354,mRNA,,,0.0,proteinbert
973,FOXP1,-0.123937,mRNA,,,0.0,proteinbert
974,SMAD2,-0.235118,mRNA,,,0.0,proteinbert
975,PIK3R1,-0.0574386,mRNA,,,0.0,proteinbert
976,CADM1,0.0313251,mRNA,,,0.0,proteinbert
977,UBE2S,-0.13585,mRNA,,,0.0,proteinbert
978,RCOR3,-0.0956768,mRNA,,,0.0,proteinbert
979,HPGD,-0.360668,mRNA,,,0.0,proteinbert
980,CENPN,-0.0669076,mRNA,,,0.0,proteinbert
981,MBD4,0.0469316,mRNA,,,0.0,proteinbert
982,SEC23IP,-0.307189,mRNA,,,0.0,proteinbert
983,IGSF3,1.03532,mRNA,,,0.0,proteinbert
984,UBASH3B,-0.254349,mRNA,,,0.0,proteinbert
985,MACROD2,1.44726,mRNA,,,0.0,proteinbert
986,PDE4C,3.39864,mRNA,,,0.0,proteinbert
987,ANKRD50,-0.219359,mRNA,,,0.0,proteinbert
988,RPS16,0.113295,mRNA,,,0.0,proteinbert
989,AP1G1,-0.172071,mRNA,,,0.0,proteinbert
990,ANKRD9,-0.697965,mRNA,,,0.0,proteinbert
991,STK4,-0.2025,mRNA,,path:hsa04010,0.0,proteinbert
992,KIF1A,-2.43319,mRNA,,,0.0,proteinbert
993,YIPF6,-0.487221,mRNA,,,0.0,proteinbert
994,GEN1,-0.412395,mRNA,,,0.0,proteinbert
995,FAM120AOS,-0.189454,mRNA,,,0.0,proteinbert
996,ZBTB44,-0.32215,mRNA,,,0.0,proteinbert
997,ATP11B,0.0132118,mRNA,,,0.0,proteinbert
998,RAP1GAP2,0.628313,mRNA,,,0.0,proteinbert
999,MRAS,-0.0454231,mRNA,,path:hsa04010,0.0,proteinbert
1000,AGAP3,0.17453,mRNA,,,0.0,proteinbert
1001,ACTN4,0.610742,mRNA,,,0.0,proteinbert
1002,CEBPG,-0.268584,mRNA,,,0.0,proteinbert
1003,SLC31A1,-0.17653,mRNA,,,0.0,proteinbert
1004,SRPK1,0.0213946,mRNA,,,0.0,proteinbert
1005,GCM1,-0.25416,mRNA,,,0.0,proteinbert
1006,ARCN1,-0.0710393,mRNA,,,0.0,proteinbert
1007,MORF4L2,-0.252564,mRNA,,,0.0,proteinbert
1008,ZNF431,-0.000584814,mRNA,,,0.0,proteinbert
1009,RPS19,0.391838,mRNA,,,0.0,proteinbert
1010,RPS29,0.143571,mRNA,,,0.0,proteinbert
1011,TK1,1.79306,mRNA,,,0.0,proteinbert
1012,AZIN1,-0.320716,mRNA,,,0.0,proteinbert
1013,LHFPL5,0.227137,mRNA,,,0.0,proteinbert
1014,ZNF107,-0.342564,mRNA,,,0.0,proteinbert
1015,GPR173,0.233604,mRNA,,,0.0,proteinbert
1016,LCOR,-0.676371,mRNA,,,0.0,proteinbert
1017,ZNF268,-0.462333,mRNA,,,0.0,proteinbert
1018,EEF2K,0.13138,mRNA,,,0.0,proteinbert
1019,PAK3,-3.11621,mRNA,,,0.0,proteinbert
1020,VGLL4,-0.264111,mRNA,,,0.0,proteinbert
1021,TOR1AIP1,-0.447977,mRNA,,,0.0,proteinbert
1022,COPS7B,0.246703,mRNA,,,0.0,proteinbert
1023,KLF6,-1.14548,mRNA,,,0.0,proteinbert
1024,KCNB1,-0.961281,mRNA,,,0.0,proteinbert
1025,NCBP2,0.0711113,mRNA,,,0.0,proteinbert
1026,MATN1,-0.390173,mRNA,,,0.0,proteinbert
1027,COIL,-0.29932,mRNA,,,0.0,proteinbert
1028,ANKRD40,-0.10453,mRNA,,,0.0,proteinbert
1029,OTUD7A,-0.60448,mRNA,,,0.0,proteinbert
1030,ZNF740,-0.220844,mRNA,,,0.0,proteinbert
1031,TMEM97,0.0281649,mRNA,,,0.0,proteinbert
1032,TMEM106B,0.082156,mRNA,,,0.0,proteinbert
1033,IDE,-0.0989825,mRNA,,,0.0,proteinbert
1034,TFRC,-0.892238,mRNA,,,0.0,proteinbert
1035,PPIP5K2,-0.383862,mRNA,,,0.0,proteinbert
1036,ST3GAL5,1.3249,mRNA,,,0.0,proteinbert
1037,FXR1,0.0036321,mRNA,,,0.0,proteinbert
1038,GLDN,2.13935,mRNA,,,0.0,proteinbert
1039,SCARB2,0.48429,mRNA,,,0.0,proteinbert
1040,SRGAP2,0.869972,mRNA,,,0.0,proteinbert
1041,ABCC1,-0.51134,mRNA,,,0.0,proteinbert
1042,MICALL1,-0.169517,mRNA,,,0.0,proteinbert
1043,UBE2A,0.563695,mRNA,,,0.0,proteinbert
1044,PAK1,-0.131883,mRNA,,path:hsa04010,0.0,proteinbert
1045,SLC25A15,-1.8953,mRNA,,,0.0,proteinbert
1046,SULT1B1,0.537958,mRNA,,,0.0,proteinbert
1047,EHD3,-0.139073,mRNA,,,0.0,proteinbert
1048,ZNF385A,0.176443,mRNA,,,0.0,proteinbert
1049,KIF16B,-0.504776,mRNA,,,0.0,proteinbert
1050,BMPR2,0.144645,mRNA,,,0.0,proteinbert
1051,GLS,0.160195,mRNA,,,0.0,proteinbert
1052,GNA12,-0.0890615,mRNA,,path:hsa04010,0.0,proteinbert
1053,RCC2,0.791827,mRNA,,,0.0,proteinbert
1054,CRLS1,0.0809407,mRNA,,,0.0,proteinbert
1055,CNNM4,-0.524721,mRNA,,,0.0,proteinbert
1056,ALG9,-0.0616428,mRNA,,,0.0,proteinbert
1057,ROR1,0.579259,mRNA,,,0.0,proteinbert
1058,LANCL1,-0.246043,mRNA,,,0.0,proteinbert
1059,SLC5A3,-0.227063,mRNA,,,0.0,proteinbert
1060,CNTNAP2,-1.65519,mRNA,,,0.0,proteinbert
1061,SERPINB5,1.22414,mRNA,,,0.0,proteinbert
1062,RYK,0.0436845,mRNA,,,0.0,proteinbert
1063,SLIT3,-0.242573,mRNA,,,0.0,proteinbert
1064,PIGH,-0.22185,mRNA,,,0.0,proteinbert
1065,GJC1,1.12565,mRNA,,,0.0,proteinbert
1066,COMMD7,0.0322026,mRNA,,,0.0,proteinbert
1067,ADCY9,-0.486089,mRNA,,,0.0,proteinbert
1068,DAZAP2,-0.325737,mRNA,,,0.0,proteinbert
1069,RSPRY1,-0.188636,mRNA,,,0.0,proteinbert
1070,CACNG5,-0.0917909,mRNA,,path:hsa04010,0.0,proteinbert
1071,PIK3R3,0.125385,mRNA,,,0.0,proteinbert
1072,FAM136A,0.132232,mRNA,,,0.0,proteinbert
1073,MTHFD2,0.49606,mRNA,,,0.0,proteinbert
1074,APBB2,-0.636661,mRNA,,,0.0,proteinbert
1075,HOXC12,0.00438728,mRNA,,,0.0,proteinbert
1076,PPP4R2,-0.502186,mRNA,,,0.0,proteinbert
1077,NTRK3,1.28019,mRNA,,,0.0,proteinbert
1078,TNFAIP8,-0.740664,mRNA,,,0.0,proteinbert
1079,FRMD4B,-0.560983,mRNA,,,0.0,proteinbert
1080,NR6A1,-0.73708,mRNA,,,0.0,proteinbert
1081,PRRX1,-1.40211,mRNA,,,0.0,proteinbert
1082,SOX7,-0.372399,mRNA,,,0.0,proteinbert
1083,SERINC5,-0.164119,mRNA,,,0.0,proteinbert
1084,ONECUT2,-1.00275,mRNA,,,0.0,proteinbert
1085,SLC30A4,-1.06147,mRNA,,,0.0,proteinbert
1086,MYLK,-0.194772,mRNA,,,0.0,proteinbert
1087,TTC7B,-0.0233559,mRNA,,,0.0,proteinbert
1088,ZNF704,-0.732091,mRNA,,,0.0,proteinbert
1089,RASGRF1,4.11654,mRNA,,path:hsa04010,0.0,proteinbert
1090,RASGRF2,-0.535876,mRNA,,path:hsa04010,0.0,proteinbert
1091,DUSP10,-0.286146,mRNA,,path:hsa04010,0.0,proteinbert
1092,DUSP1,-1.38667,mRNA,,path:hsa04010,0.0,proteinbert
1093,DUSP4,2.39998,mRNA,,path:hsa04010,0.0,proteinbert
1094,DUSP5,2.11214,mRNA,,path:hsa04010,0.0,proteinbert
1095,DUSP6,2.24118,mRNA,,path:hsa04010,0.0,proteinbert
1096,DUSP7,0.460727,mRNA,,path:hsa04010,0.0,proteinbert
1097,DUSP8,0.417305,mRNA,,path:hsa04010,0.0,proteinbert
1098,DUSP9,0.552695,mRNA,,path:hsa04010,0.0,proteinbert
1099,DUSP16,-0.0886686,mRNA,,path:hsa04010,0.0,proteinbert
1100,DUSP3,-0.103333,mRNA,,path:hsa04010,0.0,proteinbert
1101,PTPN7,-0.0676047,mRNA,,path:hsa04010,0.0,proteinbert
1102,PTPRR,0.750965,mRNA,,path:hsa04010,0.0,proteinbert
1103,PTPN5,0.303387,mRNA,,path:hsa04010,0.0,proteinbert
1104,PPM1B,-0.281325,mRNA,,path:hsa04010,0.0,proteinbert
1105,FASLG,-0.469873,mRNA,,path:hsa04010,0.0,proteinbert
1106,MAP4K4,0.837173,mRNA,,path:hsa04010,0.0,proteinbert
1107,PLA2G4E,-0.117603,mRNA,,path:hsa04010,0.0,proteinbert
1108,PLA2G4F,-1.99594,mRNA,,path:hsa04010,0.0,proteinbert
1109,PLA2G4D,0.0833023,mRNA,,path:hsa04010,0.0,proteinbert
1110,PLA2G4A,-0.845108,mRNA,,path:hsa04010,0.0,proteinbert
1111,PLA2G4C,-0.467076,mRNA,,path:hsa04010,0.0,proteinbert
1112,JMJD7-PLA2G4B,-0.114633,mRNA,,path:hsa04010,0.0,proteinbert
1113,MAPT,-0.561811,mRNA,,path:hsa04010,0.0,proteinbert
1114,NFKB2,0.362418,mRNA,,path:hsa04010,0.0,proteinbert
1115,RELA,0.276725,mRNA,,path:hsa04010,0.0,proteinbert
1116,RELB,0.53776,mRNA,,path:hsa04010,0.0,proteinbert
1117,CHUK,-0.316108,mRNA,,path:hsa04010,0.0,proteinbert
1118,IKBKB,-0.275459,mRNA,,path:hsa04010,0.0,proteinbert
1119,IKBKG,-0.110603,mRNA,,path:hsa04010,0.0,proteinbert
1120,MAP3K14,-0.129381,mRNA,,path:hsa04010,0.0,proteinbert
1121,MAPK1,0.241241,mRNA,,path:hsa04010,0.0,proteinbert
1122,MAPK3,-0.0145805,mRNA,,path:hsa04010,0.0,proteinbert
1123,MAP2K2,0.263747,mRNA,,path:hsa04010,0.0,proteinbert
1124,MAP2K1,0.204793,mRNA,,path:hsa04010,0.0,proteinbert
1125,RAF1,-0.137046,mRNA,,path:hsa04010,0.0,proteinbert
1126,BRAF,-0.0967114,mRNA,,path:hsa04010,0.0,proteinbert
1127,NF1,-0.147912,mRNA,,path:hsa04010,0.0,proteinbert
1128,PRKCA,-1.32397,mRNA,,path:hsa04010,0.0,proteinbert
1129,PRKCB,-0.00504381,mRNA,,path:hsa04010,0.0,proteinbert
1130,PRKCG,-0.326495,mRNA,,path:hsa04010,0.0,proteinbert
1131,RAP1A,-0.0265394,mRNA,,path:hsa04010,0.0,proteinbert
1132,RAP1B,0.0542712,mRNA,,path:hsa04010,0.0,proteinbert
1133,PRKACA,0.450988,mRNA,,path:hsa04010,0.0,proteinbert
1134,PRKACB,-0.832178,mRNA,,path:hsa04010,0.0,proteinbert
1135,PRKACG,-0.0172721,mRNA,,path:hsa04010,0.0,proteinbert
1136,RAPGEF2,-0.508442,mRNA,,path:hsa04010,0.0,proteinbert
1137,RASA2,-0.556066,mRNA,,path:hsa04010,0.0,proteinbert
1138,RRAS2,-0.391859,mRNA,,path:hsa04010,0.0,proteinbert
1139,HRAS,0.531869,mRNA,,path:hsa04010,0.0,proteinbert
1140,KRAS,-0.113046,mRNA,,path:hsa04010,0.0,proteinbert
1141,RASGRP1,-0.127859,mRNA,,path:hsa04010,0.0,proteinbert
1142,RASGRP2,-0.592291,mRNA,,path:hsa04010,0.0,proteinbert
1143,RASGRP4,0.492533,mRNA,,path:hsa04010,0.0,proteinbert
1144,RASGRP3,-0.0383387,mRNA,,path:hsa04010,0.0,proteinbert
1145,SOS1,-0.450636,mRNA,,path:hsa04010,0.0,proteinbert
1146,SOS2,-0.314144,mRNA,,path:hsa04010,0.0,proteinbert
1147,GNG12,-0.0881562,mRNA,,path:hsa04010,0.0,proteinbert
1148,GRB2,0.0841667,mRNA,,path:hsa04010,0.0,proteinbert
1149,CSF1R,0.70339,mRNA,,path:hsa04010,0.0,proteinbert
1150,EPHA2,1.00243,mRNA,,path:hsa04010,0.0,proteinbert
1151,ERBB2,0.589685,mRNA,,path:hsa04010,0.0,proteinbert
1152,ERBB3,1.28531,mRNA,,path:hsa04010,0.0,proteinbert
1153,FGFR3,0.908761,mRNA,,path:hsa04010,0.0,proteinbert
1154,FGFR2,-1.32147,mRNA,,path:hsa04010,0.0,proteinbert
1155,FGFR4,-0.786209,mRNA,,path:hsa04010,0.0,proteinbert
1156,FLT1,0.188106,mRNA,,path:hsa04010,0.0,proteinbert
1157,FLT3,-0.71821,mRNA,,path:hsa04010,0.0,proteinbert
1158,FLT4,-0.447092,mRNA,,path:hsa04010,0.0,proteinbert
1159,IGF1R,-0.00738523,mRNA,,path:hsa04010,0.0,proteinbert
1160,INSR,1.01721,mRNA,,path:hsa04010,0.0,proteinbert
1161,KDR,-0.0177677,mRNA,,path:hsa04010,0.0,proteinbert
1162,NGFR,1.01727,mRNA,,path:hsa04010,0.0,proteinbert
1163,NTRK1,0.185892,mRNA,,path:hsa04010,0.0,proteinbert
1164,PDGFRB,0.282091,mRNA,,path:hsa04010,0.0,proteinbert
1165,RET,-0.0855128,mRNA,,path:hsa04010,0.0,proteinbert
1166,TEK,-0.132501,mRNA,,path:hsa04010,0.0,proteinbert
1167,CACNG3,-0.0176603,mRNA,,path:hsa04010,0.0,proteinbert
1168,CACNG2,-0.0906269,mRNA,,path:hsa04010,0.0,proteinbert
1169,CACNG4,3.27838,mRNA,,path:hsa04010,0.0,proteinbert
1170,CACNA2D3,-1.45905,mRNA,,path:hsa04010,0.0,proteinbert
1171,CACNG7,-0.0198379,mRNA,,path:hsa04010,0.0,proteinbert
1172,CACNG6,0.0323895,mRNA,,path:hsa04010,0.0,proteinbert
1173,CACNA1A,-0.0324239,mRNA,,path:hsa04010,0.0,proteinbert
1174,CACNA1B,-1.89609,mRNA,,path:hsa04010,0.0,proteinbert
1175,CACNA1C,0.820805,mRNA,,path:hsa04010,0.0,proteinbert
1176,CACNA1D,-1.26307,mRNA,,path:hsa04010,0.0,proteinbert
1177,CACNA1E,-0.354463,mRNA,,path:hsa04010,0.0,proteinbert
1178,CACNA1F,-0.191297,mRNA,,path:hsa04010,0.0,proteinbert
1179,CACNA1S,-0.0845072,mRNA,,path:hsa04010,0.0,proteinbert
1180,CACNA2D1,-1.65271,mRNA,,path:hsa04010,0.0,proteinbert
1181,CACNB1,1.31261,mRNA,,path:hsa04010,0.0,proteinbert
1182,CACNB2,-0.029286,mRNA,,path:hsa04010,0.0,proteinbert
1183,CACNB3,0.572901,mRNA,,path:hsa04010,0.0,proteinbert
1184,CACNB4,-1.29079,mRNA,,path:hsa04010,0.0,proteinbert
1185,CACNG1,0.132954,mRNA,,path:hsa04010,0.0,proteinbert
1186,CACNA1I,-1.12258,mRNA,,path:hsa04010,0.0,proteinbert
1187,CACNA1H,-1.15556,mRNA,,path:hsa04010,0.0,proteinbert
1188,CACNA1G,-0.503088,mRNA,,path:hsa04010,0.0,proteinbert
1189,CACNA2D2,0.00925111,mRNA,,path:hsa04010,0.0,proteinbert
1190,CACNA2D4,-0.651172,mRNA,,path:hsa04010,0.0,proteinbert
1191,NR4A1,-1.77694,mRNA,,path:hsa04010,0.0,proteinbert
1192,MAPK7,0.247969,mRNA,,path:hsa04010,0.0,proteinbert
1193,MAP2K5,-0.18463,mRNA,,path:hsa04010,0.0,proteinbert
1194,NLK,-0.219755,mRNA,,path:hsa04010,0.0,proteinbert
1195,CDC25B,0.531958,mRNA,,path:hsa04010,0.0,proteinbert
1196,RPS6KA4,0.530737,mRNA,,path:hsa04010,0.0,proteinbert
1197,MAPKAPK3,0.766329,mRNA,,path:hsa04010,0.0,proteinbert
1198,MAPKAPK2,0.276761,mRNA,,path:hsa04010,0.0,proteinbert
1199,ATF4,-0.304745,mRNA,,path:hsa04010,0.0,proteinbert
1200,MAX,0.163815,mRNA,,path:hsa04010,0.0,proteinbert
1201,DDIT3,0.0352708,mRNA,,path:hsa04010,0.0,proteinbert
1202,ELK4,-0.581819,mRNA,,path:hsa04010,0.0,proteinbert
1203,TP53,0.385569,mRNA,,path:hsa04010,0.0,proteinbert
1204,ELK1,0.472703,mRNA,,path:hsa04010,0.0,proteinbert
1205,MAPK11,0.515832,mRNA,,path:hsa04010,0.0,proteinbert
1206,MAPK13,0.868533,mRNA,,path:hsa04010,0.0,proteinbert
1207,MAPK12,0.755565,mRNA,,path:hsa04010,0.0,proteinbert
1208,PPP5C,0.521548,mRNA,,path:hsa04010,0.0,proteinbert
1209,MAP2K6,-0.940688,mRNA,,path:hsa04010,0.0,proteinbert
1210,MAP2K3,0.266134,mRNA,,path:hsa04010,0.0,proteinbert
1211,PPM1A,-0.197792,mRNA,,path:hsa04010,0.0,proteinbert
1212,AKT2,-0.367895,mRNA,,path:hsa04010,0.0,proteinbert
1213,TAOK3,-0.232057,mRNA,,path:hsa04010,0.0,proteinbert
1214,TAOK2,0.230473,mRNA,,path:hsa04010,0.0,proteinbert
1215,MAP3K4,-0.520806,mRNA,,path:hsa04010,0.0,proteinbert
1216,HSPB1,0.229732,mRNA,,path:hsa04010,0.0,proteinbert
1217,MAP3K7,-0.148902,mRNA,,path:hsa04010,0.0,proteinbert
1218,MAP3K5,0.557399,mRNA,,path:hsa04010,0.0,proteinbert
1219,MAP3K6,1.39075,mRNA,,path:hsa04010,0.0,proteinbert
1220,MAP3K12,0.382182,mRNA,,path:hsa04010,0.0,proteinbert
1221,MAP3K13,-0.112696,mRNA,,path:hsa04010,0.0,proteinbert
1222,MAP3K9,-0.566213,mRNA,,path:hsa04010,0.0,proteinbert
1223,MAP3K10,-0.302835,mRNA,,path:hsa04010,0.0,proteinbert
1224,STK3,0.137627,mRNA,,path:hsa04010,0.0,proteinbert
1225,ECSIT,-0.516125,mRNA,,path:hsa04010,0.0,proteinbert
1226,TAB2,-0.169146,mRNA,,path:hsa04010,0.0,proteinbert
1227,TAB1,-0.111506,mRNA,,path:hsa04010,0.0,proteinbert
1228,GADD45G,-1.02643,mRNA,,path:hsa04010,0.0,proteinbert
1229,GADD45A,-0.300954,mRNA,,path:hsa04010,0.0,proteinbert
1230,GADD45B,-0.944914,mRNA,,path:hsa04010,0.0,proteinbert
1231,DAXX,-0.0613811,mRNA,,path:hsa04010,0.0,proteinbert
1232,TRAF2,-0.172496,mRNA,,path:hsa04010,0.0,proteinbert
1233,CASP3,0.318576,mRNA,,path:hsa04010,0.0,proteinbert
1234,CD14,0.605686,mRNA,,path:hsa04010,0.0,proteinbert
1235,FAS,0.935702,mRNA,,path:hsa04010,0.0,proteinbert
1236,IL1R1,-0.311045,mRNA,,path:hsa04010,0.0,proteinbert
1237,IL1RAP,2.08347,mRNA,,path:hsa04010,0.0,proteinbert
1238,TNFRSF1A,0.770027,mRNA,,path:hsa04010,0.0,proteinbert
1239,TGFB1,1.66259,mRNA,,path:hsa04010,0.0,proteinbert
1240,TGFB2,0.861801,mRNA,,path:hsa04010,0.0,proteinbert
1241,TGFB3,-0.173384,mRNA,,path:hsa04010,0.0,proteinbert
1242,IL1A,-0.621843,mRNA,,path:hsa04010,0.0,proteinbert
1243,IL1B,-0.226117,mRNA,,path:hsa04010,0.0,proteinbert
1244,MAPKAPK5,0.0194002,mRNA,,path:hsa04010,0.0,proteinbert
1245,RAC1,0.248718,mRNA,,path:hsa04010,0.0,proteinbert
1246,RAC2,0.670751,mRNA,,path:hsa04010,0.0,proteinbert
1247,RAC3,-1.02623,mRNA,,path:hsa04010,0.0,proteinbert
1248,PAK2,0.215621,mRNA,,path:hsa04010,0.0,proteinbert
1249,MAP3K3,0.0199845,mRNA,,path:hsa04010,0.0,proteinbert
1250,MAPK8IP2,-1.30439,mRNA,,path:hsa04010,0.0,proteinbert
1251,MAPK8IP1,-0.778765,mRNA,,path:hsa04010,0.0,proteinbert
1252,MAP3K11,0.592456,mRNA,,path:hsa04010,0.0,proteinbert
1253,MAP2K7,0.272615,mRNA,,path:hsa04010,0.0,proteinbert
1254,MAP2K4,0.0298802,mRNA,,path:hsa04010,0.0,proteinbert
1255,CRK,-0.224276,mRNA,,path:hsa04010,0.0,proteinbert
1256,CRKL,-0.145116,mRNA,,path:hsa04010,0.0,proteinbert
1257,ARRB1,0.140166,mRNA,,path:hsa04010,0.0,proteinbert
1258,ARRB2,0.280482,mRNA,,path:hsa04010,0.0,proteinbert
1259,MECOM,0.952231,mRNA,,path:hsa04010,0.0,proteinbert
1260,HSPA1A,-0.750044,mRNA,,path:hsa04010,0.0,proteinbert
1261,HSPA1B,-0.539757,mRNA,,path:hsa04010,0.0,proteinbert
1262,HSPA1L,-0.625452,mRNA,,path:hsa04010,0.0,proteinbert
1263,HSPA6,0.308362,mRNA,,path:hsa04010,0.0,proteinbert
1264,HSPA8,-0.346272,mRNA,,path:hsa04010,0.0,proteinbert
1265,JUND,-0.761136,mRNA,,path:hsa04010,0.0,proteinbert
1266,FOS,-1.85505,mRNA,,path:hsa04010,0.0,proteinbert
1267,JUN,-1.77314,mRNA,,path:hsa04010,0.0,proteinbert
1268,NFATC3,-0.589972,mRNA,,path:hsa04010,0.0,proteinbert
1269,NFATC1,-1.15636,mRNA,,path:hsa04010,0.0,proteinbert
1270,PPP3CA,0.183504,mRNA,,path:hsa04010,0.0,proteinbert
1271,PPP3CB,0.187404,mRNA,,path:hsa04010,0.0,proteinbert
1272,PPP3CC,-0.133756,mRNA,,path:hsa04010,0.0,proteinbert
1273,PPP3R2,-0.173382,mRNA,,path:hsa04010,0.0,proteinbert
1274,MAPK8IP3,0.162292,mRNA,,path:hsa04010,0.0,proteinbert
1275,FLNA,0.786555,mRNA,,path:hsa04010,0.0,proteinbert
1276,MAP3K1,0.746672,mRNA,,path:hsa04010,0.0,proteinbert
1277,MAP3K8,-1.16864,mRNA,,path:hsa04010,0.0,proteinbert
1278,MAP4K1,0.149178,mRNA,,path:hsa04010,0.0,proteinbert
1279,MAP4K3,-0.402097,mRNA,,path:hsa04010,0.0,proteinbert
1280,SRF,-1.14039,mRNA,,path:hsa04010,0.0,proteinbert
1281,MYC,-0.680166,mRNA,,path:hsa04010,0.0,proteinbert
1282,RPS6KA6,-2.27032,mRNA,,path:hsa04010,0.0,proteinbert
1283,RPS6KA1,-0.0145563,mRNA,,path:hsa04010,0.0,proteinbert
1284,RPS6KA2,0.579583,mRNA,,path:hsa04010,0.0,proteinbert
1285,RPS6KA3,0.451063,mRNA,,path:hsa04010,0.0,proteinbert
1286,MKNK2,0.0741991,mRNA,,path:hsa04010,0.0,proteinbert
1287,MKNK1,0.210818,mRNA,,path:hsa04010,0.0,proteinbert
1288,CSF1,0.055175,mRNA,,path:hsa04010,0.0,proteinbert
1289,EFNA1,-0.0835823,mRNA,,path:hsa04010,0.0,proteinbert
1290,EFNA2,0.140312,mRNA,,path:hsa04010,0.0,proteinbert
1291,EFNA3,1.01428,mRNA,,path:hsa04010,0.0,proteinbert
1292,EFNA4,0.515339,mRNA,,path:hsa04010,0.0,proteinbert
1293,EFNA5,-1.40675,mRNA,,path:hsa04010,0.0,proteinbert
1294,EGF,-1.51079,mRNA,,path:hsa04010,0.0,proteinbert
1295,EREG,2.1937,mRNA,,path:hsa04010,0.0,proteinbert
1296,FGF1,1.4326,mRNA,,path:hsa04010,0.0,proteinbert
1297,FGF3,0.0648398,mRNA,,path:hsa04010,0.0,proteinbert
1298,FGF4,0.0445503,mRNA,,path:hsa04010,0.0,proteinbert
1299,FGF5,0.0728579,mRNA,,path:hsa04010,0.0,proteinbert
1300,FGF6,-0.0177677,mRNA,,path:hsa04010,0.0,proteinbert
1301,FGF7,-1.62033,mRNA,,path:hsa04010,0.0,proteinbert
1302,FGF8,0.0147234,mRNA,,path:hsa04010,0.0,proteinbert
1303,FGF9,-0.258844,mRNA,,path:hsa04010,0.0,proteinbert
1304,FGF10,-1.92348,mRNA,,path:hsa04010,0.0,proteinbert
1305,FLT3LG,-0.0542521,mRNA,,path:hsa04010,0.0,proteinbert
1306,FGF20,0.89448,mRNA,,path:hsa04010,0.0,proteinbert
1307,FGF21,-0.00271036,mRNA,,path:hsa04010,0.0,proteinbert
1308,GDNF,0.211255,mRNA,,path:hsa04010,0.0,proteinbert
1309,FGF22,-0.0118982,mRNA,,path:hsa04010,0.0,proteinbert
1310,ANGPT1,-0.435111,mRNA,,path:hsa04010,0.0,proteinbert
1311,ANGPT2,0.546182,mRNA,,path:hsa04010,0.0,proteinbert
1312,IGF1,-1.55866,mRNA,,path:hsa04010,0.0,proteinbert
1313,IGF2,-1.00932,mRNA,,path:hsa04010,0.0,proteinbert
1314,INS,-0.0397988,mRNA,,path:hsa04010,0.0,proteinbert
1315,AREG,1.02876,mRNA,,path:hsa04010,0.0,proteinbert
1316,KITLG,-0.363473,mRNA,,path:hsa04010,0.0,proteinbert
1317,NGF,0.135368,mRNA,,path:hsa04010,0.0,proteinbert
1318,NRTN,0.788385,mRNA,,path:hsa04010,0.0,proteinbert
1319,NTF3,-0.233913,mRNA,,path:hsa04010,0.0,proteinbert
1320,NTF4,0.136894,mRNA,,path:hsa04010,0.0,proteinbert
1321,ANGPT4,-1.19173,mRNA,,path:hsa04010,0.0,proteinbert
1322,PDGFA,1.27297,mRNA,,path:hsa04010,0.0,proteinbert
1323,PDGFB,0.850601,mRNA,,path:hsa04010,0.0,proteinbert
1324,PGF,-1.38452,mRNA,,path:hsa04010,0.0,proteinbert
1325,PDGFC,0.672015,mRNA,,path:hsa04010,0.0,proteinbert
1326,PSPN,-0.269315,mRNA,,path:hsa04010,0.0,proteinbert
1327,TGFA,2.3034,mRNA,,path:hsa04010,0.0,proteinbert
1328,VEGFB,-0.212938,mRNA,,path:hsa04010,0.0,proteinbert
1329,VEGFC,-0.187872,mRNA,,path:hsa04010,0.0,proteinbert
1330,PDGFD,-0.0104381,mRNA,,path:hsa04010,0.0,proteinbert
1331,FGF23,-0.290166,mRNA,,path:hsa04010,0.0,proteinbert
1332,FGF18,-0.0143111,mRNA,,path:hsa04010,0.0,proteinbert
1333,FGF17,-0.836944,mRNA,,path:hsa04010,0.0,proteinbert
1334,FGF16,-0.143424,mRNA,,path:hsa04010,0.0,proteinbert
1335,ARTN,0.56589,mRNA,,path:hsa04010,0.0,proteinbert
1336,FGF19,0.400257,mRNA,,path:hsa04010,0.0,proteinbert
1337,TRADD,0.122426,mRNA,,path:hsa04010,0.0,proteinbert
1338,MYD88,0.48038,mRNA,,path:hsa04010,0.0,proteinbert
1339,IRAK1,-0.567205,mRNA,,path:hsa04010,0.0,proteinbert
1340,ARAF,-0.110567,mRNA,,path:hsa04010,0.0,proteinbert
1341,fu:7e2a8487,,functional_unit,OR,path:hsa04010,0.0016435289289802313,proteinbert
1342,fu:fd226da5,,functional_unit,OR,path:hsa04010,0.0,proteinbert
1343,fu:084a3d94,,functional_unit,OR,path:hsa04010,0.0,proteinbert
1344,fu:0047a61e,,functional_unit,SINGLE,path:hsa04010,0.0,proteinbert
1345,fu:c8457d96,,functional_unit,SINGLE,path:hsa04010,0.0,proteinbert
1346,fu:3687d0f8,,functional_unit,SINGLE,path:hsa04010,0.0,proteinbert
1347,fu:770a684e,,functional_unit,OR,path:hsa04010,0.006083424668759108,proteinbert
1348,fu:8ef29752,,functional_unit,SINGLE,path:hsa04010,0.021278077736496925,proteinbert
1349,fu:02b71dbc,,functional_unit,SINGLE,path:hsa04010,0.021280182525515556,proteinbert
1350,fu:6b254be8,,functional_unit,OR,path:hsa04010,0.013179074041545391,proteinbert
1351,fu:e96fee09,,functional_unit,OR,path:hsa04010,0.020886998623609543,proteinbert
1352,fu:f132c1b4,,functional_unit,SINGLE,path:hsa04010,0.015953345224261284,proteinbert
1353,fu:b1fed606,,functional_unit,OR,path:hsa04010,0.01928766444325447,proteinbert
1354,fu:418e3a71,,functional_unit,SINGLE,path:hsa04010,0.0425412617623806,proteinbert
1355,fu:e711f0a6,,functional_unit,SINGLE,path:hsa04010,0.03378664329648018,proteinbert
1356,fu:74ae7efc,,functional_unit,SINGLE,path:hsa04010,0.03378664329648018,proteinbert
1357,fu:21c326d4,,functional_unit,SINGLE,path:hsa04010,0.016709299758076668,proteinbert
1358,fu:7ebcd056,,functional_unit,SINGLE,path:hsa04010,0.023814361542463303,proteinbert
1359,fu:69624e88,,functional_unit,SINGLE,path:hsa04010,0.0,proteinbert
1360,fu:368c2fa7,,functional_unit,SINGLE,path:hsa04010,0.0,proteinbert
1361,fu:35131c42,,functional_unit,OR,path:hsa04010,0.0,proteinbert
1362,fu:9786b5ed,,functional_unit,OR,path:hsa04010,0.0,proteinbert
1363,fu:bcdaeed1,,functional_unit,OR,path:hsa04010,0.0,proteinbert
1364,fu:bd2e123e,,functional_unit,SINGLE,path:hsa04010,0.0,proteinbert
1365,fu:fa467b33,,functional_unit,SINGLE,path:hsa04010,0.01597755402326584,proteinbert
1366,fu:35bcc57b,,functional_unit,OR,path:hsa04010,0.00927287433296442,proteinbert
1367,fu:82456880,,functional_unit,OR,path:hsa04010,0.0009861348662525415,proteinbert
1368,fu:def1099f,,functional_unit,OR,path:hsa04010,0.0,proteinbert
1369,fu:f390c31d,,functional_unit,OR,path:hsa04010,0.0,proteinbert
1370,fu:c110bb17,,functional_unit,SINGLE,path:hsa04010,0.0,proteinbert
1371,fu:7f7b2f5f,,functional_unit,OR,path:hsa04010,0.001363114221021533,proteinbert
1372,fu:dd374616,,functional_unit,OR,path:hsa04010,0.0,proteinbert
1373,fu:aeb42500,,functional_unit,SINGLE,path:hsa04010,0.01597755402326584,proteinbert
1374,fu:4e3892e3,,functional_unit,SINGLE,path:hsa04010,0.0,proteinbert
1375,fu:9a13759c,,functional_unit,SINGLE,path:hsa04010,0.0,proteinbert
1376,fu:ede2f5af,,functional_unit,SINGLE,path:hsa04010,0.023927250877022743,proteinbert
1377,fu:6463ffd1,,functional_unit,SINGLE,path:hsa04010,0.019955597817897797,proteinbert
1378,fu:3273328d,,functional_unit,OR,path:hsa04010,0.013304800726473331,proteinbert
1379,fu:dd701a8d,,functional_unit,OR,path:hsa04010,0.013306488282978535,proteinbert
1380,fu:b5bf47cc,,functional_unit,SINGLE,path:hsa04010,0.021293921396136284,proteinbert
1381,fu:9217ec0a,,functional_unit,SINGLE,path:hsa04010,0.01995391771197319,proteinbert
1382,fu:83098143,,functional_unit,SINGLE,path:hsa04010,0.019955597817897797,proteinbert
1383,fu:2b9b82f8,,functional_unit,SINGLE,path:hsa04010,0.019955597817897797,proteinbert
1384,fu:13ad26cc,,functional_unit,SINGLE,path:hsa04010,0.019955597817897797,proteinbert
1385,fu:7d38c72e,,functional_unit,SINGLE,path:hsa04010,0.03453157842159271,proteinbert
1386,fu:2be3360b,,functional_unit,SINGLE,path:hsa04010,0.03453157842159271,proteinbert
1387,fu:fa6497d0,,functional_unit,SINGLE,path:hsa04010,0.01995391771197319,proteinbert
1388,fu:828681e8,,functional_unit,OR,path:hsa04010,0.014667435549199581,proteinbert
1389,fu:c1b5761a,,functional_unit,SINGLE,path:hsa04010,0.0,proteinbert
1390,fu:57f73e22,,functional_unit,SINGLE,path:hsa04010,0.021736079826951027,proteinbert
1391,fu:39b0ba80,,functional_unit,SINGLE,path:hsa04010,0.021736079826951027,proteinbert
1392,fu:377d6159,,functional_unit,OR,path:hsa04010,0.0,proteinbert
1393,fu:86cdce68,,functional_unit,OR,path:hsa04010,0.0,proteinbert
1394,fu:628792dc,,functional_unit,SINGLE,path:hsa04010,0.0,proteinbert
1395,fu:2959a7f6,,functional_unit,OR,path:hsa04010,0.0,proteinbert
1396,fu:e2d583f5,,functional_unit,OR,path:hsa04010,0.0,proteinbert
1397,fu:5e066f99,,functional_unit,SINGLE,path:hsa04010,0.0,proteinbert
1398,fu:18b46668,,functional_unit,SINGLE,path:hsa04010,0.017759162932634354,proteinbert
1399,fu:4dbb2d89,,functional_unit,SINGLE,path:hsa04010,0.011965549550950527,proteinbert
1400,fu:127bf490,,functional_unit,SINGLE,path:hsa04010,0.023412134498357773,proteinbert
1401,fu:fe378cbc,,functional_unit,SINGLE,path:hsa04010,0.0,proteinbert
1402,fu:3ce31490,,functional_unit,SINGLE,path:hsa04010,0.0,proteinbert
1403,fu:12e2c442,,functional_unit,OR,path:hsa04010,0.0,proteinbert
1404,fu:ef42bc35,,functional_unit,OR,path:hsa04010,0.0,proteinbert
1405,fu:f6a34c03,,functional_unit,SINGLE,path:hsa04010,0.015976909548044205,proteinbert
1406,fu:20a3b14c,,functional_unit,OR,path:hsa04010,0.010652193799614906,proteinbert
1407,fu:12774d68,,functional_unit,SINGLE,path:hsa04010,0.0,proteinbert
1408,fu:1bdb6764,,functional_unit,SINGLE,path:hsa04010,0.0,proteinbert
1409,fu:cc0e0a55,,functional_unit,SINGLE,path:hsa04010,0.023914668709039688,proteinbert
1410,fu:fcc91474,,functional_unit,OR,path:hsa04010,0.0,proteinbert
1411,fu:d3570c60,,functional_unit,SINGLE,path:hsa04010,0.010640941560268402,proteinbert
1412,fu:80de25d0,,functional_unit,SINGLE,path:hsa04010,0.03188171237707138,proteinbert
1413,fu:3f6a023b,,functional_unit,SINGLE,path:hsa04010,0.01597755402326584,proteinbert
1414,fu:69217a4b,,functional_unit,SINGLE,path:hsa04010,0.01597755402326584,proteinbert
1415,fu:ac41e7b6,,functional_unit,SINGLE,path:hsa04010,0.0,proteinbert
1416,fu:7961a9c2,,functional_unit,OR,path:hsa04010,0.0,proteinbert
1417,fu:ac1b5dfa,,functional_unit,SINGLE,path:hsa04010,0.0,proteinbert
1418,fu:f017c41c,,functional_unit,OR,path:hsa04010,0.0,proteinbert
1419,fu:0c8f29ae,,functional_unit,SINGLE,path:hsa04010,0.03185182437300682,proteinbert
1420,fu:c12b6dd3,,functional_unit,OR,path:hsa04010,0.0,proteinbert
1421,fu:6e503f28,,functional_unit,OR,path:hsa04010,0.0,proteinbert
1422,fu:69228b75,,functional_unit,SINGLE,path:hsa04010,0.0,proteinbert
1423,fu:a6e8f63a,,functional_unit,SINGLE,path:hsa04010,0.019955597817897797,proteinbert
1424,fu:2b5c3e60,,functional_unit,OR,path:hsa04010,0.0,proteinbert
1425,fu:435e22e3,,functional_unit,OR,path:hsa04010,0.011989867314696312,proteinbert
1426,fu:ad5afd37,,functional_unit,OR,path:hsa04010,0.015953345224261284,proteinbert
1427,fu:991f34de,,functional_unit,OR,path:hsa04010,0.0,proteinbert
1428,fu:a7fa684d,,functional_unit,SINGLE,path:hsa04010,0.010652193799614906,proteinbert
1429,fu:3cd4cf69,,functional_unit,SINGLE,path:hsa04010,0.006081399042159319,proteinbert
1430,fu:ba3ca63f,,functional_unit,OR,path:hsa04010,0.010145839303731918,proteinbert
1431,fu:d1f9d8ef,,functional_unit,SINGLE,path:hsa04010,0.02458498254418373,proteinbert
1432,fu:77025b10,,functional_unit,OR,path:hsa04010,0.027889983728528023,proteinbert
1433,fu:faa1f8c9,,functional_unit,OR,path:hsa04010,0.015955602750182152,proteinbert
1434,fu:4b038677,,functional_unit,SINGLE,path:hsa04010,0.0,proteinbert
1435,fu:95cbce1b,,functional_unit,OR,path:hsa04010,0.0,proteinbert
1436,fu:6625a9a4,,functional_unit,SINGLE,path:hsa04010,0.03185185045003891,proteinbert
1437,fu:db67d58a,,functional_unit,OR,path:hsa04010,0.021241841837763786,proteinbert
1438,fu:3e02b3f0,,functional_unit,SINGLE,path:hsa04010,0.025504233315587044,proteinbert
1439,fu:6d28341f,,functional_unit,SINGLE,path:hsa04010,0.025504233315587044,proteinbert
1440,fu:5feacf84,,functional_unit,OR,path:hsa04010,0.0,proteinbert
1441,fu:a06203ac,,functional_unit,SINGLE,path:hsa04010,0.039926983416080475,proteinbert
1442,fu:f1632042,,functional_unit,SINGLE,path:hsa04010,0.023927250877022743,proteinbert
1443,fu:a4e579d9,,functional_unit,SINGLE,path:hsa04010,0.022630712017416954,proteinbert
1444,fu:f13c95ed,,functional_unit,SINGLE,path:hsa04010,0.0,proteinbert
1445,fu:e83e0bc2,,functional_unit,SINGLE,path:hsa04010,0.0,proteinbert
1446,fu:3202b50f,,functional_unit,SINGLE,path:hsa04010,0.0,proteinbert
1447,fu:2c3cace2,,functional_unit,SINGLE,path:hsa04010,0.0,proteinbert
1448,fu:87b9367a,,functional_unit,SINGLE,path:hsa04010,0.0,proteinbert
1449,fu:a3c029a6,,functional_unit,SINGLE,path:hsa04010,0.0,proteinbert
1450,fu:346aac61,,functional_unit,SINGLE,path:hsa04010,0.014188074506819248,proteinbert
1451,fu:f4b875b3,,functional_unit,SINGLE,path:hsa04010,0.014188074506819248,proteinbert
1452,fu:860fdcaa,,functional_unit,SINGLE,path:hsa04010,0.011378027498722076,proteinbert
1453,fu:53e63667,,functional_unit,OR,path:hsa04010,0.00851585902273655,proteinbert
1454,fu:6732a41f,,functional_unit,OR,path:hsa04010,0.014189962297677994,proteinbert
1455,fu:8933daca,,functional_unit,OR,path:hsa04010,0.0,proteinbert
1456,fu:11724fb3,,functional_unit,SINGLE,path:hsa04010,0.01597755402326584,proteinbert
1457,fu:41d49051,,functional_unit,SINGLE,path:hsa04010,0.010663597844541073,proteinbert
1458,fu:114f4869,,functional_unit,OR,path:hsa04010,0.010652193799614906,proteinbert
1459,fu:dcf55614,,functional_unit,SINGLE,path:hsa04010,0.025060823187232018,proteinbert
1460,fu:051b9bd1,,functional_unit,SINGLE,path:hsa04010,0.0,proteinbert
1461,fu:c6ef8860,,functional_unit,AND,path:hsa04010,0.014189962297677994,proteinbert
1462,fu:50d7c36d,,functional_unit,AND,path:hsa04010,0.0,proteinbert
