foldChange,id,type
-1.29268,MIMAT0000072,miR
1.61046,MIMAT0000076,miR
-1.12517,MIMAT0000103,miR
-1.02937,MIMAT0000232,miR
1.98807,MIMAT0000255,miR
1.10683,MIMAT0000256,miR
1.25476,MIMAT0000257,miR
-1.31874,MIMAT0000265,miR
3.10032,MIMAT0000278,miR
2.93454,MIMAT0000279,miR
-1.45216,MIMAT0000430,miR
-1.15498,MIMAT0000433,miR
-1.16771,MIMAT0000434,miR
-2.25238,MIMAT0000436,miR
-1.73045,MIMAT0000441,miR
-1.59476,MIMAT0000451,miR
-1.23037,MIMAT0000461,miR
-1.01294,MIMAT0000710,miR
2.60607,MIMAT0000728,miR
-1.00757,MIMAT0000753,miR
-2.48369,MIMAT0001631,miR
-2.51089,MIMAT0002177,miR
5.40029,MIMAT0002809,miR
-1.26414,MIMAT0002819,miR
1.30886,MIMAT0002874,miR
-1.36682,MIMAT0003322,miR
-1.04435,MIMAT0004552,miR
-1.02884,MIMAT0004563,miR
5.68014,MIMAT0004766,miR
-1.16725,MIMAT0004926,miR
1.19777,MIMAT0015378,miR
-1.44679,MIMAT0004501,miR
-1.00062,MIMAT0004518,miR
1.32168,MIMAT0004558,miR
1.32853,MIMAT0004569,miR
-2.54888,MIMAT0004600,miR
-0.19525,MYLIP,mRNA
-0.444726,CEP97,mRNA
-0.1503,ENTPD4,mRNA
2.96583,ITGA2,mRNA
0.43319,F2RL3,mRNA
-0.156525,WIPF2,mRNA
-0.00923707,MAPK9,mRNA
-0.583253,CNKSR3,mRNA
-0.261148,APP,mRNA
-0.0688323,EIF3M,mRNA
-0.237657,DNAJC10,mRNA
0.00822973,ZNF7,mRNA
-0.129308,WDR53,mRNA
-1.4923,KIF6,mRNA
-0.0832856,CUL4A,mRNA
-0.220248,MFSD8,mRNA
0.0766782,RGMB,mRNA
0.188037,PRKAR1A,mRNA
-0.911951,ZC3H12C,mRNA
-0.874304,SOCS7,mRNA
-0.359295,PDPK1,mRNA
-0.383957,WAC,mRNA
-0.293834,WEE1,mRNA
-0.215236,ZNF665,mRNA
-0.148675,TBL1XR1,mRNA
-0.59804,GPRIN3,mRNA
-0.200886,MTMR3,mRNA
-1.19768,CADM2,mRNA
0.192314,ZDHHC20,mRNA
-0.0826268,RAB3IP,mRNA
-0.13451,CYB561D1,mRNA
0.275056,PRNP,mRNA
-0.119153,ABHD15,mRNA
2.38702,QRFPR,mRNA
0.109224,CCDC137,mRNA
-0.0177099,DSTYK,mRNA
-0.464116,RTN3,mRNA
-0.895988,ZBTB37,mRNA
-0.288588,A1CF,mRNA
-1.47931,FHDC1,mRNA
-0.40599,MAP3K2,mRNA
-0.557506,RBM12B,mRNA
0.0144701,XIAP,mRNA
1.03249,HIP1,mRNA
0.349944,SLC7A11,mRNA
0.396736,TMOD3,mRNA
0.236802,PLEKHM1,mRNA
-0.455354,ZNF652,mRNA
-0.163607,ZFYVE26,mRNA
0.562875,TTC9,mRNA
-0.24986,MTMR9,mRNA
0.446553,WSB1,mRNA
-0.126114,RLIM,mRNA
-0.123891,IRAK4,mRNA
-0.22613,ARID4B,mRNA
-0.315287,KLF3,mRNA
0.0105093,TLR7,mRNA
-0.221644,OCIAD1,mRNA
-0.153869,FKBP14,mRNA
-0.272766,RAB42,mRNA
-0.00229239,C18orf32,mRNA
-0.419729,BCL2L2,mRNA
1.01314,CDKN1A,mRNA
-0.561399,PRKACB,mRNA
-2.14057,SPIB,mRNA
0.019149,RAB5B,mRNA
-0.0089605,RND3,mRNA
-0.0327868,ARHGAP12,mRNA
-0.302807,GTF2H3,mRNA
-0.225658,YOD1,mRNA
-0.841893,HIPK3,mRNA
-0.108383,POLM,mRNA
-0.681155,PKNOX1,mRNA
0.196287,ZNF385A,mRNA
-0.137288,ENPP5,mRNA
0.216385,NRIP3,mRNA
-0.150965,NUFIP2,mRNA
-1.00934,WNK3,mRNA
0.0475543,ZNFX1,mRNA
-0.113509,LY6G5B,mRNA
-0.516268,CFL2,mRNA
-0.0717065,SERF1A,mRNA
1.0022,EGLN3,mRNA
-0.262358,ABCG8,mRNA
1.71224,ZMAT3,mRNA
-0.337182,GPR157,mRNA
-0.274127,SLC35F5,mRNA
-0.245386,TNKS2,mRNA
0.12906,ZNF805,mRNA
-0.892937,KCNB1,mRNA
-0.149381,MECP2,mRNA
-0.0727511,CCDC6,mRNA
-0.577675,MTF1,mRNA
0.115541,DYRK2,mRNA
0.44237,NUDT3,mRNA
-0.0429412,MAPRE3,mRNA
0.139958,SF3B3,mRNA
0.104741,OSTM1,mRNA
0.0373631,SPCS1,mRNA
-0.284957,EIF2B2,mRNA
0.0911772,DLST,mRNA
0.215061,MYH9,mRNA
-0.314134,NPAT,mRNA
-0.452963,RORA,mRNA
-0.427049,SP2,mRNA
-0.840589,TXK,mRNA
-0.149064,BNIP2,mRNA
-0.393113,DUSP2,mRNA
-0.33744,QKI,mRNA
-0.0934388,MFN1,mRNA
0.173467,TRAPPC2,mRNA
0.254029,ZNF578,mRNA
0.0343806,VPS53,mRNA
-0.299282,ATXN1,mRNA
0.584989,TP53INP1,mRNA
-0.00660899,MFSD2A,mRNA
-0.0568086,LLPH,mRNA
-0.190697,DCTN5,mRNA
-0.762658,PPP1R15B,mRNA
-0.0531792,PURB,mRNA
0.926027,DCBLD2,mRNA
0.0279805,MAPKAPK5,mRNA
0.0624099,STAT3,mRNA
-0.495733,CXorf38,mRNA
0.420105,SGMS1,mRNA
-0.256287,SON,mRNA
-0.0410637,RRN3,mRNA
0.366947,HMGB3,mRNA
-0.773184,ZYG11A,mRNA
0.0803795,HMGB1,mRNA
-1.07229,RUNX3,mRNA
0.0592863,SOD2,mRNA
0.0551775,SNAP47,mRNA
-0.166343,CYP19A1,mRNA
-0.518669,NR3C1,mRNA
1.45052,TGFB1,mRNA
-0.00867297,KATNAL1,mRNA
-0.480235,TNRC6B,mRNA
-0.132438,COX19,mRNA
0.771615,EIF4EBP1,mRNA
0.686119,RHOC,mRNA
0.538952,DMKN,mRNA
-0.118316,DNAJB6,mRNA
-0.160608,NFKB1,mRNA
-0.557232,LNPEP,mRNA
0.1748,TERT,mRNA
-0.563172,ZMYND11,mRNA
-0.0288918,EID1,mRNA
0.193606,YAP1,mRNA
-0.599487,MXD1,mRNA
0.753103,MEAF6,mRNA
0.138878,IGF2BP1,mRNA
0.0763874,BLCAP,mRNA
-0.315804,CELF1,mRNA
1.80084,S100A1,mRNA
0.00745113,FOXC1,mRNA
2.92349,CDH2,mRNA
-0.0420488,RPA1,mRNA
1.33914,IGLON5,mRNA
1.81173,CCND1,mRNA
-1.23742,BCL11A,mRNA
-0.557677,ZNF426,mRNA
0.446312,PHKG2,mRNA
1.31694,VWA1,mRNA
0.107342,ZBTB7A,mRNA
0.368544,PXN,mRNA
-2.15882,GFRA1,mRNA
-0.931557,SYT7,mRNA
0.512264,KANK2,mRNA
-1.00292,PKIA,mRNA
0.687103,THY1,mRNA
1.02468,UCP2,mRNA
0.540023,BCAR1,mRNA
-0.0633101,PNPO,mRNA
0.634228,ORAI2,mRNA
0.235562,CHEK1,mRNA
-0.0174858,AKT1S1,mRNA
-2.41426,PAX5,mRNA
-1.87329,SORBS2,mRNA
0.202098,CDC37,mRNA
0.473608,HLA-A,mRNA
0.0866566,YY1,mRNA
0.380703,B2M,mRNA
0.231895,ZSWIM7,mRNA
2.28236,KRT80,mRNA
-0.606104,ZNF570,mRNA
-0.639519,ZNF585B,mRNA
0.075791,ZMIZ2,mRNA
0.0222853,CPEB2,mRNA
0.116388,UCK2,mRNA
0.0425828,ATG16L1,mRNA
-0.243659,OTUD4,mRNA
-0.949412,PRKCA,mRNA
0.377647,ZNF682,mRNA
-0.393674,EIF5,mRNA
-0.711391,CREB3L2,mRNA
-0.910349,LPP,mRNA
-0.281584,BCLAF1,mRNA
0.000737613,UBE2W,mRNA
0.423025,CNIH4,mRNA
0.0466039,LYRM4,mRNA
-0.156355,FYCO1,mRNA
-0.267243,EDEM3,mRNA
-0.329732,PPP1R14C,mRNA
-0.0625714,AFF1,mRNA
0.700686,CLTA,mRNA
0.025971,TMEM59,mRNA
-0.381314,SKP2,mRNA
0.327451,PPP1R2,mRNA
0.406764,GPC4,mRNA
2.39606,ENTPD1,mRNA
-0.0244599,NFATC2IP,mRNA
-0.382195,FBXO3,mRNA
-0.0374781,TOR1AIP2,mRNA
-0.75159,KIAA0895,mRNA
0.303359,CAPZA1,mRNA
-0.505089,PRKCB,mRNA
-0.296263,FNDC3A,mRNA
-1.4813,IRS1,mRNA
-0.241791,TEX9,mRNA
1.56523,ADARB2,mRNA
-0.408471,SMAD4,mRNA
0.117924,BLMH,mRNA
-0.529054,REL,mRNA
0.308803,TPM3,mRNA
-1.80224,KY,mRNA
0.154855,SLC12A7,mRNA
-0.229947,KLHDC8B,mRNA
-0.132228,POLR3G,mRNA
-0.33094,BIVM,mRNA
0.00576885,PTGS1,mRNA
0.108001,OLFML2A,mRNA
0.173024,APOL6,mRNA
0.0384811,RAB8A,mRNA
-0.682742,MAT2A,mRNA
0.282601,LSM4,mRNA
-0.331036,LIMD1,mRNA
-0.468888,ZNF551,mRNA
-0.828973,CPEB4,mRNA
-0.0725552,GANAB,mRNA
0.217831,GK5,mRNA
-0.201879,USP48,mRNA
-0.85773,LIMD2,mRNA
-0.196393,TMEM167A,mRNA
-0.241288,RUFY2,mRNA
0.0962475,ZNRF3,mRNA
0.24823,ARL8A,mRNA
0.694031,TMPRSS5,mRNA
1.41255,PMAIP1,mRNA
-0.0957418,PPP1R11,mRNA
-0.620437,KCTD15,mRNA
-0.311411,AKAP8,mRNA
1.16071,NOVA1,mRNA
-0.886901,TRAF6,mRNA
0.517704,GXYLT2,mRNA
0.0724366,ZNF629,mRNA
-0.116112,UMPS,mRNA
-0.232691,NR2F2,mRNA
3.49836,SRCIN1,mRNA
-0.737374,AMOTL2,mRNA
-1.44547,RHOH,mRNA
1.08683,KCNK5,mRNA
0.453545,NKD1,mRNA
-0.534259,PIK3C2A,mRNA
0.187235,ZNF786,mRNA
-0.695016,RABGAP1L,mRNA
-0.372722,ATP2B1,mRNA
0.476603,TRIM65,mRNA
-0.183458,GOSR1,mRNA
-0.187841,MBD1,mRNA
-1.28379,TLR10,mRNA
-1.07721,CDC14B,mRNA
0.188005,ARRB2,mRNA
0.313062,DPP9,mRNA
0.14871,NME6,mRNA
-0.70696,RNF165,mRNA
6.43004,TMEM92,mRNA
0.0658062,DNAJB13,mRNA
-0.206303,KCTD20,mRNA
0.847291,BCAS4,mRNA
-0.346162,CNNM2,mRNA
0.00307188,UBOX5,mRNA
-0.943713,ZHX3,mRNA
-0.554486,FAM13B,mRNA
-0.770524,CCDC30,mRNA
0.391053,S1PR1,mRNA
-0.0255733,RAB21,mRNA
-0.00273451,RRP1B,mRNA
0.126777,TRUB2,mRNA
0.153493,GNB5,mRNA
-0.136798,EPHB2,mRNA
0.16989,TMEM33,mRNA
-0.477592,RBM41,mRNA
-0.210106,FGD6,mRNA
0.190904,SMUG1,mRNA
0.396957,TP53,mRNA
0.142049,MIXL1,mRNA
0.0353903,FKBP9,mRNA
-0.205832,SLC43A2,mRNA
0.201286,CDK2,mRNA
-0.580863,CYCS,mRNA
-0.757232,PAIP2B,mRNA
0.0786638,GATAD2B,mRNA
-0.195629,ZFP14,mRNA
-0.336454,NFYA,mRNA
-0.421783,NMNAT1,mRNA
-0.64451,ADIPOR2,mRNA
-0.233626,WWC2,mRNA
0.58771,TMEM134,mRNA
-0.170622,SAR1A,mRNA
-0.304709,FAM185A,mRNA
-0.657032,RAPGEF6,mRNA
0.513115,TNFAIP8L1,mRNA
1.02286,MMP14,mRNA
1.56173,TNFSF15,mRNA
0.172204,KIF3A,mRNA
0.250678,TEP1,mRNA
-2.27934,GPR182,mRNA
0.347851,ACOX1,mRNA
-0.207009,PHLDA1,mRNA
-0.29335,FRAT2,mRNA
-0.195455,CBX5,mRNA
0.143324,CISH,mRNA
-1.16149,CAMK4,mRNA
0.581933,PIGR,mRNA
0.0877748,PSMC1,mRNA
1.49931,QSOX1,mRNA
-0.041821,SP1,mRNA
-0.191383,UBE2V2,mRNA
1.92137,CORO2A,mRNA
-1.32905,FLT3,mRNA
-0.549229,PIAS2,mRNA
-2.3462,EGR2,mRNA
-0.69371,PLEKHM3,mRNA
0.486054,ELK1,mRNA
-0.52301,SYNPO2,mRNA
-0.522947,DDI2,mRNA
0.805757,XKR4,mRNA
-0.0111031,WDFY2,mRNA
0.0431591,LRRC15,mRNA
-0.0399205,SPPL3,mRNA
0.197574,ANKS4B,mRNA
-0.33471,NANOG,mRNA
-2.54865,PAK3,mRNA
0.405087,TCN2,mRNA
-0.237539,LTBP2,mRNA
-0.400993,TRIM72,mRNA
2.13828,BID,mRNA
-0.26422,NUCKS1,mRNA
-0.457393,RAB1A,mRNA
-0.414874,PTAR1,mRNA
0.822619,ABCG2,mRNA
-0.225679,CDKL2,mRNA
-0.546204,UBN2,mRNA
-1.82905,IL17REL,mRNA
-0.883836,GRAMD1B,mRNA
1.5346,NOS1AP,mRNA
-0.00893447,SEC61A2,mRNA
-0.0641546,SMU1,mRNA
1.23959,BASP1,mRNA
0.18693,TEAD1,mRNA
-0.484511,PDIA6,mRNA
0.318665,BDNF,mRNA
1.98449,PLAG1,mRNA
0.0339058,ETS1,mRNA
-0.360344,TCF4,mRNA
0.608822,ENAH,mRNA
-0.250667,CHD9,mRNA
-0.444798,CAPRIN2,mRNA
-0.475314,ZNF268,mRNA
-0.547586,MGAT5,mRNA
-0.360454,ATXN7,mRNA
-0.057838,RNMT,mRNA
-0.861254,FAM13A,mRNA
-0.150061,ZNF562,mRNA
-0.301896,TGIF2,mRNA
0.977034,RGS5,mRNA
1.58128,DRAM1,mRNA
-0.4119,PHACTR4,mRNA
-0.00284022,COPS2,mRNA
-0.47662,NMT2,mRNA
-0.156075,HSPA13,mRNA
-1.80528,EGR1,mRNA
-0.126677,GOT1,mRNA
-0.105285,IPO5,mRNA
-0.265205,CDKN1B,mRNA
1.59893,PCDHA5,mRNA
0.144966,HOOK3,mRNA
-0.285999,MAPK1IP1L,mRNA
0.0436726,MTMR12,mRNA
-0.213261,PTEN,mRNA
1.11701,ESR1,mRNA
-0.0116273,CPOX,mRNA
1.35038,PGR,mRNA
-0.431792,ASB1,mRNA
-0.356707,ZNF253,mRNA
-0.283206,CBX7,mRNA
-0.915856,ZBTB20,mRNA
-0.116892,ZNF487,mRNA
-0.587668,DDX3X,mRNA
0.53322,CCNG1,mRNA
1.08515,VSNL1,mRNA
-0.329575,LCLAT1,mRNA
-0.811233,TFRC,mRNA
-0.339313,C2orf69,mRNA
-0.410161,ZNF616,mRNA
-0.174756,NCOA3,mRNA
0.711104,SCN8A,mRNA
-0.506647,CYLD,mRNA
0.183438,MRPS23,mRNA
-0.192929,NLK,mRNA
-0.263074,CHMP2B,mRNA
-0.180525,ZBTB4,mRNA
-0.244514,ASB13,mRNA
-0.272225,PHC3,mRNA
-0.452542,KLHL15,mRNA
0.299576,OTUD1,mRNA
-0.590195,NFIA,mRNA
0.571328,ZBTB33,mRNA
1.41658,SCD,mRNA
0.928269,FOXL1,mRNA
-0.315938,MAN1A2,mRNA
-0.0888295,KPNA4,mRNA
-0.410059,PEBP1,mRNA
1.09275,CCL22,mRNA
0.498269,MYO1C,mRNA
-1.00242,HEPHL1,mRNA
0.151837,C17orf100,mRNA
-0.724402,ZC3HAV1L,mRNA
-0.309088,ZNF440,mRNA
-0.599903,SLC10A7,mRNA
0.0547441,CHCHD7,mRNA
-0.055022,OSBPL8,mRNA
-0.353969,ZNF121,mRNA
-0.167872,RNF157,mRNA
-0.962413,PDE4D,mRNA
-0.270864,STK4,mRNA
-0.0841296,VMA21,mRNA
0.248279,TCEA2,mRNA
0.0700476,PDIK1L,mRNA
0.649118,DCUN1D3,mRNA
0.183389,PTCHD1,mRNA
-0.318835,STX12,mRNA
-0.198277,TMUB2,mRNA
-0.11827,RBM38,mRNA
-0.021991,RAP1A,mRNA
0.0633828,GIGYF1,mRNA
-0.0780243,NBEA,mRNA
-0.678105,WWTR1,mRNA
-0.0650443,MRPL35,mRNA
0.119936,POGK,mRNA
0.521537,GATAD2A,mRNA
-0.252523,MATR3,mRNA
-1.05254,BCL2L11,mRNA
0.419803,IFNAR2,mRNA
0.171108,FAM104A,mRNA
-0.65508,UTP14C,mRNA
0.359774,ACAP3,mRNA
0.16254,EXPH5,mRNA
0.110509,ACIN1,mRNA
0.0107569,RNF4,mRNA
-0.18663,THRA,mRNA
-0.077232,AP3S2,mRNA
-0.232871,SMAD2,mRNA
0.0685901,CIZ1,mRNA
0.243171,ARF6,mRNA
-0.743209,HMGCS1,mRNA
0.297765,PPP1CB,mRNA
-1.98825,RPS6KA5,mRNA
-0.961065,TSC22D3,mRNA
-0.190068,MEF2D,mRNA
-0.16829,SERTAD3,mRNA
-0.19408,CDCA5,mRNA
-0.00961625,UBTD2,mRNA
0.670732,ORAI3,mRNA
-0.0306091,JMY,mRNA
0.290807,GNAS,mRNA
-0.0736055,CREBL2,mRNA
-0.192749,GCH1,mRNA
-0.105397,IRF1,mRNA
-0.174936,SUN1,mRNA
-0.0717908,SURF4,mRNA
-0.000946323,BLM,mRNA
0.597036,VAMP8,mRNA
-0.352559,KREMEN1,mRNA
-0.249906,TMPPE,mRNA
0.0329374,LMCD1,mRNA
-2.17111,KIT,mRNA
0.373403,RASSF5,mRNA
0.0665896,HDGF,mRNA
0.295371,AMACR,mRNA
0.133691,AHDC1,mRNA
-0.0555979,EIF4B,mRNA
0.131567,TRMT2A,mRNA
-0.00475364,NEIL2,mRNA
0.325277,NAGA,mRNA
-0.10807,MEPCE,mRNA
-0.223889,ASXL1,mRNA
0.0173496,KIF1B,mRNA
0.653515,TET3,mRNA
-0.375233,TSC1,mRNA
-0.249843,RSF1,mRNA
3.90106,SPTBN2,mRNA
0.542873,MND1,mRNA
-0.00451275,CNOT6,mRNA
-0.317723,MTR,mRNA
-0.00988324,WNK1,mRNA
0.158963,ACBD6,mRNA
-0.0826231,MYO5A,mRNA
0.156886,PSMC5,mRNA
0.374327,PIP5K1C,mRNA
-0.958301,TMEM164,mRNA
-0.00538993,EEFSEC,mRNA
0.175747,CLSTN1,mRNA
-0.914987,PARP15,mRNA
0.844947,PTK7,mRNA
-0.352098,UBR1,mRNA
0.293309,TXLNA,mRNA
0.0874573,TUBB,mRNA
0.167126,HM13,mRNA
-0.411639,MCL1,mRNA
-0.101563,G3BP1,mRNA
-0.0985945,MRRF,mRNA
0.115029,ZNF71,mRNA
-0.0325244,ABI2,mRNA
1.20247,ARNTL2,mRNA
-1.66922,SLC25A15,mRNA
1.85569,TNFRSF21,mRNA
-0.66896,ZBTB5,mRNA
1.48752,ENDOD1,mRNA
-0.106662,ASB3,mRNA
0.283308,LEF1,mRNA
-0.513704,HP1BP3,mRNA
0.154077,PSMC3IP,mRNA
-0.424639,ZC3H7B,mRNA
-0.175249,ALKBH5,mRNA
-0.182623,INO80D,mRNA
-0.198885,ELP3,mRNA
-0.215637,ARMC1,mRNA
-0.209501,HHAT,mRNA
-0.113634,DNAJC11,mRNA
-0.375138,IPO8,mRNA
-1.14717,TGFBR3,mRNA
1.2726,ARHGAP19,mRNA
0.0491067,STX16,mRNA
0.384661,TWF1,mRNA
-0.282532,BTRC,mRNA
-0.186437,CLPB,mRNA
-0.410156,CDK6,mRNA
0.146759,RPS3,mRNA
-0.0355148,SENP1,mRNA
0.194544,MAZ,mRNA
-0.423057,MAPK8,mRNA
0.100618,HADHB,mRNA
0.383373,PLS3,mRNA
0.0337874,DBNL,mRNA
-0.359243,STARD7,mRNA
-0.404975,ZNF512B,mRNA
0.139984,HEATR6,mRNA
-0.121738,WDR82,mRNA
1.42938,HHLA1,mRNA
-0.120123,SMAD3,mRNA
-0.572776,ATP1A1,mRNA
-0.115413,SYNRG,mRNA
-0.183391,PPARGC1B,mRNA
0.123437,ZFYVE27,mRNA
0.0142051,PHF8,mRNA
0.15836,CIAO1,mRNA
0.181131,SYMPK,mRNA
-0.713706,SH3BP5,mRNA
0.389775,PFN1,mRNA
-0.253033,RBM8A,mRNA
0.035414,GDF11,mRNA
0.0546082,SIX1,mRNA
0.778774,LASP1,mRNA
-0.162768,AGPAT1,mRNA
-0.584186,TCFL5,mRNA
0.231281,ABCF2,mRNA
0.0148892,AHSA1,mRNA
0.00529021,CDC42EP4,mRNA
-0.110319,GCA,mRNA
0.0244815,RACGAP1,mRNA
-0.0488989,NDST1,mRNA
-0.401679,DUT,mRNA
0.312738,ODC1,mRNA
-0.218659,VAV2,mRNA
0.00501198,RAB5C,mRNA
0.126639,YWHAZ,mRNA
2.17163,IL17RD,mRNA
0.126104,SF3B2,mRNA
-0.266456,ANAPC1,mRNA
-0.0864989,MYLK,mRNA
0.580945,VAV3,mRNA
0.102355,DHX37,mRNA
-0.48246,ATOH8,mRNA
-0.219636,ZNF3,mRNA
0.07167,HNRNPUL1,mRNA
0.0339687,BAZ2A,mRNA
-0.669665,CHCHD10,mRNA
0.373682,FANCD2,mRNA
-0.0698621,TMBIM1,mRNA
-0.093817,RPL22,mRNA
-0.0884076,BICD2,mRNA
-0.131459,BRCC3,mRNA
-0.085669,KIF21A,mRNA
-0.692996,SBNO1,mRNA
0.00653784,ACVR2A,mRNA
0.36601,GPR27,mRNA
0.153619,TCF3,mRNA
-1.57505,BCL2,mRNA
-0.0704793,KANK1,mRNA
0.888606,FGF2,mRNA
-0.166093,ZNF275,mRNA
-0.439142,TMEM135,mRNA
0.174969,GNB1,mRNA
-0.498238,PLEKHA1,mRNA
-0.213129,AVL9,mRNA
-0.203339,HNRNPA2B1,mRNA
0.448826,MTHFR,mRNA
-0.681892,RASEF,mRNA
-0.309299,TAB3,mRNA
0.284669,CPNE1,mRNA
0.107014,LRRC57,mRNA
-0.172952,LSM11,mRNA
-0.367116,CBFA2T3,mRNA
-0.749943,DICER1,mRNA
0.159764,SMURF1,mRNA
-1.23371,GNAL,mRNA
0.435125,BSG,mRNA
0.0253875,UBE2V1,mRNA
0.0284507,CCDC80,mRNA
-0.0366239,ZBTB34,mRNA
0.172945,SEC61A1,mRNA
0.532221,HEYL,mRNA
-0.854154,TSC22D2,mRNA
-0.902515,CPEB3,mRNA
0.0586314,WIPI2,mRNA
-0.103736,SERBP1,mRNA
-0.240683,AKAP11,mRNA
-0.148329,CDC37L1,mRNA
-0.278955,STX17,mRNA
0.348449,RFK,mRNA
-0.148365,BAG4,mRNA
-0.0509374,BZW1,mRNA
0.329696,CCNE1,mRNA
-0.807085,CCNT1,mRNA
-0.105052,CCNT2,mRNA
0.0376162,TPI1,mRNA
-0.259127,SHOC2,mRNA
0.0644413,ABCB7,mRNA
-0.403574,CDV3,mRNA
-0.21139,ETNK1,mRNA
-0.833812,C21orf62,mRNA
-0.00569748,MIB1,mRNA
-0.625615,TAOK1,mRNA
-0.49446,RPRD1B,mRNA
-0.251493,HAUS3,mRNA
-0.93762,DCAF17,mRNA
-0.470319,GABARAPL1,mRNA
0.19885,LUZP1,mRNA
-1.00579,TKTL1,mRNA
-0.427751,VEGFA,mRNA
-0.0853845,THRAP3,mRNA
-0.736322,CD180,mRNA
-0.0166172,ACTR2,mRNA
-0.123999,ARIH1,mRNA
-0.344399,PURA,mRNA
0.00462073,MLLT6,mRNA
-0.48503,PSKH1,mRNA
-0.155662,YWHAQ,mRNA
-0.141028,VPS4A,mRNA
0.163415,VCL,mRNA
-0.14226,SOCS5,mRNA
-0.360153,OCRL,mRNA
0.181489,KPNA1,mRNA
-0.388984,PAFAH1B2,mRNA
-0.989043,CCL4,mRNA
1.26607,SNCG,mRNA
-0.346801,CREG1,mRNA
0.193323,ARHGDIA,mRNA
-0.256163,MAP4K2,mRNA
-0.52299,RAPH1,mRNA
0.112417,MAFK,mRNA
0.0893836,ENTPD6,mRNA
0.097845,SH3BGRL2,mRNA
1.38485,GNAT1,mRNA
-0.403526,YTHDC1,mRNA
-0.224257,ZNF284,mRNA
0.439104,TSPAN3,mRNA
-0.120095,LIN54,mRNA
-0.522397,CCNL1,mRNA
-2.08323,FOXA2,mRNA
-0.239746,TFAM,mRNA
2.6156,MET,mRNA
-1.15943,HGF,mRNA
0.0220201,PAK4,mRNA
-0.518323,ADAT2,mRNA
0.486912,ANKFY1,mRNA
0.0341023,CHCHD3,mRNA
1.26624,CD44,mRNA
-0.0991184,MTA3,mRNA
-0.20344,TLK2,mRNA
1.81562,HOXA10,mRNA
2.15386,CTSC,mRNA
-0.339003,CLNK,mRNA
0.599232,LRRC55,mRNA
1.65085,CDH11,mRNA
-0.0901155,SRGAP1,mRNA
0.195526,POU2F1,mRNA
-1.90627,TRPM3,mRNA
0.422451,SYT6,mRNA
-0.210786,CAMK2G,mRNA
2.19369,RUNX2,mRNA
-0.550911,NTRK2,mRNA
1.78606,CDH8,mRNA
-1.31345,POU2F2,mRNA
0.214218,AGAP1,mRNA
0.877147,IKZF2,mRNA
-0.179538,ZNF385D,mRNA
0.209159,ZNF362,mRNA
0.505484,PHF13,mRNA
-1.59544,ALDH1A2,mRNA
-0.0879108,ST3GAL1,mRNA
1.52704,B4GALNT3,mRNA
3.34313,OPN5,mRNA
-0.125368,ZSCAN22,mRNA
0.0634208,BCL9L,mRNA
-0.611212,GALNT10,mRNA
-0.153509,SFT2D2,mRNA
-0.218271,CREB1,mRNA
-0.155715,MBNL1,mRNA
0.30903,SEMA4G,mRNA
0.875618,PTPRT,mRNA
-0.309314,CCR5,mRNA
-0.719137,MAPRE2,mRNA
-0.28269,SERP1,mRNA
-0.184501,USP47,mRNA
0.101313,ZWILCH,mRNA
0.856627,PRLR,mRNA
0.292316,ZNF48,mRNA
-0.33506,AKAP1,mRNA
5.28356,CDX2,mRNA
1.75,IL11,mRNA
0.109778,AKAP13,mRNA
0.130198,DPF3,mRNA
-0.207305,ETF1,mRNA
0.730383,AP1S1,mRNA
-0.0705432,GTDC1,mRNA
0.377096,FARP1,mRNA
-0.485178,SYNJ2BP,mRNA
-0.206675,VN1R1,mRNA
0.388986,BCL7A,mRNA
-0.422532,BACH2,mRNA
1.39157,LRRC4,mRNA
-3.60733,SOST,mRNA
-0.0391056,USP14,mRNA
2.78632,MDFI,mRNA
0.130526,IPO7,mRNA
-0.42605,TXNIP,mRNA
-0.0177029,ERF,mRNA
-0.211722,WDR3,mRNA
-0.00710546,SERINC3,mRNA
-2.29304,TPPP,mRNA
0.499989,PADI2,mRNA
0.62701,ANGPTL2,mRNA
-0.139656,G3BP2,mRNA
-0.932082,ASGR1,mRNA
1.93775,GLP1R,mRNA
1.67062,SOX4,mRNA
1.00607,SPARC,mRNA
5.8027,HMGA2,mRNA
0.777159,STC2,mRNA
0.338206,SGPL1,mRNA
0.751564,EFNB2,mRNA
-0.746285,BMPR1A,mRNA
-0.17236,CDH1,mRNA
0.754169,CPT1B,mRNA
0.071744,ATF6B,mRNA
0.773694,EFNB1,mRNA
2.94496,MUC4,mRNA
-0.782666,SYNGR1,mRNA
0.097562,CHCHD5,mRNA
0.639777,SORCS2,mRNA
1.67662,TGFBR1,mRNA
-0.351939,SLC39A11,mRNA
1.06476,ELOVL6,mRNA
0.72939,CACNG8,mRNA
0.379593,RAB11FIP4,mRNA
0.0486487,CDC42,mRNA
-0.281307,MYO18A,mRNA
1.53068,IGFBP2,mRNA
0.179698,CYBB,mRNA
0.762506,IGFBP5,mRNA
0.034869,PPP3R1,mRNA
-0.749223,PLCXD3,mRNA
-1.47304,SAMD5,mRNA
-0.578984,SMOC1,mRNA
-0.0121028,MGAT4A,mRNA
-0.486118,ZNF292,mRNA
-0.216054,PBX1,mRNA
0.60174,DDAH1,mRNA
0.176237,LMBR1,mRNA
-0.333647,NT5C2,mRNA
-0.6591,PHF20L1,mRNA
-2.11325,SOX5,mRNA
1.78342,LONRF2,mRNA
-0.394557,RALGPS2,mRNA
0.778835,HOXA9,mRNA
-0.67534,FAM126B,mRNA
-0.746914,ANKRD46,mRNA
0.167403,CKAP5,mRNA
-0.6689,LPGAT1,mRNA
-0.0463853,ERP44,mRNA
-0.299683,DDHD2,mRNA
0.0219494,SATB1,mRNA
0.618324,PPP1R3B,mRNA
-0.257972,MDM4,mRNA
-0.188078,DNM1L,mRNA
0.141636,FMR1,mRNA
0.696958,ZNF217,mRNA
-0.188453,EXOC5,mRNA
-0.750883,ATF2,mRNA
0.473243,THBS1,mRNA
-0.0475492,EIF4EBP2,mRNA
-0.27491,B3GNT5,mRNA
-0.283355,SOCS4,mRNA
0.648115,PLAT,mRNA
1.50967,OXTR,mRNA
0.153343,ATP2B4,mRNA
0.124044,ZNF207,mRNA
-0.0873273,SSX2IP,mRNA
-1.26232,ERBB4,mRNA
0.0285026,POU3F2,mRNA
-0.25987,AMMECR1L,mRNA
3.01442,TIAM1,mRNA
-0.355046,MAPK10,mRNA
-0.273865,ERC1,mRNA
-0.390277,IQCE,mRNA
0.774876,PTPRF,mRNA
-0.990008,DYRK3,mRNA
-0.0340775,STAMBP,mRNA
-0.0457264,SLC19A3,mRNA
1.25795,CABYR,mRNA
0.499927,CAMKK1,mRNA
0.0275852,MIDN,mRNA
-0.0204702,AKT3,mRNA
-1.26222,PRDM16,mRNA
-0.608418,LIMS1,mRNA
-0.290755,BRD1,mRNA
0.257592,EEF1A1,mRNA
0.54636,DKK2,mRNA
-0.164238,POGZ,mRNA
-0.174174,ANKRD28,mRNA
-0.0617749,PHF21A,mRNA
-0.197688,NDUFS1,mRNA
-0.31253,CROT,mRNA
0.00850557,C19orf12,mRNA
-0.533814,TRPS1,mRNA
-0.28842,GPR107,mRNA
-0.480947,PANK3,mRNA
-0.16171,NDFIP1,mRNA
-0.383741,SIRT1,mRNA
0.101368,SLC30A7,mRNA
0.726266,STMN1,mRNA
-1.06518,VANGL1,mRNA
0.361574,PEG10,mRNA
-0.258988,TNFSF10,mRNA
-0.242317,ARID1A,mRNA
-0.413958,ZNF236,mRNA
0.159147,KPNA6,mRNA
0.0683143,RHOA,mRNA
-0.123397,HNRNPD,mRNA
-0.743428,ABLIM1,mRNA
-0.295761,PPP6C,mRNA
0.0440727,DENR,mRNA
-0.738538,SNX4,mRNA
-0.304155,DDX6,mRNA
-0.276704,TCEAL1,mRNA
-0.614483,LRP6,mRNA
1.29665,PCDHA3,mRNA
1.12021,PCDHAC1,mRNA
0.522177,BMF,mRNA
-0.252163,BRWD1,mRNA
-0.235897,RBM33,mRNA
-0.016143,TMEM183A,mRNA
-1.12613,SELE,mRNA
-1.49224,TRAT1,mRNA
0.415041,LGALS3BP,mRNA
-0.0263389,GNAI3,mRNA
-0.049694,TOP3A,mRNA
-0.323781,ZNF131,mRNA
-0.347015,TRMT5,mRNA
0.223551,TMCC1,mRNA
0.884551,GRB10,mRNA
0.122831,FBXO21,mRNA
-0.278011,SMAD5,mRNA
0.0282682,PPP2R2A,mRNA
0.616336,SMARCA4,mRNA
1.1615,MGAT4B,mRNA
0.944301,OSBPL10,mRNA
-0.164068,UBR7,mRNA
0.464605,ZNF714,mRNA
0.374012,EIF3I,mRNA
-0.274429,ZFYVE16,mRNA
-0.317294,LUC7L2,mRNA
-0.568074,TRIM44,mRNA
0.694926,PGPEP1,mRNA
0.206457,WDR6,mRNA
0.124298,NLE1,mRNA
-0.293363,DDX21,mRNA
0.622682,MDM2,mRNA
0.0636727,SLC35A2,mRNA
0.34431,TLE3,mRNA
-0.816273,SERTAD4,mRNA
-1.26788,STOX2,mRNA
-0.302144,NFS1,mRNA
-0.662557,RECK,mRNA
-1.0023,PELI2,mRNA
-0.567759,CSNK1G1,mRNA
0.206521,HIPK2,mRNA
-0.714297,DOCK5,mRNA
-0.525317,FBXL18,mRNA
-0.256469,ZNF772,mRNA
-0.501672,COG5,mRNA
-0.345353,KIF3B,mRNA
0.222279,SART1,mRNA
0.0428293,SS18,mRNA
0.0530933,DCAF7,mRNA
0.0900641,CAPRIN1,mRNA
0.251919,POLE,mRNA
0.173771,RNPS1,mRNA
-0.04193,CPSF6,mRNA
-0.609819,FICD,mRNA
0.110578,VCP,mRNA
0.209332,LRP10,mRNA
0.262937,ZNF770,mRNA
0.130672,MGMT,mRNA
-0.0292719,PBX2,mRNA
0.439553,RBMS2,mRNA
-0.0778908,SORT1,mRNA
-0.126901,EIF2S1,mRNA
-0.140237,SDHA,mRNA
-0.0715482,ZW10,mRNA
3.61762,PIWIL1,mRNA
2.10688,BBC3,mRNA
0.0132097,TOM1,mRNA
0.147489,FYTTD1,mRNA
1.46799,CBX2,mRNA
-0.220212,C18orf25,mRNA
-0.806168,CDKL5,mRNA
-0.237454,UBIAD1,mRNA
0.233515,TIMM50,mRNA
0.19573,RNF215,mRNA
-0.176686,TP53BP2,mRNA
-0.288288,MCCC2,mRNA
-1.07926,WNK2,mRNA
-0.332415,FXN,mRNA
-0.577278,RFX3,mRNA
-0.456826,PNRC1,mRNA
-0.380448,CCDC59,mRNA
1.22243,ACER2,mRNA
-0.0174657,POLL,mRNA
0.0965292,ADD1,mRNA
-0.312711,SPIN3,mRNA
-0.408329,PPARA,mRNA
-0.152402,UFM1,mRNA
0.167311,EGFR,mRNA
-0.154687,NPTX1,mRNA
-0.33302,STX7,mRNA
-0.878004,CLEC4E,mRNA
-0.204058,UBXN2B,mRNA
0.736524,STX3,mRNA
-0.442618,NAA40,mRNA
-0.0787809,CLASP1,mRNA
-0.351122,SLC9A8,mRNA
-0.0318271,C21orf91,mRNA
0.127761,URM1,mRNA
-0.128523,LRRC27,mRNA
0.231883,GSK3B,mRNA
-1.58512,FOS,mRNA
0.563449,SLC7A5,mRNA
0.685868,CDC25B,mRNA
0.226836,EI24,mRNA
0.267755,FBRS,mRNA
0.118956,ING4,mRNA
-0.789712,PVRIG,mRNA
-0.361749,FOXJ3,mRNA
0.243082,SYNPO2L,mRNA
-0.383539,TACC1,mRNA
-0.0676251,NAPG,mRNA
-0.0173598,ZNF610,mRNA
-0.720378,ZNF548,mRNA
2.17471,FRMD3,mRNA
0.756934,ZDHHC22,mRNA
-0.366176,RAD54L2,mRNA
0.557363,HUNK,mRNA
0.258276,ACTG1,mRNA
-0.174217,FAM107A,mRNA
-0.424619,ANTXR2,mRNA
1.42106,ASAH2,mRNA
-1.10505,TP53INP2,mRNA
2.32537,DUSP6,mRNA
1.95117,SLITRK4,mRNA
2.00453,E2F1,mRNA
0.0927947,XPOT,mRNA
-0.590712,BMP7,mRNA
1.33079,CCND2,mRNA
-0.374721,LSAMP,mRNA
-0.429145,STRN,mRNA
-0.199429,FOSL2,mRNA
-0.374726,CBX1,mRNA
-0.292826,PTPRN2,mRNA
-0.0151536,PUS10,mRNA
-0.149978,RRM2,mRNA
-0.0643857,SUGT1,mRNA
-0.105587,HDLBP,mRNA
0.589294,GNPDA1,mRNA
-1.47691,PLA2G2D,mRNA
-0.157057,CDC23,mRNA
-0.031848,NLRC5,mRNA
0.17099,CPT2,mRNA
0.466213,ADARB1,mRNA
0.197883,CAMTA1,mRNA
-0.366285,CFLAR,mRNA
-0.26309,GAPVD1,mRNA
-0.257945,OPA1,mRNA
0.535438,CD40,mRNA
-0.510423,ERLIN2,mRNA
0.711492,SYNGR2,mRNA
-1.00433,AXIN2,mRNA
0.360604,CLTB,mRNA
-0.175107,NUP98,mRNA
0.81514,ITGA6,mRNA
0.0519647,TPM1,mRNA
-0.0739602,LARP1,mRNA
-1.65631,CDON,mRNA
-0.525384,ANKS1A,mRNA
0.3781,CASP6,mRNA
0.299439,CDC25C,mRNA
0.846068,KCNH1,mRNA
-0.328766,MKLN1,mRNA
0.310938,AKT1,mRNA
-0.273363,ADNP,mRNA
-0.376773,RBM12,mRNA
0.244137,FUT8,mRNA
-0.789048,SPTBN1,mRNA
-0.19643,APAF1,mRNA
-0.768349,SYNE2,mRNA
-0.323003,BIRC3,mRNA
0.465335,ZDHHC16,mRNA
0.226993,DIABLO,mRNA
-0.642652,NDRG1,mRNA
-0.53339,TRAF3,mRNA
0.246322,IRGQ,mRNA
0.0338429,EXT2,mRNA
0.124349,MTAP,mRNA
0.0343006,TMOD2,mRNA
-0.0949097,RNF40,mRNA
-0.179464,GIGYF2,mRNA
0.312946,GDE1,mRNA
-0.340961,FIGN,mRNA
-0.220339,POLR3E,mRNA
0.610373,CASP10,mRNA
-0.24081,KIF2A,mRNA
0.189432,ACSL4,mRNA
0.000622858,WDR77,mRNA
0.500335,MAP4,mRNA
0.209686,PLIN3,mRNA
0.277466,GYG1,mRNA
-0.47797,FOSL1,mRNA
-0.787736,UST,mRNA
0.206849,CCT3,mRNA
-1.21011,PDGFRA,mRNA
1.0606,RRAS,mRNA
0.394678,ERLIN1,mRNA
-0.529635,SNTB2,mRNA
-0.430413,BRCA1,mRNA
-0.229854,RAB3GAP2,mRNA
0.295025,AKR1B1,mRNA
-2.22412,GATA4,mRNA
-0.400974,CXCL9,mRNA
0.0517253,PDXK,mRNA
0.592226,PEA15,mRNA
2.26497,HRK,mRNA
0.838374,TNFRSF10A,mRNA
-0.174011,BCL10,mRNA
1.9069,PKP2,mRNA
0.0995054,STX1A,mRNA
0.199739,TSN,mRNA
0.151428,TOMM40,mRNA
0.310677,RBCK1,mRNA
-0.192124,E2F5,mRNA
-0.28674,RNF169,mRNA
-0.537136,BCL2A1,mRNA
-0.113559,AIFM1,mRNA
-0.303597,ALS2,mRNA
-0.204258,MBD6,mRNA
-0.0957225,FKBP1B,mRNA
-0.189986,TPCN2,mRNA
0.634868,GDF5,mRNA
0.377666,MOV10,mRNA
2.41997,CD70,mRNA
-0.685333,TNF,mRNA
-0.0113209,POLR2A,mRNA
0.164628,RPL37,mRNA
0.349106,REEP3,mRNA
-0.0362097,BIRC5,mRNA
0.404106,PODXL,mRNA
-0.237592,TGFBR2,mRNA
-0.297381,GPBP1,mRNA
-0.538702,ZNF148,mRNA
0.500961,SCARB2,mRNA
-0.0533262,USP22,mRNA
0.120176,LIMA1,mRNA
-0.227026,POLR1B,mRNA
-0.54512,NOLC1,mRNA
-0.400509,XPO4,mRNA
0.329837,SHC1,mRNA
-0.903289,TLR3,mRNA
-0.692303,IL6R,mRNA
-0.0936786,FOXP1,mRNA
-0.0266704,PIK3R1,mRNA
0.0483722,CADM1,mRNA
-0.344521,UBE2S,mRNA
-0.0815407,RCOR3,mRNA
0.129586,HPGD,mRNA
-0.089298,CENPN,mRNA
0.0533735,MBD4,mRNA
-0.284327,SEC23IP,mRNA
1.20028,IGSF3,mRNA
-0.206555,UBASH3B,mRNA
2.4856,MACROD2,mRNA
-0.12891,TRAK1,mRNA
-0.185442,PPP2R5C,mRNA
-0.235563,SETD1B,mRNA
-0.741755,MT1E,mRNA
0.0331034,CASK,mRNA
0.114176,ASCC1,mRNA
-0.177615,ZNF449,mRNA
-0.447771,UHMK1,mRNA
-0.186732,PPM1A,mRNA
-0.0798312,SESTD1,mRNA
-0.293237,CMTM4,mRNA
-0.0973978,RNF41,mRNA
0.304878,TFAP2A,mRNA
-0.30472,KIAA1671,mRNA
-0.0361553,TOMM20,mRNA
0.00569707,SEC16A,mRNA
-0.389728,CDK12,mRNA
0.592153,CDCA4,mRNA
-0.956493,ANK3,mRNA
-0.704787,NR6A1,mRNA
0.240337,VOPP1,mRNA
0.472287,FANCA,mRNA
0.44302,UBFD1,mRNA
-0.244482,CDC42SE2,mRNA
0.150095,HNRNPA1,mRNA
-0.255794,IKBKB,mRNA
-0.229161,LANCL1,mRNA
-0.161576,PRDM4,mRNA
-0.569325,TLL1,mRNA
0.646931,ATP6V1B2,mRNA
-0.182696,KPNA3,mRNA
-0.115962,CUL3,mRNA
-0.549484,TNFRSF11A,mRNA
-0.851102,SLC33A1,mRNA
0.86726,B4GALT5,mRNA
-0.785201,ZFHX4,mRNA
-0.531786,DYNLL2,mRNA
-0.00117864,IGF1R,mRNA
-1.13579,RS1,mRNA
-0.152311,CTDSPL,mRNA
2.29796,XKR7,mRNA
-0.693863,ZNF704,mRNA
0.0888088,RPS16,mRNA
-0.199669,NFAT5,mRNA
-0.161975,AP1G1,mRNA
-0.635033,ANKRD9,mRNA
0.543642,UBE2I,mRNA
-0.419001,KIF1A,mRNA
-0.415911,YIPF6,mRNA
-0.3849,GEN1,mRNA
-0.176471,FAM120AOS,mRNA
-0.319714,ZBTB44,mRNA
0.0407086,ATP11B,mRNA
0.700034,RAP1GAP2,mRNA
0.0106659,MRAS,mRNA
0.192035,AGAP3,mRNA
0.625495,ACTN4,mRNA
-0.0676776,CEBPG,mRNA
-0.128888,SLC31A1,mRNA
0.0501433,SRPK1,mRNA
-1.30884,GCM1,mRNA
-0.0633114,ARCN1,mRNA
-0.259061,MORF4L2,mRNA
0.124502,ZNF431,mRNA
0.369115,RPS19,mRNA
0.0602193,RPS29,mRNA
-0.0117822,CHERP,mRNA
-0.730292,NNAT,mRNA
0.417059,SMYD1,mRNA
-0.640998,PRDM2,mRNA
0.0504168,NKIRAS2,mRNA
-0.237289,KLF7,mRNA
-0.814912,EYA3,mRNA
-0.349273,CRTC3,mRNA
0.412729,MARCKSL1,mRNA
-0.146977,NRF1,mRNA
-0.459808,RANBP2,mRNA
-0.431457,PTPRJ,mRNA
-0.302932,PAQR5,mRNA
0.0444698,CNTFR,mRNA
0.237786,ARHGAP42,mRNA
0.55479,MTHFD2,mRNA
-0.629941,APBB2,mRNA
-0.46803,PPP4R2,mRNA
2.00661,NTRK3,mRNA
-0.683277,TNFAIP8,mRNA
-0.390946,FRMD4B,mRNA
-0.448763,TBPL1,mRNA
-0.893634,PRRX1,mRNA
-0.328744,SOX7,mRNA
0.128413,SERINC5,mRNA
-0.116109,ONECUT2,mRNA
-0.315394,REST,mRNA
-0.929009,SLC30A4,mRNA
0.188699,JAK1,mRNA
0.0906923,TTC7B,mRNA
