source,target,type,subtype,final_layer_mean_attn,final_layer_max_attn
MIMAT0000430,NFKB1,mir_to_gene,,0.5002819299697876,0.5008299350738525
MIMAT0002809,TRAF6,mir_to_gene,,0.5002570748329163,0.5010761618614197
MIMAT0000461,FGF2,mir_to_gene,,0.24998264014720917,0.25010523200035095
MIMAT0000461,TAOK1,mir_to_gene,,0.3334105610847473,0.3336716294288635
MIMAT0000461,VEGFA,mir_to_gene,,0.3333010971546173,0.3335588872432709
MIMAT0000461,MAP4K2,mir_to_gene,,0.5002334117889404,0.500935435295105
MIMAT0000232,FGF2,mir_to_gene,,0.250027596950531,0.2500731647014618
MIMAT0000232,MET,mir_to_gene,,0.33337539434432983,0.3335231840610504
MIMAT0000232,MAPK9,mir_to_gene,,0.3334437906742096,0.3335203528404236
MIMAT0000232,HGF,mir_to_gene,,0.5003289580345154,0.5008189082145691
MIMAT0004563,FGF2,mir_to_gene,,0.250027596950531,0.2500731647014618
MIMAT0004563,MET,mir_to_gene,,0.33337539434432983,0.3335231840610504
MIMAT0000263,KIT,mir_to_gene,,0.3333178758621216,0.33346617221832275
MIMAT0000265,NTRK2,mir_to_gene,,0.5002752542495728,0.5008767247200012
MIMAT0000265,BDNF,mir_to_gene,,0.5000114440917969,0.5005614757537842
MIMAT0000265,TGFBR1,mir_to_gene,,0.5001992583274841,0.5008822083473206
MIMAT0000265,CACNG8,mir_to_gene,,0.499957799911499,0.500812292098999
MIMAT0000265,CDC42,mir_to_gene,,0.5001916289329529,0.5007175803184509
MIMAT0000265,PPP3R1,mir_to_gene,,0.5001611709594727,0.5005702376365662
MIMAT0001413,MAP3K2,mir_to_gene,,0.3332754373550415,0.33344846963882446
MIMAT0001413,IRAK4,mir_to_gene,,0.5001835227012634,0.5008326768875122
MIMAT0001413,DUSP2,mir_to_gene,,0.4997515380382538,0.5003904700279236
MIMAT0001413,MAPK9,mir_to_gene,,0.33328887820243835,0.3335440158843994
MIMAT0001413,RPS6KA5,mir_to_gene,,0.5001713037490845,0.5008237361907959
MIMAT0000076,ATF2,mir_to_gene,,0.500207781791687,0.5009631514549255
MIMAT0000271,FGFR1,mir_to_gene,,0.5002017617225647,0.5007371306419373
MIMAT0000271,MAPK8,mir_to_gene,,0.5000523328781128,0.5006563067436218
MIMAT0000271,MEF2C,mir_to_gene,,0.5001634359359741,0.5006659030914307
MIMAT0000271,RASA1,mir_to_gene,,0.3333776593208313,0.3335162103176117
MIMAT0000271,NRAS,mir_to_gene,,0.5000591278076172,0.5003446340560913
MIMAT0000271,MAPK14,mir_to_gene,,0.4998995065689087,0.5006081461906433
MIMAT0000278,ERBB4,mir_to_gene,,0.5003435611724854,0.5009846091270447
MIMAT0000278,MAPK10,mir_to_gene,,0.5002777576446533,0.5009446144104004
MIMAT0000278,AKT3,mir_to_gene,,0.3335040807723999,0.3337964415550232
MIMAT0000278,MAP3K2,mir_to_gene,,0.33348798751831055,0.3336799442768097
MIMAT0000278,KIT,mir_to_gene,,0.33346056938171387,0.33367863297462463
MIMAT0000278,STMN1,mir_to_gene,,0.5002825260162354,0.5011619329452515
MIMAT0000279,AKT3,mir_to_gene,,0.3332947790622711,0.3334912955760956
MIMAT0004501,EGFR,mir_to_gene,,0.33338552713394165,0.3335428833961487
MIMAT0000089,RASA1,mir_to_gene,,0.33336877822875977,0.3335966169834137
MIMAT0000255,AKT1,mir_to_gene,,0.5002899169921875,0.5009014010429382
MIMAT0000255,VEGFA,mir_to_gene,,0.3333328366279602,0.33342862129211426
MIMAT0000255,PDGFRA,mir_to_gene,,0.5003528594970703,0.5008563995361328
MIMAT0000255,RRAS,mir_to_gene,,0.4998960793018341,0.5004879236221313
MIMAT0000255,TNF,mir_to_gene,,0.49989962577819824,0.5005925297737122
MIMAT0000255,TGFBR2,mir_to_gene,,0.5003520250320435,0.5009111762046814
MIMAT0003322,STK4,mir_to_gene,,0.5002425909042358,0.5009562969207764
MIMAT0003322,MRAS,mir_to_gene,,0.5000812411308289,0.5006591081619263
MIMAT0000252,EGFR,mir_to_gene,,0.33338528871536255,0.3335777521133423
MIMAT0000252,PAK1,mir_to_gene,,0.5003179311752319,0.5012564659118652
MIMAT0000252,GNA12,mir_to_gene,,0.5000824332237244,0.5008352994918823
MIMAT0000252,CACNG5,mir_to_gene,,0.5001208186149597,0.5006877779960632
MIMAT0000441,TAOK1,mir_to_gene,,0.33334335684776306,0.3334474265575409
RASGRF1,RASGRF_f,gene_to_fu,,0.24985697865486145,0.2504797875881195
RASGRF2,RASGRF_f,gene_to_fu,,0.24989153444766998,0.25021892786026
DUSP10,DUSPs_f,gene_to_fu,,0.0907449871301651,0.09101967513561249
DUSP1,DUSPs_f,gene_to_fu,,0.09107574075460434,0.09154985100030899
DUSP2,DUSPs_f,gene_to_fu,,0.09101524204015732,0.09206019341945648
DUSP4,DUSPs_f,gene_to_fu,,0.09101356565952301,0.09147647768259048
DUSP5,DUSPs_f,gene_to_fu,,0.09116621315479279,0.09185737371444702
DUSP6,DUSPs_f,gene_to_fu,,0.09079480916261673,0.09098580479621887
DUSP7,DUSPs_f,gene_to_fu,,0.09081447869539261,0.09086751937866211
DUSP8,DUSPs_f,gene_to_fu,,0.0908389762043953,0.09112238138914108
DUSP9,DUSPs_f,gene_to_fu,,0.09103024005889893,0.09136354923248291
DUSP16,DUSPs_f,gene_to_fu,,0.09061399102210999,0.09106363356113434
DUSP3,MAPKReg_f,gene_to_fu,,0.11107240617275238,0.11151060461997986
PTPN7,MAPKReg_f,gene_to_fu,,0.11155346035957336,0.11248529702425003
PTPRR,MAPKReg_f,gene_to_fu,,0.11099280416965485,0.11178667098283768
PTPN5,MAPKReg_f,gene_to_fu,,0.11083905398845673,0.11107324808835983
PPM1B,PPM1B_f,gene_to_fu,,0.49997609853744507,0.5004141926765442
FASLG,FASLG_f,gene_to_fu,,0.5002176761627197,0.5013443827629089
MAP4K4,MAP4K4_f,gene_to_fu,,0.5000763535499573,0.5006768107414246
PLA2G4B,PLA2G4_f,gene_to_fu,,0.11131522059440613,0.11229640245437622
PLA2G4E,PLA2G4_f,gene_to_fu,,0.11101045459508896,0.11135312914848328
PLA2G4F,PLA2G4_f,gene_to_fu,,0.11109472811222076,0.11146479099988937
PLA2G4D,PLA2G4_f,gene_to_fu,,0.1109996885061264,0.11115934699773788
PLA2G4A,PLA2G4_f,gene_to_fu,,0.1109267845749855,0.11124610900878906
PLA2G4C,PLA2G4_f,gene_to_fu,,0.11101605743169785,0.11153493076562881
JMJD7-PLA2G4B,PLA2G4_f,gene_to_fu,,0.11129939556121826,0.11190887540578842
STMN1,STMN1_f,gene_to_fu,,0.3331109881401062,0.3336162269115448
MAPT,MAPT_f,gene_to_fu,,0.33329904079437256,0.33397698402404785
NFKB1,NFKB_f,gene_to_fu,,0.14273396134376526,0.14309553802013397
NFKB2,NFKB_f,gene_to_fu,,0.14286606013774872,0.14329324662685394
RELA,NFKB_f,gene_to_fu,,0.14307743310928345,0.14378301799297333
RELB,NFKB_f,gene_to_fu,,0.14289340376853943,0.14330454170703888
CHUK,IKK_f,gene_to_fu,,0.12492097914218903,0.12563173472881317
IKBKB,IKK_f,gene_to_fu,,0.12495511770248413,0.1257062554359436
IKBKG,IKK_f,gene_to_fu,,0.12526661157608032,0.1257321685552597
MAP3K14,MAP3K14_f,gene_to_fu,,0.2515052556991577,0.25826266407966614
MAPK1,MAPK1_3_f,gene_to_fu,,0.14309552311897278,0.1437775045633316
MAPK3,MAPK1_3_f,gene_to_fu,,0.14305177330970764,0.14347892999649048
LAMTOR3,LAMTOR3_f,gene_to_fu,,0.3330787420272827,0.33373910188674927
MAP2K2,MAP2K2_f,gene_to_fu,,0.1253896802663803,0.12619709968566895
MAP2K1,MAP2K1_f,gene_to_fu,,0.1253206729888916,0.12593764066696167
RAF1,RAF1_f,gene_to_fu,,0.25007346272468567,0.25059279799461365
BRAF,BRAF_f,gene_to_fu,,0.25003182888031006,0.25089728832244873
RASA1,RASA1_f,gene_to_fu,,0.5001075267791748,0.5008817911148071
NF1,NF1_f,gene_to_fu,,0.500109076499939,0.5009520053863525
PRKCA,PKC_f,gene_to_fu,,0.2499765008687973,0.25048208236694336
PRKCB,PKC_f,gene_to_fu,,0.24995726346969604,0.250273734331131
PRKCG,PKC_f,gene_to_fu,,0.2501349449157715,0.25094059109687805
RAP1A,RAP1_f,gene_to_fu,,0.24975897371768951,0.25019383430480957
RAP1B,RAP1_f,gene_to_fu,,0.24993012845516205,0.25028613209724426
PRKACA,PKA_f,gene_to_fu,,0.25008460879325867,0.25039470195770264
PRKACB,PKA_f,gene_to_fu,,0.24971094727516174,0.2500273585319519
PRKACG,PKA_f,gene_to_fu,,0.2502519190311432,0.2510455250740051
RAPGEF2,RAPGEF2_f,gene_to_fu,,0.49994581937789917,0.5003841519355774
RASA2,RASA2_f,gene_to_fu,,0.3333854675292969,0.3348122835159302
RRAS2,RAS_f,gene_to_fu,,0.06676341593265533,0.06712419539690018
MRAS,RAS_f,gene_to_fu,,0.0667162537574768,0.06700949370861053
HRAS,RAS_f,gene_to_fu,,0.06667481362819672,0.0671684518456459
KRAS,RAS_f,gene_to_fu,,0.06660085916519165,0.066820427775383
NRAS,RAS_f,gene_to_fu,,0.06670045852661133,0.06692385673522949
RRAS,RAS_f,gene_to_fu,,0.06678703427314758,0.06702593713998795
RASGRP1,RASGRP_f,gene_to_fu,,0.16655516624450684,0.16696783900260925
RASGRP2,RASGRP_f,gene_to_fu,,0.16664628684520721,0.16676394641399384
RASGRP4,RASGRP_f,gene_to_fu,,0.16676512360572815,0.16740049421787262
RASGRP3,RASGRP_f,gene_to_fu,,0.16648554801940918,0.16693373024463654
SOS1,SOS_f,gene_to_fu,,0.3333921730518341,0.33365991711616516
SOS2,SOS_f,gene_to_fu,,0.33330267667770386,0.33333128690719604
GNA12,GNA_f,gene_to_fu,,0.3339214026927948,0.33428895473480225
GNG12,GNA_f,gene_to_fu,,0.33268702030181885,0.33365628123283386
GRB2,GRB2_f,gene_to_fu,,0.33366405963897705,0.3348638117313385
CSF1R,RTK_f,gene_to_fu,,0.03573358803987503,0.03591705113649368
EGFR,RTK_f,gene_to_fu,,0.035759709775447845,0.03605591133236885
EPHA2,RTK_f,gene_to_fu,,0.03570765629410744,0.03584238886833191
ERBB2,RTK_f,gene_to_fu,,0.03568582236766815,0.03574461489915848
ERBB3,RTK_f,gene_to_fu,,0.03569566085934639,0.035764820873737335
ERBB4,RTK_f,gene_to_fu,,0.03573004528880119,0.03595603257417679
FGFR1,RTK_f,gene_to_fu,,0.03573007881641388,0.03592140972614288
FGFR3,RTK_f,gene_to_fu,,0.0357523187994957,0.03598754107952118
FGFR2,RTK_f,gene_to_fu,,0.035705551505088806,0.03583237901329994
FGFR4,RTK_f,gene_to_fu,,0.035740599036216736,0.035902440547943115
FLT1,RTK_f,gene_to_fu,,0.03566540777683258,0.035965099930763245
FLT3,RTK_f,gene_to_fu,,0.03566604107618332,0.03583947569131851
FLT4,RTK_f,gene_to_fu,,0.035691991448402405,0.035781554877758026
IGF1R,RTK_f,gene_to_fu,,0.035640161484479904,0.03577718138694763
INSR,RTK_f,gene_to_fu,,0.03565263748168945,0.03580281883478165
KDR,RTK_f,gene_to_fu,,0.03568625822663307,0.035780325531959534
KIT,RTK_f,gene_to_fu,,0.03575208783149719,0.03602222353219986
MET,RTK_f,gene_to_fu,,0.03576909750699997,0.036052390933036804
NGFR,RTK_f,gene_to_fu,,0.03575765714049339,0.036129530519247055
NTRK1,RTK_f,gene_to_fu,,0.035718727856874466,0.03581878915429115
NTRK2,RTK_f,gene_to_fu,,0.03570497781038284,0.0359313078224659
PDGFRA,RTK_f,gene_to_fu,,0.035729870200157166,0.03597484156489372
PDGFRB,RTK_f,gene_to_fu,,0.035678546875715256,0.035714101046323776
RET,RTK_f,gene_to_fu,,0.035738345235586166,0.03585754334926605
TEK,RTK_f,gene_to_fu,,0.03568929061293602,0.035767462104558945
CACNG3,CACNA_f,gene_to_fu,,0.0370979905128479,0.03730079531669617
CACNG2,CACNA_f,gene_to_fu,,0.037106141448020935,0.03732162341475487
CACNG5,CACNA_f,gene_to_fu,,0.03708061948418617,0.03746655583381653
CACNG4,CACNA_f,gene_to_fu,,0.03712465986609459,0.037392936646938324
CACNA2D3,CACNA_f,gene_to_fu,,0.03698505461215973,0.03723709285259247
CACNG8,CACNA_f,gene_to_fu,,0.03705310449004173,0.037385519593954086
CACNG7,CACNA_f,gene_to_fu,,0.037096165120601654,0.037443771958351135
CACNG6,CACNA_f,gene_to_fu,,0.03718815743923187,0.03768089786171913
CACNA1A,CACNA_f,gene_to_fu,,0.037006672471761703,0.03713853657245636
CACNA1B,CACNA_f,gene_to_fu,,0.03702336177229881,0.037148017436265945
CACNA1C,CACNA_f,gene_to_fu,,0.037033118307590485,0.03716890513896942
CACNA1D,CACNA_f,gene_to_fu,,0.03700409084558487,0.03711535409092903
CACNA1E,CACNA_f,gene_to_fu,,0.03703942894935608,0.03717067465186119
CACNA1F,CACNA_f,gene_to_fu,,0.03700076416134834,0.037049055099487305
CACNA1S,CACNA_f,gene_to_fu,,0.03695915639400482,0.0370841845870018
CACNA2D1,CACNA_f,gene_to_fu,,0.03699412941932678,0.0371953547000885
CACNB1,CACNA_f,gene_to_fu,,0.03699043020606041,0.03713235631585121
CACNB2,CACNA_f,gene_to_fu,,0.03700016438961029,0.037180036306381226
CACNB3,CACNA_f,gene_to_fu,,0.03701151907444,0.03703951835632324
CACNB4,CACNA_f,gene_to_fu,,0.03697102889418602,0.03707226738333702
CACNG1,CACNA_f,gene_to_fu,,0.037041909992694855,0.03717639297246933
CACNA1I,CACNA_f,gene_to_fu,,0.03701974079012871,0.03704706206917763
CACNA1H,CACNA_f,gene_to_fu,,0.03709505498409271,0.037165477871894836
CACNA1G,CACNA_f,gene_to_fu,,0.0370066799223423,0.03706834465265274
CACNA2D2,CACNA_f,gene_to_fu,,0.037067949771881104,0.037176359444856644
CACNA2D4,CACNA_f,gene_to_fu,,0.036974500864744186,0.03712528571486473
NR4A1,NR4A1_f,gene_to_fu,,0.33320096135139465,0.33393895626068115
MAPK7,MAPK7_f,gene_to_fu,,0.333588570356369,0.3346478343009949
MAP2K5,MAP2K5_f,gene_to_fu,,0.5000938177108765,0.500586748123169
NLK,NLK_f,gene_to_fu,,0.33375683426856995,0.3346942961215973
CDC25B,CDC25B_f,gene_to_fu,,0.3330319821834564,0.3337867558002472
RPS6KA4,RPS6KA_f,gene_to_fu,,0.2500435709953308,0.25064244866371155
RPS6KA5,RPS6KA_f,gene_to_fu,,0.24976804852485657,0.25068607926368713
MAPKAPK3,MAPKAPK_f,gene_to_fu,,0.25014251470565796,0.25067099928855896
MAPKAPK2,MAPKAPK_f,gene_to_fu,,0.25024473667144775,0.2508499324321747
ATF4,ATF_f,gene_to_fu,,0.1429283618927002,0.14325758814811707
MEF2C,MEF2C_f,gene_to_fu,,0.3331155776977539,0.33375582098960876
MAX,MAX_f,gene_to_fu,,0.24971306324005127,0.2502402365207672
DDIT3,DDIT3_f,gene_to_fu,,0.3328469395637512,0.33433258533477783
ELK4,ELK4_f,gene_to_fu,,0.16660837829113007,0.16728104650974274
TP53,TP53_f,gene_to_fu,,0.2503746449947357,0.2515174150466919
ELK1,ELK_f,gene_to_fu,,0.14310744404792786,0.14406074583530426
ATF2,ATF2_f,gene_to_fu,,0.3331124484539032,0.3335648775100708
MAPK14,MAPK11_14_f,gene_to_fu,,0.11103695631027222,0.11158720403909683
MAPK11,MAPK11_14_f,gene_to_fu,,0.11134111881256104,0.11203667521476746
MAPK13,MAPK11_14_f,gene_to_fu,,0.11119750142097473,0.11181534081697464
MAPK12,MAPK11_14_f,gene_to_fu,,0.11124828457832336,0.11167006939649582
PPP5C,PPP5C_f,gene_to_fu,,0.5000771284103394,0.5007875561714172
MAP2K6,MAP2K6_f,gene_to_fu,,0.1253926306962967,0.1259508579969406
MAP2K3,MAP2K3_f,gene_to_fu,,0.12539857625961304,0.12598131597042084
DUSP10,DUSP_f,gene_to_fu,,0.11092402786016464,0.11128261685371399
DUSP2,DUSP_f,gene_to_fu,,0.11124174296855927,0.11244145035743713
DUSP4,DUSP_f,gene_to_fu,,0.11124004423618317,0.11184494942426682
DUSP5,DUSP_f,gene_to_fu,,0.11142668128013611,0.11231065541505814
DUSP7,DUSP_f,gene_to_fu,,0.11100900173187256,0.11110039800405502
DUSP8,DUSP_f,gene_to_fu,,0.111038938164711,0.11140818893909454
DUSP9,DUSP_f,gene_to_fu,,0.11126045882701874,0.11170687526464462
DUSP16,DUSP_f,gene_to_fu,,0.11076860129833221,0.1113363653421402
DUSP3,MAPKReg_f,gene_to_fu,,0.11107240617275238,0.11151060461997986
PTPN7,MAPKReg_f,gene_to_fu,,0.11155346035957336,0.11248529702425003
PTPRR,MAPKReg_f,gene_to_fu,,0.11099280416965485,0.11178667098283768
PTPN5,MAPKReg_f,gene_to_fu,,0.11083905398845673,0.11107324808835983
PPM1A,PPM1A_f,gene_to_fu,,0.5000790953636169,0.5007573962211609
AKT3,AKT_f,gene_to_fu,,0.2502676546573639,0.25111207365989685
AKT1,AKT_f,gene_to_fu,,0.2500706613063812,0.2506697177886963
AKT2,AKT_f,gene_to_fu,,0.2498938888311386,0.2510993480682373
TAOK3,TAOK_f,gene_to_fu,,0.24980023503303528,0.25073590874671936
TAOK1,TAOK_f,gene_to_fu,,0.25035783648490906,0.25137290358543396
TAOK2,TAOK_f,gene_to_fu,,0.24998489022254944,0.2505156993865967
MAP3K4,MAP3K4_f,gene_to_fu,,0.33326053619384766,0.33594679832458496
HSPB1,HSPB1_f,gene_to_fu,,0.25014376640319824,0.25161659717559814
MAP3K7,MAP3K7_f,gene_to_fu,,0.20002029836177826,0.20091158151626587
MAP3K5,MAP3K5_f,gene_to_fu,,0.16669949889183044,0.16712602972984314
MAP3K6,MAP3K6_f,gene_to_fu,,0.500073254108429,0.5005918145179749
MAP3K20,MAP3K20_f,gene_to_fu,,0.5,0.5
MAP3K12,MAPKKK12_13_f,gene_to_fu,,0.3335080146789551,0.3341786563396454
MAP3K13,MAPKKK12_13_f,gene_to_fu,,0.33317992091178894,0.3337790369987488
MAP3K9,MAPKKK9_21_f,gene_to_fu,,0.24983391165733337,0.2509932518005371
MAP3K10,MAPKKK9_21_f,gene_to_fu,,0.2501559853553772,0.25095701217651367
MAP3K21,MAPKKK9_21_f,gene_to_fu,,0.2501680254936218,0.25140872597694397
MAP4K2,MAP4K2_f,gene_to_fu,,0.3332439064979553,0.3335036337375641
STK3,SFRP1_f,gene_to_fu,,0.2500242590904236,0.2516956925392151
STK4,SFRP1_f,gene_to_fu,,0.24998246133327484,0.2507665753364563
ECSIT,ECSIT_f,gene_to_fu,,0.50018310546875,0.5009424686431885
TAB2,TAB2_f,gene_to_fu,,0.5000854134559631,0.5004973411560059
TAB1,TAB1_f,gene_to_fu,,0.1999591439962387,0.20032460987567902
GADD45G,GADD45_f,gene_to_fu,,0.24997565150260925,0.25011083483695984
GADD45A,GADD45_f,gene_to_fu,,0.249900683760643,0.2503947615623474
GADD45B,GADD45_f,gene_to_fu,,0.25013411045074463,0.2504403293132782
TRAF6,TRAF6_f,gene_to_fu,,0.19983196258544922,0.20049253106117249
DAXX,DAXX_f,gene_to_fu,,0.24978119134902954,0.2505016028881073
TRAF2,TRAF2_f,gene_to_fu,,0.33304527401924133,0.3343214988708496
CASP3,CASP3_f,gene_to_fu,,0.332967609167099,0.3334951400756836
CD14,CD14_f,gene_to_fu,,0.5003060698509216,0.5012123584747314
TGFBR1,TGFBR_f,gene_to_fu,,0.24989306926727295,0.2506425976753235
TGFBR2,TGFBR_f,gene_to_fu,,0.24990658462047577,0.2506661117076874
FAS,FAS_f,gene_to_fu,,0.33344167470932007,0.3352448046207428
IL1R1,IL1R_f,gene_to_fu,,0.2499178647994995,0.2507140338420868
IL1RAP,IL1R_f,gene_to_fu,,0.25001639127731323,0.25026166439056396
TNFRSF1A,TNFRSF1A_f,gene_to_fu,,0.33312171697616577,0.3339887857437134
TGFB1,TGFB_f,gene_to_fu,,0.2503628134727478,0.2513279914855957
TGFB2,TGFB_f,gene_to_fu,,0.2497444450855255,0.2505300045013428
TGFB3,TGFB_f,gene_to_fu,,0.24993014335632324,0.2503453493118286
IL1A,IL1A_B_f,gene_to_fu,,0.33327531814575195,0.33375459909439087
IL1B,IL1A_B_f,gene_to_fu,,0.3334246575832367,0.3337906301021576
TNF,TNF_f,gene_to_fu,,0.49997031688690186,0.5006773471832275
MAPKAPK5,MAPKAPK5_f,gene_to_fu,,0.3332384526729584,0.3342835605144501
RAC1,RAC_f,gene_to_fu,,0.20003089308738708,0.20037351548671722
RAC2,RAC_f,gene_to_fu,,0.1999305635690689,0.20020624995231628
RAC3,RAC_f,gene_to_fu,,0.20013025403022766,0.20084816217422485
CDC42,RAC_f,gene_to_fu,,0.19992169737815857,0.2012433558702469
PAK1,PAK12_f,gene_to_fu,,0.20000672340393066,0.20071782171726227
PAK2,PAK12_f,gene_to_fu,,0.1999436765909195,0.20141912996768951
MAP3K2,MAPKKK2_3_f,gene_to_fu,,0.2502288222312927,0.25121039152145386
MAP3K3,MAPKKK2_3_f,gene_to_fu,,0.24998345971107483,0.25063571333885193
MAPK8IP2,MAPK8IP_f,gene_to_fu,,0.33321985602378845,0.33335426449775696
MAPK8IP1,MAPK8IP_f,gene_to_fu,,0.33344724774360657,0.3336423933506012
MAP3K11,MAP3K11_f,gene_to_fu,,0.25041109323501587,0.2509861886501312
MAP2K7,MAP2K7_f,gene_to_fu,,0.1251879185438156,0.12589424848556519
MAPK8,MAPK8_10_f,gene_to_fu,,0.09092789143323898,0.09110541641712189
MAPK9,MAPK8_10_f,gene_to_fu,,0.09094215929508209,0.09136629849672318
MAPK10,MAPK8_10_f,gene_to_fu,,0.09091880917549133,0.09115178138017654
MAP2K4,MAP2K4_f,gene_to_fu,,0.20032845437526703,0.20115967094898224
CRK,CRK_f,gene_to_fu,,0.20044653117656708,0.20194673538208008
CRKL,CRK_f,gene_to_fu,,0.2004929929971695,0.20172561705112457
ARRB1,ARRK_f,gene_to_fu,,0.25008904933929443,0.25070393085479736
ARRB2,ARRK_f,gene_to_fu,,0.2501305937767029,0.25071531534194946
MECOM,MECOM_f,gene_to_fu,,0.5000281929969788,0.5005616545677185
HSPA1A,HSP70_f,gene_to_fu,,0.16665847599506378,0.16679875552654266
HSPA1B,HSP70_f,gene_to_fu,,0.1666601300239563,0.166734978556633
HSPA1L,HSP70_f,gene_to_fu,,0.16668346524238586,0.1667250245809555
HSPA6,HSP70_f,gene_to_fu,,0.16671499609947205,0.16701631247997284
HSPA8,HSP70_f,gene_to_fu,,0.16662384569644928,0.16667883098125458
JUND,JUND_f,gene_to_fu,,0.33453816175460815,0.33689549565315247
FOS,AP-1_f,gene_to_fu,,0.24989962577819824,0.25014790892601013
JUN,AP-1_f,gene_to_fu,,0.25079068541526794,0.2521955668926239
NFATC3,NFATC3_f,gene_to_fu,,0.24986138939857483,0.2502164840698242
NFATC1,NFATC1_f,gene_to_fu,,0.2501574456691742,0.25128045678138733
PPP3CA,p38MAPK_f,gene_to_fu,,0.16666585206985474,0.16749921441078186
PPP3CB,p38MAPK_f,gene_to_fu,,0.16691187024116516,0.1674536168575287
PPP3CC,p38MAPK_f,gene_to_fu,,0.16667671501636505,0.16731442511081696
PPP3R1,p38MAPK_f,gene_to_fu,,0.16683471202850342,0.167965367436409
PPP3R2,p38MAPK_f,gene_to_fu,,0.16634173691272736,0.16694241762161255
MAPK8IP3,MAPK8IP3_f,gene_to_fu,,0.16650839149951935,0.16698671877384186
FLNA,FLNA_f,gene_to_fu,,0.33361688256263733,0.33473262190818787
MAP3K1,MAP3K1_f,gene_to_fu,,0.11133499443531036,0.11177121102809906
MAP3K8,MAP3K8_f,gene_to_fu,,0.5000528693199158,0.5004896521568298
MAP4K1,MAP4K1_f,gene_to_fu,,0.3335365056991577,0.33505648374557495
MAP4K3,MAP4K3_f,gene_to_fu,,0.5000340342521667,0.5006623864173889
FOS,FOS_f,gene_to_fu,,0.33345267176628113,0.333857923746109
SRF,SRF_f,gene_to_fu,,0.500139594078064,0.50062495470047
MYC,MYC_f,gene_to_fu,,0.5000806450843811,0.5005305409431458
ELK4,ELK4_f,gene_to_fu,,0.16660837829113007,0.16728104650974274
ELK1,ELK_f,gene_to_fu,,0.14310744404792786,0.14406074583530426
ATF4,ATF_f,gene_to_fu,,0.1429283618927002,0.14325758814811707
RPS6KA6,S6K_f,gene_to_fu,,0.1665991097688675,0.16687588393688202
RPS6KA1,S6K_f,gene_to_fu,,0.16661277413368225,0.16680528223514557
RPS6KA2,S6K_f,gene_to_fu,,0.16657809913158417,0.1667906492948532
RPS6KA3,S6K_f,gene_to_fu,,0.16658666729927063,0.16693955659866333
MKNK2,MAPKK_f,gene_to_fu,,0.24993419647216797,0.25005558133125305
MKNK1,MAPKK_f,gene_to_fu,,0.2501569092273712,0.2506103813648224
EFNA4-EFNA3,VEGFR_f,gene_to_fu,,0.017827892675995827,0.017957128584384918
CSF1,VEGFR_f,gene_to_fu,,0.017810344696044922,0.017928175628185272
EFNA1,VEGFR_f,gene_to_fu,,0.017833970487117767,0.017865430563688278
EFNA2,VEGFR_f,gene_to_fu,,0.01789131574332714,0.0179830901324749
EFNA3,VEGFR_f,gene_to_fu,,0.017877716571092606,0.018022477626800537
EFNA4,VEGFR_f,gene_to_fu,,0.017830640077590942,0.017884911969304085
EFNA5,VEGFR_f,gene_to_fu,,0.01783038303256035,0.017867935821413994
EGF,VEGFR_f,gene_to_fu,,0.017791662365198135,0.017902180552482605
EREG,VEGFR_f,gene_to_fu,,0.017836472019553185,0.01794731430709362
FGF1,VEGFR_f,gene_to_fu,,0.017769502475857735,0.0178823322057724
FGF2,VEGFR_f,gene_to_fu,,0.017838254570961,0.017954787239432335
FGF3,VEGFR_f,gene_to_fu,,0.01791526935994625,0.01806756854057312
FGF4,VEGFR_f,gene_to_fu,,0.017875589430332184,0.017941763624548912
FGF5,VEGFR_f,gene_to_fu,,0.01785491406917572,0.017917737364768982
FGF6,VEGFR_f,gene_to_fu,,0.017865264788269997,0.017939221113920212
FGF7,VEGFR_f,gene_to_fu,,0.017831452190876007,0.01789679192006588
FGF8,VEGFR_f,gene_to_fu,,0.017883773893117905,0.01796063967049122
FGF9,VEGFR_f,gene_to_fu,,0.01783493161201477,0.017862526699900627
FGF10,VEGFR_f,gene_to_fu,,0.017832398414611816,0.017882194370031357
VEGFD,VEGFR_f,gene_to_fu,,0.017827892675995827,0.017957128584384918
FLT3LG,VEGFR_f,gene_to_fu,,0.017856771126389503,0.017896784469485283
FGF20,VEGFR_f,gene_to_fu,,0.01785390079021454,0.017896804958581924
FGF21,VEGFR_f,gene_to_fu,,0.017843108624219894,0.01791183464229107
GDNF,VEGFR_f,gene_to_fu,,0.01786479353904724,0.017969992011785507
FGF22,VEGFR_f,gene_to_fu,,0.017933601513504982,0.018066132441163063
ANGPT1,VEGFR_f,gene_to_fu,,0.01779543049633503,0.017993751913309097
ANGPT2,VEGFR_f,gene_to_fu,,0.017796119675040245,0.018013928085565567
HGF,VEGFR_f,gene_to_fu,,0.01782417669892311,0.017888478934764862
IGF1,VEGFR_f,gene_to_fu,,0.01779291220009327,0.017889354377985
IGF2,VEGFR_f,gene_to_fu,,0.017862264066934586,0.01792408525943756
INS,VEGFR_f,gene_to_fu,,0.01783072017133236,0.01801694743335247
AREG,VEGFR_f,gene_to_fu,,0.01785147376358509,0.01789899356663227
KITLG,VEGFR_f,gene_to_fu,,0.017834903672337532,0.017963172867894173
NGF,VEGFR_f,gene_to_fu,,0.017884109169244766,0.017981545999646187
NRTN,VEGFR_f,gene_to_fu,,0.01797430031001568,0.01810251548886299
NTF3,VEGFR_f,gene_to_fu,,0.0178748220205307,0.017936237156391144
NTF4,VEGFR_f,gene_to_fu,,0.017914671450853348,0.018059130758047104
ANGPT4,VEGFR_f,gene_to_fu,,0.017827361822128296,0.018000800162553787
PDGFA,VEGFR_f,gene_to_fu,,0.01787756383419037,0.017945758998394012
PDGFB,VEGFR_f,gene_to_fu,,0.017885392531752586,0.017930973321199417
PGF,VEGFR_f,gene_to_fu,,0.017902445048093796,0.01808278262615204
PDGFC,VEGFR_f,gene_to_fu,,0.01786663942039013,0.017944971099495888
PSPN,VEGFR_f,gene_to_fu,,0.01787564344704151,0.0179898738861084
BDNF,VEGFR_f,gene_to_fu,,0.017828214913606644,0.01790120266377926
TGFA,VEGFR_f,gene_to_fu,,0.017892412841320038,0.017983747646212578
VEGFA,VEGFR_f,gene_to_fu,,0.01784501224756241,0.01794739067554474
VEGFB,VEGFR_f,gene_to_fu,,0.01792581006884575,0.018099335953593254
VEGFC,VEGFR_f,gene_to_fu,,0.01784149557352066,0.017970222979784012
PDGFD,VEGFR_f,gene_to_fu,,0.017859775573015213,0.018021684139966965
FGF23,VEGFR_f,gene_to_fu,,0.01790146343410015,0.018041441217064857
FGF18,VEGFR_f,gene_to_fu,,0.01784045435488224,0.017906703054904938
FGF17,VEGFR_f,gene_to_fu,,0.01788310892879963,0.017959624528884888
FGF16,VEGFR_f,gene_to_fu,,0.017816172912716866,0.017864268273115158
ARTN,VEGFR_f,gene_to_fu,,0.017966406419873238,0.018216857686638832
FGF19,VEGFR_f,gene_to_fu,,0.017864087596535683,0.017948361113667488
TRADD,TRADD_f,gene_to_fu,,0.33445656299591064,0.33667269349098206
MYD88,MYD88_f,gene_to_fu,,0.3340357542037964,0.33578020334243774
IRAK1,IRAK_f,gene_to_fu,,0.25031226873397827,0.25108107924461365
IRAK4,IRAK_f,gene_to_fu,,0.2497503161430359,0.25070980191230774
ARAF,ARAF_f,gene_to_fu,,0.33356377482414246,0.33437472581863403
MAX,MAX_f,gene_to_fu,,0.24971306324005127,0.2502402365207672
MYC,MYC_MAX_f,gene_to_fu,,0.2500358521938324,0.3339052200317383
MAX,MYC_MAX_f,gene_to_fu,,0.08364461362361908,0.3345784544944763
SRF,bHLH_f,gene_to_fu,,0.2494238168001175,0.33302420377731323
ELK4,bHLH_f,gene_to_fu,,0.16688719391822815,0.33431899547576904
ELK1,bHLH_f,gene_to_fu,,0.25056153535842896,0.33513665199279785
GNA_f,RASA2_f,protein_protein_interaction,activation,0.3333559036254883,0.33456918597221375
RAPGEF2_f,RAS_f,protein_protein_interaction,activation,0.06657088547945023,0.06665699183940887
RASGRF_f,RAS_f,protein_protein_interaction,activation,0.06664727628231049,0.06698253750801086
RASGRP_f,RAS_f,protein_protein_interaction,activation,0.06665170192718506,0.06689278781414032
RAP1_f,BRAF_f,protein_protein_interaction,activation,0.25014743208885193,0.25071215629577637
TNF_f,TNFRSF1A_f,protein_protein_interaction,activation,0.3337354362010956,0.3344306945800781
IL1A_B_f,IL1R_f,protein_protein_interaction,activation,0.25012490153312683,0.25105538964271545
FASLG_f,FAS_f,protein_protein_interaction,activation,0.33351007103919983,0.3353450298309326
TGFB_f,TGFBR_f,protein_protein_interaction,activation,0.25037524104118347,0.2516944706439972
FAS_f,DAXX_f,protein_protein_interaction,activation,0.2503964900970459,0.25145184993743896
TGFBR_f,DAXX_f,protein_protein_interaction,activation,0.24998904764652252,0.25015634298324585
GRB2_f,RTK_f,protein_protein_interaction,binding/association,0.035727743059396744,0.035843849182128906
SOS_f,GRB2_f,protein_protein_interaction,binding/association,0.33308538794517517,0.3342805802822113
TAB2_f,TRAF6_f,protein_protein_interaction,binding/association,0.19997213780879974,0.2002854347229004
ECSIT_f,TRAF6_f,protein_protein_interaction,binding/association,0.20039905607700348,0.2014298290014267
SRF_f,ELK_f,protein_protein_interaction,binding/association,0.14268699288368225,0.142811119556427
SRF_f,ELK4_f,protein_protein_interaction,binding/association,0.1666070520877838,0.16706031560897827
LAMTOR3_f,MAP2K1_f,protein_protein_interaction,binding/association,0.12498075515031815,0.12537382543087006
LAMTOR3_f,MAP2K2_f,protein_protein_interaction,binding/association,0.12496983259916306,0.12535306811332703
MAPK1_3_f,LAMTOR3_f,protein_protein_interaction,binding/association,0.333797812461853,0.33474236726760864
MAPK8IP_f,MAPK8_10_f,protein_protein_interaction,binding/association,0.09076255559921265,0.09091148525476456
MAPK8IP_f,MAP2K7_f,protein_protein_interaction,binding/association,0.12482047826051712,0.12499497085809708
MAPK8IP_f,MAP3K11_f,protein_protein_interaction,binding/association,0.24972951412200928,0.24998201429843903
MAPK8IP_f,MAP4K1_f,protein_protein_interaction,binding/association,0.33313605189323425,0.33393537998199463
MAPK8_10_f,MAPK8IP3_f,protein_protein_interaction,binding/association,0.16673940420150757,0.1668342798948288
MAP2K4_f,MAPK8IP3_f,protein_protein_interaction,binding/association,0.16677536070346832,0.1669885814189911
MAP2K7_f,MAPK8IP3_f,protein_protein_interaction,binding/association,0.16668659448623657,0.16673503816127777
MAPK8IP3_f,MAP3K1_f,protein_protein_interaction,binding/association,0.11100247502326965,0.11123434454202652
MAP3K11_f,MAPK8IP3_f,protein_protein_interaction,binding/association,0.166693776845932,0.16683237254619598
MAPK8_10_f,CRK_f,protein_protein_interaction,binding/association,0.19951149821281433,0.20007456839084625
MAP2K4_f,CRK_f,protein_protein_interaction,binding/association,0.1995541751384735,0.20006708800792694
MAP2K4_f,FLNA_f,protein_protein_interaction,binding/association,0.33317384123802185,0.33355164527893066
MAP2K4_f,ARRK_f,protein_protein_interaction,binding/association,0.24990203976631165,0.25101181864738464
PKA_f,RAP1_f,protein_protein_interaction,phosphorylation,0.25041916966438293,0.2519901692867279
PKC_f,RAS_f,protein_protein_interaction,phosphorylation,0.06663471460342407,0.06698396056890488
PKC_f,RAF1_f,protein_protein_interaction,phosphorylation,0.2499275803565979,0.2507219612598419
SOS_f,RAS_f,protein_protein_interaction,activation,0.06664326786994934,0.06701508164405823
RAS_f,BRAF_f,protein_protein_interaction,activation,0.2498951107263565,0.2501397132873535
RAS_f,RAF1_f,protein_protein_interaction,activation,0.25004690885543823,0.2505742013454437
BRAF_f,MAP2K1_f,protein_protein_interaction,phosphorylation,0.12494052201509476,0.1250065118074417
BRAF_f,MAP2K2_f,protein_protein_interaction,phosphorylation,0.12492900341749191,0.12500333786010742
RAF1_f,MAP2K1_f,protein_protein_interaction,phosphorylation,0.1249227449297905,0.1250835657119751
RAF1_f,MAP2K2_f,protein_protein_interaction,phosphorylation,0.12491124868392944,0.12509308755397797
MAP2K1_f,MAPK1_3_f,protein_protein_interaction,phosphorylation,0.14265361428260803,0.14331842958927155
MAP2K2_f,MAPK1_3_f,protein_protein_interaction,phosphorylation,0.14267869293689728,0.14338061213493347
MAPK1_3_f,MAPT_f,protein_protein_interaction,phosphorylation,0.33357006311416626,0.33380159735679626
MAPK1_3_f,STMN1_f,protein_protein_interaction,phosphorylation,0.3338497579097748,0.33481812477111816
MAPK1_3_f,PLA2G4_f,protein_protein_interaction,phosphorylation,0.11128690838813782,0.11162938922643661
MAPK1_3_f,MAPKK_f,protein_protein_interaction,phosphorylation,0.2500302493572235,0.25027066469192505
MAPK1_3_f,S6K_f,protein_protein_interaction,phosphorylation,0.16704635322093964,0.1679515391588211
MAPK1_3_f,ELK_f,protein_protein_interaction,phosphorylation,0.142822265625,0.14303573966026306
MAPK1_3_f,ELK4_f,protein_protein_interaction,phosphorylation,0.1667812317609787,0.16695716977119446
MAPKK_f,ATF_f,protein_protein_interaction,phosphorylation,0.14287559688091278,0.1430174857378006
S6K_f,ATF_f,protein_protein_interaction,phosphorylation,0.14269062876701355,0.14296281337738037
MAPK1_3_f,MYC_MAX_f,protein_protein_interaction,phosphorylation,0.3334667682647705,0.33417627215385437
RAC_f,MAP3K1_f,protein_protein_interaction,activation,0.11117821931838989,0.11172912269830704
RAC_f,PAK12_f,protein_protein_interaction,activation,0.20011498034000397,0.20125454664230347
CASP3_f,SFRP1_f,protein_protein_interaction,activation,0.25012779235839844,0.2512187361717224
TRAF2_f,MAP4K2_f,protein_protein_interaction,activation,0.3335672616958618,0.33401310443878174
TRAF2_f,MAP3K5_f,protein_protein_interaction,activation,0.16680385172367096,0.16718655824661255
TRAF2_f,MAP3K1_f,protein_protein_interaction,activation,0.11114486306905746,0.11117829382419586
DAXX_f,MAP3K5_f,protein_protein_interaction,activation,0.1666133999824524,0.16679883003234863
GADD45_f,MAP3K4_f,protein_protein_interaction,activation,0.33362433314323425,0.335338830947876
PAK12_f,MAPKKK2_3_f,protein_protein_interaction,phosphorylation,0.24994346499443054,0.2502724826335907
MAP4K1_f,MAP3K11_f,protein_protein_interaction,phosphorylation,0.24987375736236572,0.25020185112953186
MAP4K4_f,MAP3K1_f,protein_protein_interaction,phosphorylation,0.11108855158090591,0.11139491945505142
MAP4K3_f,MAP3K1_f,protein_protein_interaction,phosphorylation,0.11103085428476334,0.1113753691315651
MAPKKK12_13_f,MAP2K7_f,protein_protein_interaction,phosphorylation,0.12486174702644348,0.1252463012933731
MAPKKK9_21_f,MAP2K7_f,protein_protein_interaction,phosphorylation,0.12499009072780609,0.1251639872789383
MAP3K20_f,MAP2K7_f,protein_protein_interaction,phosphorylation,0.1250724494457245,0.1256929486989975
MAP3K5_f,MAP2K3_f,protein_protein_interaction,phosphorylation,0.12484019994735718,0.1250477135181427
MAP3K5_f,MAP2K6_f,protein_protein_interaction,phosphorylation,0.12484106421470642,0.12504160404205322
MAP3K7_f,MAP3K14_f,protein_protein_interaction,phosphorylation,0.24951240420341492,0.25051483511924744
MAP3K7_f,IKK_f,protein_protein_interaction,phosphorylation,0.12495317310094833,0.12513214349746704
MAP3K7_f,MAP2K3_f,protein_protein_interaction,phosphorylation,0.12488129734992981,0.1250808835029602
MAP3K7_f,MAP2K6_f,protein_protein_interaction,phosphorylation,0.12488317489624023,0.12507477402687073
MAP3K7_f,NLK_f,protein_protein_interaction,phosphorylation,0.33299335837364197,0.33352503180503845
MAP3K6_f,MAP2K3_f,protein_protein_interaction,phosphorylation,0.12509354948997498,0.12537521123886108
MAP3K6_f,MAP2K6_f,protein_protein_interaction,phosphorylation,0.1250954270362854,0.12539038062095642
MAP2K3_f,MAPK11_14_f,protein_protein_interaction,phosphorylation,0.11096705496311188,0.11140412837266922
MAP2K6_f,MAPK11_14_f,protein_protein_interaction,phosphorylation,0.11096242070198059,0.11138550937175751
MAPK11_14_f,ATF2_f,protein_protein_interaction,phosphorylation,0.3336906433105469,0.33455517888069153
MAPK11_14_f,ELK_f,protein_protein_interaction,phosphorylation,0.14287039637565613,0.14316339790821075
MAPK11_14_f,TP53_f,protein_protein_interaction,phosphorylation,0.2500932514667511,0.25034624338150024
MAPK11_14_f,ELK4_f,protein_protein_interaction,phosphorylation,0.1668207347393036,0.16709600389003754
MAPK11_14_f,DDIT3_f,protein_protein_interaction,phosphorylation,0.33403581380844116,0.335563600063324
MAPK11_14_f,MAX_f,protein_protein_interaction,phosphorylation,0.25066813826560974,0.25142645835876465
MAPK11_14_f,MEF2C_f,protein_protein_interaction,phosphorylation,0.33373528718948364,0.33447128534317017
MAPK11_14_f,MAPKAPK5_f,protein_protein_interaction,phosphorylation,0.3336135745048523,0.3345552086830139
MAPK11_14_f,MAPKAPK_f,protein_protein_interaction,phosphorylation,0.24972757697105408,0.2502339780330658
MAPK11_14_f,RPS6KA_f,protein_protein_interaction,phosphorylation,0.2503320276737213,0.25126081705093384
MAPK11_14_f,CDC25B_f,protein_protein_interaction,phosphorylation,0.3338046669960022,0.33490610122680664
MAPKAPK5_f,HSPB1_f,protein_protein_interaction,phosphorylation,0.24975426495075226,0.2504928708076477
MAPKAPK_f,HSPB1_f,protein_protein_interaction,phosphorylation,0.2502601742744446,0.2509807348251343
MAPKAPK_f,ATF_f,protein_protein_interaction,phosphorylation,0.14307932555675507,0.14358370006084442
RPS6KA_f,ATF_f,protein_protein_interaction,phosphorylation,0.14271768927574158,0.14299970865249634
MAP2K5_f,MAPK7_f,protein_protein_interaction,phosphorylation,0.33324193954467773,0.33364883065223694
MAPK7_f,NR4A1_f,protein_protein_interaction,phosphorylation,0.3336130976676941,0.3339330852031708
MAP3K8_f,MAP3K14_f,protein_protein_interaction,phosphorylation,0.24936649203300476,0.25062286853790283
MAP3K8_f,IKK_f,protein_protein_interaction,phosphorylation,0.12493377923965454,0.1250530332326889
MAP3K8_f,MAP2K1_f,protein_protein_interaction,phosphorylation,0.12492147088050842,0.1251201629638672
MAP3K8_f,MAP2K2_f,protein_protein_interaction,phosphorylation,0.12490996718406677,0.12512968480587006
MAP3K1_f,IKK_f,protein_protein_interaction,phosphorylation,0.12496788799762726,0.12514498829841614
MAP3K1_f,MAP2K4_f,protein_protein_interaction,phosphorylation,0.19989410042762756,0.20054106414318085
MAP3K11_f,MAP2K7_f,protein_protein_interaction,phosphorylation,0.12494843453168869,0.12501299381256104
MAP3K1_f,MAP2K1_f,protein_protein_interaction,phosphorylation,0.12495552748441696,0.12504494190216064
MAP3K1_f,MAP2K2_f,protein_protein_interaction,phosphorylation,0.12494401633739471,0.1250355988740921
MAP2K4_f,MAPK8_10_f,protein_protein_interaction,phosphorylation,0.09090003371238708,0.09098364412784576
MAP2K7_f,MAPK8_10_f,protein_protein_interaction,phosphorylation,0.09086617082357407,0.0909447968006134
MAPK8_10_f,AP-1_f,protein_protein_interaction,phosphorylation,0.24938015639781952,0.25025656819343567
MAPK8_10_f,JUND_f,protein_protein_interaction,phosphorylation,0.3322813808917999,0.333561509847641
MAPK8_10_f,ELK_f,protein_protein_interaction,phosphorylation,0.14262476563453674,0.14295600354671478
MAPK8_10_f,TP53_f,protein_protein_interaction,phosphorylation,0.24966280162334442,0.2501383125782013
MAPK8_10_f,NFATC1_f,protein_protein_interaction,inhibition|phosphorylation,0.25009727478027344,0.2502326965332031
MAPK8_10_f,NFATC3_f,protein_protein_interaction,inhibition|phosphorylation,0.2502419948577881,0.25048670172691345
p38MAPK_f,NFATC1_f,protein_protein_interaction,dephosphorylation,0.24979591369628906,0.25038155913352966
AKT_f,MAP3K5_f,protein_protein_interaction,inhibition|phosphorylation,0.1666099727153778,0.16669625043869019
AKT_f,MAP2K4_f,protein_protein_interaction,inhibition|phosphorylation,0.19971975684165955,0.20018525421619415
p38MAPK_f,NFATC3_f,protein_protein_interaction,dephosphorylation,0.2499343454837799,0.25046685338020325
RASA2_f,RAS_f,protein_protein_interaction,inhibition,0.06663238257169724,0.06681418418884277
NF1_f,RAS_f,protein_protein_interaction,inhibition,0.06667119264602661,0.06708139181137085
RASA1_f,RAS_f,protein_protein_interaction,inhibition,0.06666624546051025,0.06675399094820023
MAPKReg_f,MAPK1_3_f,protein_protein_interaction,inhibition|dephosphorylation,0.14281679689884186,0.14301623404026031
DUSPs_f,MAPK1_3_f,protein_protein_interaction,inhibition|dephosphorylation,0.14291167259216309,0.14325720071792603
DUSP_f,MAPK8_10_f,protein_protein_interaction,inhibition|dephosphorylation,0.09107263386249542,0.09154890477657318
DUSP_f,MAPK11_14_f,protein_protein_interaction,inhibition|dephosphorylation,0.11111661791801453,0.11134867370128632
MAPKReg_f,MAPK8_10_f,protein_protein_interaction,inhibition|dephosphorylation,0.09102277457714081,0.09141720831394196
MAPKReg_f,MAPK11_14_f,protein_protein_interaction,inhibition|dephosphorylation,0.11105597764253616,0.11118848621845245
PPM1A_f,MAP2K3_f,protein_protein_interaction,inhibition|dephosphorylation,0.12512856721878052,0.12560345232486725
PPM1A_f,MAP2K6_f,protein_protein_interaction,inhibition|dephosphorylation,0.12513044476509094,0.12561866641044617
PPM1A_f,MAP2K7_f,protein_protein_interaction,inhibition|dephosphorylation,0.1251758337020874,0.1257680505514145
PPM1A_f,MAP2K4_f,protein_protein_interaction,inhibition|dephosphorylation,0.20016156136989594,0.2008039653301239
PPP5C_f,MAP3K5_f,protein_protein_interaction,inhibition|dephosphorylation,0.16666948795318604,0.16703185439109802
PPM1B_f,MAP3K7_f,protein_protein_interaction,inhibition|dephosphorylation,0.19993820786476135,0.2001921385526657
MECOM_f,MAPK8_10_f,protein_protein_interaction,inhibition,0.09078844636678696,0.09097795933485031
HSP70_f,MAPK8_10_f,protein_protein_interaction,inhibition,0.09091807901859283,0.09166817367076874
bHLH_f,FOS_f,gene_expression_regulation,expression,0.3334784209728241,0.3336760401725769
CD14_f,TAB1_f,protein_protein_interaction,indirect effect,0.20058591663837433,0.20181505382061005
MAP3K14_f,NFKB_f,protein_protein_interaction,indirect effect,0.14295724034309387,0.14546085894107819
IKK_f,NFKB_f,protein_protein_interaction,indirect effect,0.14271970093250275,0.14291590452194214
CACNA_f,RASGRF_f,protein_protein_interaction,compound,0.2503722012042999,0.2517554461956024
CACNA_f,RASGRP_f,protein_protein_interaction,compound,0.16691577434539795,0.16756907105445862
CASP3_f,PAK12_f,protein_protein_interaction,activation,0.20005613565444946,0.2004433274269104
CASP3_f,MAP3K1_f,protein_protein_interaction,activation,0.11112236231565475,0.11127876490354538
MAP3K14_f,IKK_f,protein_protein_interaction,phosphorylation,0.1250828504562378,0.1270739585161209
TAB1_f,MAP3K7_f,protein_protein_interaction,activation,0.20003512501716614,0.2001887559890747
TAB2_f,MAP3K7_f,protein_protein_interaction,activation,0.20009326934814453,0.20042745769023895
TNFRSF1A_f,TRADD_f,protein_protein_interaction,,0.33236122131347656,0.33331507444381714
TRADD_f,TRAF2_f,protein_protein_interaction,activation,0.33386486768722534,0.33519142866134644
TRADD_f,CASP3_f,protein_protein_interaction,activation|indirect effect,0.33391594886779785,0.3347063362598419
IL1R_f,MYD88_f,protein_protein_interaction,activation,0.33273667097091675,0.3333640694618225
MYD88_f,IRAK_f,protein_protein_interaction,activation,0.2500509023666382,0.25037866830825806
TRAF2_f,TAB1_f,protein_protein_interaction,activation,0.19986465573310852,0.200058251619339
IRAK_f,TRAF6_f,protein_protein_interaction,activation|indirect effect,0.19996213912963867,0.20028460025787354
TRAF6_f,TAB1_f,protein_protein_interaction,binding/association,0.19977572560310364,0.200306236743927
VEGFR_f,RTK_f,protein_protein_interaction,activation,0.03579600900411606,0.03602152317762375
RAS_f,ARAF_f,protein_protein_interaction,activation,0.33316051959991455,0.33388715982437134
ARAF_f,MAP2K1_f,protein_protein_interaction,activation|phosphorylation,0.12500357627868652,0.1251000016927719
ARAF_f,MAP2K2_f,protein_protein_interaction,activation|phosphorylation,0.12499202787876129,0.12505687773227692
MAP3K4_f,MAP2K3_f,protein_protein_interaction,activation|phosphorylation,0.1248612329363823,0.1250675767660141
MAP3K4_f,MAP2K6_f,protein_protein_interaction,activation|phosphorylation,0.12486309558153152,0.1250716894865036
TAOK_f,MAP2K3_f,protein_protein_interaction,activation|phosphorylation,0.12484818696975708,0.1250906139612198
TAOK_f,MAP2K6_f,protein_protein_interaction,activation|phosphorylation,0.1248449981212616,0.12508495151996613
RAS_f,MAP3K1_f,protein_protein_interaction,,0.11103539168834686,0.1111169382929802
RASGRF1,RASGRF1,self_loop,self_loop,1.0,1.0
RASGRF2,RASGRF2,self_loop,self_loop,1.0,1.0
DUSP10,DUSP10,self_loop,self_loop,1.0,1.0
DUSP1,DUSP1,self_loop,self_loop,1.0,1.0
DUSP2,DUSP2,self_loop,self_loop,0.5002484917640686,0.5011117458343506
DUSP4,DUSP4,self_loop,self_loop,1.0,1.0
DUSP5,DUSP5,self_loop,self_loop,1.0,1.0
DUSP6,DUSP6,self_loop,self_loop,1.0,1.0
DUSP7,DUSP7,self_loop,self_loop,1.0,1.0
DUSP8,DUSP8,self_loop,self_loop,1.0,1.0
DUSP9,DUSP9,self_loop,self_loop,1.0,1.0
DUSP16,DUSP16,self_loop,self_loop,1.0,1.0
DUSP3,DUSP3,self_loop,self_loop,1.0,1.0
PTPN7,PTPN7,self_loop,self_loop,1.0,1.0
PTPRR,PTPRR,self_loop,self_loop,1.0,1.0
PTPN5,PTPN5,self_loop,self_loop,1.0,1.0
PPM1B,PPM1B,self_loop,self_loop,1.0,1.0
FASLG,FASLG,self_loop,self_loop,1.0,1.0
MAP4K4,MAP4K4,self_loop,self_loop,1.0,1.0
PLA2G4B,PLA2G4B,self_loop,self_loop,1.0,1.0
PLA2G4E,PLA2G4E,self_loop,self_loop,1.0,1.0
PLA2G4F,PLA2G4F,self_loop,self_loop,1.0,1.0
PLA2G4D,PLA2G4D,self_loop,self_loop,1.0,1.0
PLA2G4A,PLA2G4A,self_loop,self_loop,1.0,1.0
PLA2G4C,PLA2G4C,self_loop,self_loop,1.0,1.0
JMJD7-PLA2G4B,JMJD7-PLA2G4B,self_loop,self_loop,1.0,1.0
STMN1,STMN1,self_loop,self_loop,0.4997174143791199,0.5000917315483093
MAPT,MAPT,self_loop,self_loop,1.0,1.0
NFKB1,NFKB1,self_loop,self_loop,0.4997180700302124,0.5004096627235413
NFKB2,NFKB2,self_loop,self_loop,1.0,1.0
RELA,RELA,self_loop,self_loop,1.0,1.0
RELB,RELB,self_loop,self_loop,1.0,1.0
CHUK,CHUK,self_loop,self_loop,1.0,1.0
IKBKB,IKBKB,self_loop,self_loop,1.0,1.0
IKBKG,IKBKG,self_loop,self_loop,1.0,1.0
MAP3K14,MAP3K14,self_loop,self_loop,1.0,1.0
MAPK1,MAPK1,self_loop,self_loop,1.0,1.0
MAPK3,MAPK3,self_loop,self_loop,1.0,1.0
LAMTOR3,LAMTOR3,self_loop,self_loop,1.0,1.0
MAP2K2,MAP2K2,self_loop,self_loop,1.0,1.0
MAP2K1,MAP2K1,self_loop,self_loop,1.0,1.0
RAF1,RAF1,self_loop,self_loop,1.0,1.0
BRAF,BRAF,self_loop,self_loop,1.0,1.0
RASA1,RASA1,self_loop,self_loop,0.33325350284576416,0.33343571424484253
NF1,NF1,self_loop,self_loop,1.0,1.0
PRKCA,PRKCA,self_loop,self_loop,1.0,1.0
PRKCB,PRKCB,self_loop,self_loop,1.0,1.0
PRKCG,PRKCG,self_loop,self_loop,1.0,1.0
RAP1A,RAP1A,self_loop,self_loop,1.0,1.0
RAP1B,RAP1B,self_loop,self_loop,1.0,1.0
PRKACA,PRKACA,self_loop,self_loop,1.0,1.0
PRKACB,PRKACB,self_loop,self_loop,1.0,1.0
PRKACG,PRKACG,self_loop,self_loop,1.0,1.0
RAPGEF2,RAPGEF2,self_loop,self_loop,1.0,1.0
RASA2,RASA2,self_loop,self_loop,1.0,1.0
RRAS2,RRAS2,self_loop,self_loop,1.0,1.0
MRAS,MRAS,self_loop,self_loop,0.49991875886917114,0.5004606246948242
HRAS,HRAS,self_loop,self_loop,1.0,1.0
KRAS,KRAS,self_loop,self_loop,1.0,1.0
NRAS,NRAS,self_loop,self_loop,0.4999409019947052,0.5004904866218567
RRAS,RRAS,self_loop,self_loop,0.5001038908958435,0.5011017322540283
RASGRP1,RASGRP1,self_loop,self_loop,1.0,1.0
RASGRP2,RASGRP2,self_loop,self_loop,1.0,1.0
RASGRP4,RASGRP4,self_loop,self_loop,1.0,1.0
RASGRP3,RASGRP3,self_loop,self_loop,1.0,1.0
SOS1,SOS1,self_loop,self_loop,1.0,1.0
SOS2,SOS2,self_loop,self_loop,1.0,1.0
GNA12,GNA12,self_loop,self_loop,0.499917596578598,0.500980019569397
GNG12,GNG12,self_loop,self_loop,1.0,1.0
GRB2,GRB2,self_loop,self_loop,1.0,1.0
CSF1R,CSF1R,self_loop,self_loop,1.0,1.0
EGFR,EGFR,self_loop,self_loop,0.3332292437553406,0.33352649211883545
EPHA2,EPHA2,self_loop,self_loop,1.0,1.0
ERBB2,ERBB2,self_loop,self_loop,1.0,1.0
ERBB3,ERBB3,self_loop,self_loop,1.0,1.0
ERBB4,ERBB4,self_loop,self_loop,0.49965643882751465,0.5003010630607605
FGFR1,FGFR1,self_loop,self_loop,0.4997982978820801,0.500396728515625
FGFR3,FGFR3,self_loop,self_loop,1.0,1.0
FGFR2,FGFR2,self_loop,self_loop,1.0,1.0
FGFR4,FGFR4,self_loop,self_loop,1.0,1.0
FLT1,FLT1,self_loop,self_loop,1.0,1.0
FLT3,FLT3,self_loop,self_loop,1.0,1.0
FLT4,FLT4,self_loop,self_loop,1.0,1.0
IGF1R,IGF1R,self_loop,self_loop,1.0,1.0
INSR,INSR,self_loop,self_loop,1.0,1.0
KDR,KDR,self_loop,self_loop,1.0,1.0
KIT,KIT,self_loop,self_loop,0.33322152495384216,0.33351919054985046
MET,MET,self_loop,self_loop,0.33324918150901794,0.3335264027118683
NGFR,NGFR,self_loop,self_loop,1.0,1.0
NTRK1,NTRK1,self_loop,self_loop,1.0,1.0
NTRK2,NTRK2,self_loop,self_loop,0.49972471594810486,0.5005407333374023
PDGFRA,PDGFRA,self_loop,self_loop,0.49964720010757446,0.5003485083580017
PDGFRB,PDGFRB,self_loop,self_loop,1.0,1.0
RET,RET,self_loop,self_loop,1.0,1.0
TEK,TEK,self_loop,self_loop,1.0,1.0
CACNG3,CACNG3,self_loop,self_loop,1.0,1.0
CACNG2,CACNG2,self_loop,self_loop,1.0,1.0
CACNG5,CACNG5,self_loop,self_loop,0.4998791515827179,0.5007871985435486
CACNG4,CACNG4,self_loop,self_loop,1.0,1.0
CACNA2D3,CACNA2D3,self_loop,self_loop,1.0,1.0
CACNG8,CACNG8,self_loop,self_loop,0.500042200088501,0.5011228919029236
CACNG7,CACNG7,self_loop,self_loop,1.0,1.0
CACNG6,CACNG6,self_loop,self_loop,1.0,1.0
CACNA1A,CACNA1A,self_loop,self_loop,1.0,1.0
CACNA1B,CACNA1B,self_loop,self_loop,1.0,1.0
CACNA1C,CACNA1C,self_loop,self_loop,1.0,1.0
CACNA1D,CACNA1D,self_loop,self_loop,1.0,1.0
CACNA1E,CACNA1E,self_loop,self_loop,1.0,1.0
CACNA1F,CACNA1F,self_loop,self_loop,1.0,1.0
CACNA1S,CACNA1S,self_loop,self_loop,1.0,1.0
CACNA2D1,CACNA2D1,self_loop,self_loop,1.0,1.0
CACNB1,CACNB1,self_loop,self_loop,1.0,1.0
CACNB2,CACNB2,self_loop,self_loop,1.0,1.0
CACNB3,CACNB3,self_loop,self_loop,1.0,1.0
CACNB4,CACNB4,self_loop,self_loop,1.0,1.0
CACNG1,CACNG1,self_loop,self_loop,1.0,1.0
CACNA1I,CACNA1I,self_loop,self_loop,1.0,1.0
CACNA1H,CACNA1H,self_loop,self_loop,1.0,1.0
CACNA1G,CACNA1G,self_loop,self_loop,1.0,1.0
CACNA2D2,CACNA2D2,self_loop,self_loop,1.0,1.0
CACNA2D4,CACNA2D4,self_loop,self_loop,1.0,1.0
NR4A1,NR4A1,self_loop,self_loop,1.0,1.0
MAPK7,MAPK7,self_loop,self_loop,1.0,1.0
MAP2K5,MAP2K5,self_loop,self_loop,1.0,1.0
NLK,NLK,self_loop,self_loop,1.0,1.0
CDC25B,CDC25B,self_loop,self_loop,1.0,1.0
RPS6KA4,RPS6KA4,self_loop,self_loop,1.0,1.0
RPS6KA5,RPS6KA5,self_loop,self_loop,0.4998286962509155,0.5006322264671326
MAPKAPK3,MAPKAPK3,self_loop,self_loop,1.0,1.0
MAPKAPK2,MAPKAPK2,self_loop,self_loop,1.0,1.0
ATF4,ATF4,self_loop,self_loop,1.0,1.0
MEF2C,MEF2C,self_loop,self_loop,0.4998365342617035,0.5003604888916016
MAX,MAX,self_loop,self_loop,1.0,1.0
DDIT3,DDIT3,self_loop,self_loop,1.0,1.0
ELK4,ELK4,self_loop,self_loop,1.0,1.0
TP53,TP53,self_loop,self_loop,1.0,1.0
ELK1,ELK1,self_loop,self_loop,1.0,1.0
ATF2,ATF2,self_loop,self_loop,0.499792218208313,0.5005528330802917
MAPK14,MAPK14,self_loop,self_loop,0.5001004934310913,0.5007071495056152
MAPK11,MAPK11,self_loop,self_loop,1.0,1.0
MAPK13,MAPK13,self_loop,self_loop,1.0,1.0
MAPK12,MAPK12,self_loop,self_loop,1.0,1.0
PPP5C,PPP5C,self_loop,self_loop,1.0,1.0
MAP2K6,MAP2K6,self_loop,self_loop,1.0,1.0
MAP2K3,MAP2K3,self_loop,self_loop,1.0,1.0
PPM1A,PPM1A,self_loop,self_loop,1.0,1.0
AKT3,AKT3,self_loop,self_loop,0.333201140165329,0.3335479497909546
AKT1,AKT1,self_loop,self_loop,0.4997101128101349,0.5005043745040894
AKT2,AKT2,self_loop,self_loop,1.0,1.0
TAOK3,TAOK3,self_loop,self_loop,1.0,1.0
TAOK1,TAOK1,self_loop,self_loop,0.33324605226516724,0.3335264325141907
TAOK2,TAOK2,self_loop,self_loop,1.0,1.0
MAP3K4,MAP3K4,self_loop,self_loop,1.0,1.0
HSPB1,HSPB1,self_loop,self_loop,1.0,1.0
MAP3K7,MAP3K7,self_loop,self_loop,1.0,1.0
MAP3K5,MAP3K5,self_loop,self_loop,1.0,1.0
MAP3K6,MAP3K6,self_loop,self_loop,1.0,1.0
MAP3K20,MAP3K20,self_loop,self_loop,1.0,1.0
MAP3K12,MAP3K12,self_loop,self_loop,1.0,1.0
MAP3K13,MAP3K13,self_loop,self_loop,1.0,1.0
MAP3K9,MAP3K9,self_loop,self_loop,1.0,1.0
MAP3K10,MAP3K10,self_loop,self_loop,1.0,1.0
MAP3K21,MAP3K21,self_loop,self_loop,1.0,1.0
MAP4K2,MAP4K2,self_loop,self_loop,0.49976658821105957,0.5004704594612122
STK3,STK3,self_loop,self_loop,1.0,1.0
STK4,STK4,self_loop,self_loop,0.49975740909576416,0.5007527470588684
ECSIT,ECSIT,self_loop,self_loop,1.0,1.0
TAB2,TAB2,self_loop,self_loop,1.0,1.0
TAB1,TAB1,self_loop,self_loop,1.0,1.0
GADD45G,GADD45G,self_loop,self_loop,1.0,1.0
GADD45A,GADD45A,self_loop,self_loop,1.0,1.0
GADD45B,GADD45B,self_loop,self_loop,1.0,1.0
TRAF6,TRAF6,self_loop,self_loop,0.49974292516708374,0.5003144145011902
DAXX,DAXX,self_loop,self_loop,1.0,1.0
TRAF2,TRAF2,self_loop,self_loop,1.0,1.0
CASP3,CASP3,self_loop,self_loop,1.0,1.0
CD14,CD14,self_loop,self_loop,1.0,1.0
TGFBR1,TGFBR1,self_loop,self_loop,0.49980077147483826,0.5006351470947266
TGFBR2,TGFBR2,self_loop,self_loop,0.49964797496795654,0.5005139112472534
FAS,FAS,self_loop,self_loop,1.0,1.0
IL1R1,IL1R1,self_loop,self_loop,1.0,1.0
IL1RAP,IL1RAP,self_loop,self_loop,1.0,1.0
TNFRSF1A,TNFRSF1A,self_loop,self_loop,1.0,1.0
TGFB1,TGFB1,self_loop,self_loop,1.0,1.0
TGFB2,TGFB2,self_loop,self_loop,1.0,1.0
TGFB3,TGFB3,self_loop,self_loop,1.0,1.0
IL1A,IL1A,self_loop,self_loop,1.0,1.0
IL1B,IL1B,self_loop,self_loop,1.0,1.0
TNF,TNF,self_loop,self_loop,0.5001003742218018,0.5010247826576233
MAPKAPK5,MAPKAPK5,self_loop,self_loop,1.0,1.0
RAC1,RAC1,self_loop,self_loop,1.0,1.0
RAC2,RAC2,self_loop,self_loop,1.0,1.0
RAC3,RAC3,self_loop,self_loop,1.0,1.0
CDC42,CDC42,self_loop,self_loop,0.4998083710670471,0.5001652836799622
PAK1,PAK1,self_loop,self_loop,0.49968212842941284,0.5007066130638123
PAK2,PAK2,self_loop,self_loop,1.0,1.0
MAP3K2,MAP3K2,self_loop,self_loop,0.33323657512664795,0.3335197865962982
MAP3K3,MAP3K3,self_loop,self_loop,1.0,1.0
MAPK8IP2,MAPK8IP2,self_loop,self_loop,1.0,1.0
MAPK8IP1,MAPK8IP1,self_loop,self_loop,1.0,1.0
MAP3K11,MAP3K11,self_loop,self_loop,1.0,1.0
MAP2K7,MAP2K7,self_loop,self_loop,1.0,1.0
MAPK8,MAPK8,self_loop,self_loop,0.4999476671218872,0.5005349516868591
MAPK9,MAPK9,self_loop,self_loop,0.33326733112335205,0.3335414230823517
MAPK10,MAPK10,self_loop,self_loop,0.4997222423553467,0.5004550814628601
MAP2K4,MAP2K4,self_loop,self_loop,1.0,1.0
CRK,CRK,self_loop,self_loop,1.0,1.0
CRKL,CRKL,self_loop,self_loop,1.0,1.0
ARRB1,ARRB1,self_loop,self_loop,1.0,1.0
ARRB2,ARRB2,self_loop,self_loop,1.0,1.0
MECOM,MECOM,self_loop,self_loop,1.0,1.0
HSPA1A,HSPA1A,self_loop,self_loop,1.0,1.0
HSPA1B,HSPA1B,self_loop,self_loop,1.0,1.0
HSPA1L,HSPA1L,self_loop,self_loop,1.0,1.0
HSPA6,HSPA6,self_loop,self_loop,1.0,1.0
HSPA8,HSPA8,self_loop,self_loop,1.0,1.0
JUND,JUND,self_loop,self_loop,1.0,1.0
FOS,FOS,self_loop,self_loop,1.0,1.0
JUN,JUN,self_loop,self_loop,1.0,1.0
NFATC3,NFATC3,self_loop,self_loop,1.0,1.0
NFATC1,NFATC1,self_loop,self_loop,1.0,1.0
PPP3CA,PPP3CA,self_loop,self_loop,1.0,1.0
PPP3CB,PPP3CB,self_loop,self_loop,1.0,1.0
PPP3CC,PPP3CC,self_loop,self_loop,1.0,1.0
PPP3R1,PPP3R1,self_loop,self_loop,0.49983882904052734,0.5000239610671997
PPP3R2,PPP3R2,self_loop,self_loop,1.0,1.0
MAPK8IP3,MAPK8IP3,self_loop,self_loop,1.0,1.0
FLNA,FLNA,self_loop,self_loop,1.0,1.0
MAP3K1,MAP3K1,self_loop,self_loop,1.0,1.0
MAP3K8,MAP3K8,self_loop,self_loop,1.0,1.0
MAP4K1,MAP4K1,self_loop,self_loop,1.0,1.0
MAP4K3,MAP4K3,self_loop,self_loop,1.0,1.0
SRF,SRF,self_loop,self_loop,1.0,1.0
MYC,MYC,self_loop,self_loop,1.0,1.0
RPS6KA6,RPS6KA6,self_loop,self_loop,1.0,1.0
RPS6KA1,RPS6KA1,self_loop,self_loop,1.0,1.0
RPS6KA2,RPS6KA2,self_loop,self_loop,1.0,1.0
RPS6KA3,RPS6KA3,self_loop,self_loop,1.0,1.0
MKNK2,MKNK2,self_loop,self_loop,1.0,1.0
MKNK1,MKNK1,self_loop,self_loop,1.0,1.0
EFNA4-EFNA3,EFNA4-EFNA3,self_loop,self_loop,1.0,1.0
CSF1,CSF1,self_loop,self_loop,1.0,1.0
EFNA1,EFNA1,self_loop,self_loop,1.0,1.0
EFNA2,EFNA2,self_loop,self_loop,1.0,1.0
EFNA3,EFNA3,self_loop,self_loop,1.0,1.0
EFNA4,EFNA4,self_loop,self_loop,1.0,1.0
EFNA5,EFNA5,self_loop,self_loop,1.0,1.0
EGF,EGF,self_loop,self_loop,1.0,1.0
EREG,EREG,self_loop,self_loop,1.0,1.0
FGF1,FGF1,self_loop,self_loop,1.0,1.0
FGF2,FGF2,self_loop,self_loop,0.24996218085289001,0.2500694990158081
FGF3,FGF3,self_loop,self_loop,1.0,1.0
FGF4,FGF4,self_loop,self_loop,1.0,1.0
FGF5,FGF5,self_loop,self_loop,1.0,1.0
FGF6,FGF6,self_loop,self_loop,1.0,1.0
FGF7,FGF7,self_loop,self_loop,1.0,1.0
FGF8,FGF8,self_loop,self_loop,1.0,1.0
FGF9,FGF9,self_loop,self_loop,1.0,1.0
FGF10,FGF10,self_loop,self_loop,1.0,1.0
VEGFD,VEGFD,self_loop,self_loop,1.0,1.0
FLT3LG,FLT3LG,self_loop,self_loop,1.0,1.0
FGF20,FGF20,self_loop,self_loop,1.0,1.0
FGF21,FGF21,self_loop,self_loop,1.0,1.0
GDNF,GDNF,self_loop,self_loop,1.0,1.0
FGF22,FGF22,self_loop,self_loop,1.0,1.0
ANGPT1,ANGPT1,self_loop,self_loop,1.0,1.0
ANGPT2,ANGPT2,self_loop,self_loop,1.0,1.0
HGF,HGF,self_loop,self_loop,0.4996710419654846,0.5004279017448425
IGF1,IGF1,self_loop,self_loop,1.0,1.0
IGF2,IGF2,self_loop,self_loop,1.0,1.0
INS,INS,self_loop,self_loop,1.0,1.0
AREG,AREG,self_loop,self_loop,1.0,1.0
KITLG,KITLG,self_loop,self_loop,1.0,1.0
NGF,NGF,self_loop,self_loop,1.0,1.0
NRTN,NRTN,self_loop,self_loop,1.0,1.0
NTF3,NTF3,self_loop,self_loop,1.0,1.0
NTF4,NTF4,self_loop,self_loop,1.0,1.0
ANGPT4,ANGPT4,self_loop,self_loop,1.0,1.0
PDGFA,PDGFA,self_loop,self_loop,1.0,1.0
PDGFB,PDGFB,self_loop,self_loop,1.0,1.0
PGF,PGF,self_loop,self_loop,1.0,1.0
PDGFC,PDGFC,self_loop,self_loop,1.0,1.0
PSPN,PSPN,self_loop,self_loop,1.0,1.0
BDNF,BDNF,self_loop,self_loop,0.4999886155128479,0.5006151795387268
TGFA,TGFA,self_loop,self_loop,1.0,1.0
VEGFA,VEGFA,self_loop,self_loop,0.3333660662174225,0.33367669582366943
VEGFB,VEGFB,self_loop,self_loop,1.0,1.0
VEGFC,VEGFC,self_loop,self_loop,1.0,1.0
PDGFD,PDGFD,self_loop,self_loop,1.0,1.0
FGF23,FGF23,self_loop,self_loop,1.0,1.0
FGF18,FGF18,self_loop,self_loop,1.0,1.0
FGF17,FGF17,self_loop,self_loop,1.0,1.0
FGF16,FGF16,self_loop,self_loop,1.0,1.0
ARTN,ARTN,self_loop,self_loop,1.0,1.0
FGF19,FGF19,self_loop,self_loop,1.0,1.0
TRADD,TRADD,self_loop,self_loop,1.0,1.0
MYD88,MYD88,self_loop,self_loop,1.0,1.0
IRAK1,IRAK1,self_loop,self_loop,1.0,1.0
IRAK4,IRAK4,self_loop,self_loop,0.49981650710105896,0.500684380531311
ARAF,ARAF,self_loop,self_loop,1.0,1.0
MIMAT0000430,MIMAT0000430,self_loop,self_loop,1.0,1.0
MIMAT0002809,MIMAT0002809,self_loop,self_loop,1.0,1.0
MIMAT0000461,MIMAT0000461,self_loop,self_loop,1.0,1.0
MIMAT0000232,MIMAT0000232,self_loop,self_loop,1.0,1.0
MIMAT0004563,MIMAT0004563,self_loop,self_loop,1.0,1.0
MIMAT0000263,MIMAT0000263,self_loop,self_loop,1.0,1.0
MIMAT0000265,MIMAT0000265,self_loop,self_loop,1.0,1.0
MIMAT0001413,MIMAT0001413,self_loop,self_loop,1.0,1.0
MIMAT0000076,MIMAT0000076,self_loop,self_loop,1.0,1.0
MIMAT0000271,MIMAT0000271,self_loop,self_loop,1.0,1.0
MIMAT0000278,MIMAT0000278,self_loop,self_loop,1.0,1.0
MIMAT0000279,MIMAT0000279,self_loop,self_loop,1.0,1.0
MIMAT0004501,MIMAT0004501,self_loop,self_loop,1.0,1.0
MIMAT0000089,MIMAT0000089,self_loop,self_loop,1.0,1.0
MIMAT0000255,MIMAT0000255,self_loop,self_loop,1.0,1.0
MIMAT0003322,MIMAT0003322,self_loop,self_loop,1.0,1.0
MIMAT0000252,MIMAT0000252,self_loop,self_loop,1.0,1.0
MIMAT0000441,MIMAT0000441,self_loop,self_loop,1.0,1.0
RASGRF_f,RASGRF_f,self_loop,self_loop,0.24987928569316864,0.2500741183757782
DUSPs_f,DUSPs_f,self_loop,self_loop,0.0908917784690857,0.09095983952283859
MAPKReg_f,MAPKReg_f,self_loop,self_loop,0.11108458042144775,0.11111433058977127
PPM1B_f,PPM1B_f,self_loop,self_loop,0.5000239014625549,0.5005643367767334
FASLG_f,FASLG_f,self_loop,self_loop,0.4997822940349579,0.5004674792289734
MAP4K4_f,MAP4K4_f,self_loop,self_loop,0.4999236464500427,0.5002394914627075
PLA2G4_f,PLA2G4_f,self_loop,self_loop,0.1110507994890213,0.11108291894197464
STMN1_f,STMN1_f,self_loop,self_loop,0.33303919434547424,0.3335225582122803
MAPT_f,MAPT_f,self_loop,self_loop,0.3331308364868164,0.33353570103645325
NFKB_f,NFKB_f,self_loop,self_loop,0.14275220036506653,0.14289189875125885
IKK_f,IKK_f,self_loop,self_loop,0.1249195858836174,0.12507735192775726
MAP3K14_f,MAP3K14_f,self_loop,self_loop,0.2496158331632614,0.25017720460891724
MAPK1_3_f,MAPK1_3_f,self_loop,self_loop,0.14279192686080933,0.14291030168533325
LAMTOR3_f,LAMTOR3_f,self_loop,self_loop,0.33312341570854187,0.3334718644618988
MAP2K2_f,MAP2K2_f,self_loop,self_loop,0.12495427578687668,0.12509429454803467
MAP2K1_f,MAP2K1_f,self_loop,self_loop,0.1249547153711319,0.12509606778621674
RAF1_f,RAF1_f,self_loop,self_loop,0.2499520480632782,0.2501520812511444
BRAF_f,BRAF_f,self_loop,self_loop,0.2499256581068039,0.2501775920391083
RASA1_f,RASA1_f,self_loop,self_loop,0.4998925030231476,0.5005978345870972
NF1_f,NF1_f,self_loop,self_loop,0.49989092350006104,0.5002686381340027
PKC_f,PKC_f,self_loop,self_loop,0.24993129074573517,0.250046968460083
RAP1_f,RAP1_f,self_loop,self_loop,0.2498917430639267,0.2501046657562256
PKA_f,PKA_f,self_loop,self_loop,0.2499525547027588,0.2500436305999756
RAPGEF2_f,RAPGEF2_f,self_loop,self_loop,0.500054121017456,0.5003028512001038
RASA2_f,RASA2_f,self_loop,self_loop,0.33325865864753723,0.33350127935409546
RAS_f,RAS_f,self_loop,self_loop,0.0666394978761673,0.06669141352176666
RASGRP_f,RASGRP_f,self_loop,self_loop,0.1666320562362671,0.16668637096881866
SOS_f,SOS_f,self_loop,self_loop,0.33330515027046204,0.33342114090919495
GNA_f,GNA_f,self_loop,self_loop,0.33339157700538635,0.33385971188545227
GRB2_f,GRB2_f,self_loop,self_loop,0.3332505226135254,0.3335528075695038
RTK_f,RTK_f,self_loop,self_loop,0.03569408133625984,0.03572723641991615
CACNA_f,CACNA_f,self_loop,self_loop,0.037028394639492035,0.037049584090709686
NR4A1_f,NR4A1_f,self_loop,self_loop,0.33318594098091125,0.3335176110267639
MAPK7_f,MAPK7_f,self_loop,self_loop,0.33316951990127563,0.33352407813072205
MAP2K5_f,MAP2K5_f,self_loop,self_loop,0.4999062418937683,0.5005269050598145
NLK_f,NLK_f,self_loop,self_loop,0.3332497775554657,0.3334968686103821
CDC25B_f,CDC25B_f,self_loop,self_loop,0.333163321018219,0.3335002064704895
RPS6KA_f,RPS6KA_f,self_loop,self_loop,0.24985632300376892,0.24999046325683594
MAPKAPK_f,MAPKAPK_f,self_loop,self_loop,0.24988515675067902,0.2500918507575989
ATF_f,ATF_f,self_loop,self_loop,0.14278003573417664,0.14293046295642853
MEF2C_f,MEF2C_f,self_loop,self_loop,0.33314913511276245,0.33335423469543457
MAX_f,MAX_f,self_loop,self_loop,0.2499057501554489,0.2500963807106018
DDIT3_f,DDIT3_f,self_loop,self_loop,0.33311727643013,0.33352434635162354
ELK4_f,ELK4_f,self_loop,self_loop,0.16657422482967377,0.16676267981529236
TP53_f,TP53_f,self_loop,self_loop,0.24986928701400757,0.25014376640319824
ELK_f,ELK_f,self_loop,self_loop,0.14278069138526917,0.14294317364692688
ATF2_f,ATF2_f,self_loop,self_loop,0.33319687843322754,0.3333291709423065
MAPK11_14_f,MAPK11_14_f,self_loop,self_loop,0.11107408255338669,0.111140176653862
PPP5C_f,PPP5C_f,self_loop,self_loop,0.49992287158966064,0.5002632737159729
MAP2K6_f,MAP2K6_f,self_loop,self_loop,0.12494920194149017,0.12509608268737793
MAP2K3_f,MAP2K3_f,self_loop,self_loop,0.12494836747646332,0.12509603798389435
DUSP_f,DUSP_f,self_loop,self_loop,0.11109049618244171,0.11118616163730621
PPM1A_f,PPM1A_f,self_loop,self_loop,0.49992090463638306,0.500727653503418
AKT_f,AKT_f,self_loop,self_loop,0.24976778030395508,0.25028613209724426
TAOK_f,TAOK_f,self_loop,self_loop,0.24985703825950623,0.2500936686992645
MAP3K4_f,MAP3K4_f,self_loop,self_loop,0.3331151306629181,0.333553671836853
HSPB1_f,HSPB1_f,self_loop,self_loop,0.24984179437160492,0.2501896023750305
MAP3K7_f,MAP3K7_f,self_loop,self_loop,0.1999131143093109,0.20012319087982178
MAP3K5_f,MAP3K5_f,self_loop,self_loop,0.16660380363464355,0.1667633056640625
MAP3K6_f,MAP3K6_f,self_loop,self_loop,0.4999268054962158,0.5006400346755981
MAP3K20_f,MAP3K20_f,self_loop,self_loop,0.5,0.5
MAPKKK12_13_f,MAPKKK12_13_f,self_loop,self_loop,0.33331209421157837,0.33341556787490845
MAPKKK9_21_f,MAPKKK9_21_f,self_loop,self_loop,0.2498420774936676,0.2499866932630539
MAP4K2_f,MAP4K2_f,self_loop,self_loop,0.3331887722015381,0.3333234488964081
SFRP1_f,SFRP1_f,self_loop,self_loop,0.24986551702022552,0.2500301003456116
ECSIT_f,ECSIT_f,self_loop,self_loop,0.49981689453125,0.5005784034729004
TAB2_f,TAB2_f,self_loop,self_loop,0.49991458654403687,0.5003808736801147
TAB1_f,TAB1_f,self_loop,self_loop,0.199814572930336,0.20009848475456238
GADD45_f,GADD45_f,self_loop,self_loop,0.24998950958251953,0.25003930926322937
TRAF6_f,TRAF6_f,self_loop,self_loop,0.1998346894979477,0.20004940032958984
DAXX_f,DAXX_f,self_loop,self_loop,0.24983327090740204,0.2501218318939209
TRAF2_f,TRAF2_f,self_loop,self_loop,0.3330898582935333,0.3334703743457794
CASP3_f,CASP3_f,self_loop,self_loop,0.33311641216278076,0.3334767520427704
CD14_f,CD14_f,self_loop,self_loop,0.49969395995140076,0.5005414485931396
TGFBR_f,TGFBR_f,self_loop,self_loop,0.24982509016990662,0.2500934600830078
FAS_f,FAS_f,self_loop,self_loop,0.3330482542514801,0.33350634574890137
IL1R_f,IL1R_f,self_loop,self_loop,0.24994082748889923,0.2501157820224762
TNFRSF1A_f,TNFRSF1A_f,self_loop,self_loop,0.33314281702041626,0.3334130346775055
TGFB_f,TGFB_f,self_loop,self_loop,0.24996259808540344,0.2500424087047577
IL1A_B_f,IL1A_B_f,self_loop,self_loop,0.33330002427101135,0.33342427015304565
TNF_f,TNF_f,self_loop,self_loop,0.5000296235084534,0.5009753108024597
MAPKAPK5_f,MAPKAPK5_f,self_loop,self_loop,0.3331480026245117,0.3335067927837372
RAC_f,RAC_f,self_loop,self_loop,0.19998659193515778,0.2000809609889984
PAK12_f,PAK12_f,self_loop,self_loop,0.19987846910953522,0.2000122219324112
MAPKKK2_3_f,MAPKKK2_3_f,self_loop,self_loop,0.2498442381620407,0.24997633695602417
MAPK8IP_f,MAPK8IP_f,self_loop,self_loop,0.3333328664302826,0.33342358469963074
MAP3K11_f,MAP3K11_f,self_loop,self_loop,0.24998557567596436,0.2501944601535797
MAP2K7_f,MAP2K7_f,self_loop,self_loop,0.12494306266307831,0.12503322958946228
MAPK8_10_f,MAPK8_10_f,self_loop,self_loop,0.09088043123483658,0.09092675149440765
MAP2K4_f,MAP2K4_f,self_loop,self_loop,0.19989615678787231,0.20011070370674133
CRK_f,CRK_f,self_loop,self_loop,0.19999480247497559,0.20031677186489105
ARRK_f,ARRK_f,self_loop,self_loop,0.24987831711769104,0.25010859966278076
MECOM_f,MECOM_f,self_loop,self_loop,0.49997180700302124,0.5002360939979553
HSP70_f,HSP70_f,self_loop,self_loop,0.16665910184383392,0.1666833758354187
JUND_f,JUND_f,self_loop,self_loop,0.3331804871559143,0.33350393176078796
AP-1_f,AP-1_f,self_loop,self_loop,0.24992956221103668,0.25009095668792725
NFATC3_f,NFATC3_f,self_loop,self_loop,0.24996227025985718,0.25012674927711487
NFATC1_f,NFATC1_f,self_loop,self_loop,0.24994932115077972,0.250127911567688
p38MAPK_f,p38MAPK_f,self_loop,self_loop,0.16656909883022308,0.16664448380470276
MAPK8IP3_f,MAPK8IP3_f,self_loop,self_loop,0.16659647226333618,0.1668011099100113
FLNA_f,FLNA_f,self_loop,self_loop,0.33320924639701843,0.33353257179260254
MAP3K1_f,MAP3K1_f,self_loop,self_loop,0.11106230318546295,0.11118502914905548
MAP3K8_f,MAP3K8_f,self_loop,self_loop,0.49994713068008423,0.5002321600914001
MAP4K1_f,MAP4K1_f,self_loop,self_loop,0.3333274722099304,0.33355748653411865
MAP4K3_f,MAP4K3_f,self_loop,self_loop,0.49996596574783325,0.5002171993255615
FOS_f,FOS_f,self_loop,self_loop,0.3330688774585724,0.3335545063018799
SRF_f,SRF_f,self_loop,self_loop,0.49986037611961365,0.5002507567405701
MYC_f,MYC_f,self_loop,self_loop,0.4999192953109741,0.5002354979515076
S6K_f,S6K_f,self_loop,self_loop,0.16657701134681702,0.16670635342597961
MAPKK_f,MAPKK_f,self_loop,self_loop,0.2498786747455597,0.2501012682914734
VEGFR_f,VEGFR_f,self_loop,self_loop,0.017852896824479103,0.01785997301340103
TRADD_f,TRADD_f,self_loop,self_loop,0.3331822156906128,0.33357977867126465
MYD88_f,MYD88_f,self_loop,self_loop,0.33322757482528687,0.33355680108070374
IRAK_f,IRAK_f,self_loop,self_loop,0.24988648295402527,0.24999859929084778
ARAF_f,ARAF_f,self_loop,self_loop,0.333275705575943,0.33350449800491333
MYC_MAX_f,MYC_MAX_f,self_loop,self_loop,0.3328527808189392,0.33332952857017517
bHLH_f,bHLH_f,self_loop,self_loop,0.3331274092197418,0.33343949913978577
