Entrez ID,Gene Symbol,LogFC,p-value,Oncogene Score
146894,CD300LG,-7.23858,2.69893e-06,0.0561863
130399,ACVR1C,-6.32836,0.00013473,0.0430467
3716,JAK1,2.70059,0.000205123,0.56724
64326,RFWD2,2.60511,2.34628e-05,
26112,CCDC69,-2.495,0.000923619,0.10651
11329,STK38,2.6241,1.0846e-06,0.066037
80760,ITIH5,-4.41743,4.27353e-05,0.100955
5905,RANGAP1,3.02738,5.64444e-06,0.00753286
2296,FOXC1,-4.24869,1.2765e-12,0.11829
255520,ELMOD2,2.91022,0.000148344,
64283,ARHGEF28,-2.57453,3.01923e-19,0.0536506
285527,FRYL,3.00291,1.09534e-05,0.0854655
5527,PPP2R5C,2.76816,3.01411e-07,0.0168877
10097,ACTR2,2.52303,1.79508e-05,0.0383319
7705,ZNF146,3.78032,0.000239572,0.0210282
23063,WAPAL,3.10554,1.12244e-06,
51128,SAR1B,3.58495,1.54201e-06,0.00576408
140738,TMEM37,-3.2251,0.000124581,0.122516
220965,FAM13C,-2.73037,4.34409e-05,0.0132404
90522,YIF1B,2.9313,3.08475e-10,0.00277185
10380,BPNT1,2.47674,1.47113e-05,0.00462894
5716,PSMD10,2.54856,3.01859e-05,0.0844201
51008,ASCC1,3.61239,0.000508326,0.0355897
4735,SEPT2,3.87064,2.15688e-06,
84105,PCBD2,2.35818,0.000104376,
2207,FCER1G,3.00297,2.15572e-05,0.00651257
9926,LPGAT1,2.51231,1.37145e-05,
85465,EPT1,3.1193,4.06531e-06,
9793,CKAP5,2.71579,7.11375e-08,0.0540502
10492,SYNCRIP,2.84304,2.47374e-05,0.00147832
10055,SAE1,3.6339,8.03396e-09,0.0958109
1072,CFL1,3.09923,3.02264e-11,0.111958
57085,AGTRAP,2.99245,1.13469e-07,0.0810119
10631,POSTN,4.77936,0.000131997,0.114671
10092,ARPC5,2.47106,4.65168e-07,0.00628286
397,ARHGDIB,2.86615,0.000122943,0.0841741
387,RHOA,2.781,5.15891e-06,0.44523
10489,LRRC41,2.60537,1.14648e-05,0.459289
440944,THUMPD3-AS1,2.813,0.000762323,
1452,CSNK1A1,3.65428,1.58852e-07,0.0175744
?,CTB-167B5.2,-2.56495,2.34195e-05,
100652856,LINC00408,-4.9985,5.49311e-08,
100507098,ADAMTS9-AS2,-4.42437,1.69426e-06,0.02325
221091,LRRN4CL,-5.37452,7.95436e-07,0.0183756
285313,IGSF10,-3.8877,2.19936e-07,0.087775
203427,SLC25A43,2.52748,0.000906769,0.04124
101927870,LOC101927870,-3.56377,5.82757e-05,
3326,HSP90AB1,4.13289,3.66673e-05,0.310776
9147,NEMF,2.55303,2.90123e-05,0.118266
100127983,C8orf88,-2.53321,1.33916e-12,
5611,DNAJC3,3.31459,0.000322634,0.0514781
9782,MATR3,3.86351,0.000275084,0.0871892
1495,CTNNA1,3.56821,0.000612608,0.415202
6733,SRPK2,3.90361,6.63803e-07,0.046
5820,MIR1204,2.56868,0.000517117,0.00295664
?,DQ592442,-2.84133,2.87336e-05,
100131541,LOC100131541,-2.41514,3.09449e-15,
728264,MIR143HG,-3.24042,1.52573e-10,
?,AL833181,-3.77523,2.08678e-10,
54819,ZCCHC10,3.08828,7.98798e-05,
23355,VPS8,3.22763,0.000148774,
?,AK094644,-3.19207,2.29358e-05,
441666,LOC441666,-5.997,1.94698e-05,
79368,FCRL2,-2.53581,8.86859e-07,0.0134585
5034,P4HB,4.39709,0.000190411,0.109788
5914,RARA,-2.30091,0.00097944,0.505174
2521,FUS,4.07817,0.000379037,0.40266
644450,LOC101928669,-2.32846,1.92823e-09,
6992,PPP1R11,2.59441,6.2465e-08,
972,CD74,2.87517,0.000445821,0.395024
245937,DEFB124,-2.57987,0.000737337,0.00407452
11116,FGFR1OP,2.6709,0.000515831,
29035,C16orf72,3.53705,3.65096e-05,
375056,MIA3,2.65557,4.45161e-05,0.0073916
55209,SETD5,3.50664,3.28973e-06,0.0264026
?,AC092192.1,-4.70446,7.0219e-06,
2665,GDI2,2.86272,1.0521e-05,0.197259
7184,HSP90B1,2.35255,2.01216e-07,0.108753
7534,YWHAZ,3.28021,1.22907e-05,0.0900063
2752,GLUL,2.4139,5.97312e-05,0.0381131
3337,DNAJB1,2.58702,7.96565e-06,0.27087
22919,MAPRE1,3.50787,7.50673e-07,0.309483
4076,CAPRIN1,2.35818,0.000247302,0.0814559
7803,PTP4A1,4.62113,0.000795455,0.0185114
1200,TPP1,2.72313,0.000265078,0.0087847
2782,GNB1,2.74054,6.50915e-09,0.0145348
6427,MIR636,2.40371,3.91916e-08,
813,CALU,2.451,2.6782e-08,0.04589
9689,BZW1,2.94617,1.47099e-07,0.0121611
3329,HSPD1,2.85323,3.90357e-06,0.0983901
3015,H2AFZ,2.66166,3.43502e-07,
6772,STAT1,2.38404,1.40054e-05,0.116851
4074,M6PR,3.40144,6.9451e-07,0.030708
7335,TMEM189,2.62683,1.58991e-05,
928,CD9,2.76483,6.11969e-06,0.307335
7533,YWHAH,2.96456,2.14906e-07,0.0286014
9144,SYNGR2,2.34197,0.000452937,
3838,KPNA2,2.58819,2.08523e-05,0.110536
378,ARF4,3.27148,4.62342e-05,0.0329032
8553,BHLHE40,5.42095,0.000795259,0.188598
2773,GNAI3,2.73173,1.09922e-07,0.0280298
5111,PCNA,2.52959,1.0391e-06,0.0902308
8507,ENC1,2.67608,0.000186929,0.0978157
2878,GPX3,-3.6766,0.000522702,0.111329
9368,SLC9A3R1,2.83011,0.000236911,
3185,HNRNPF,2.66912,2.29364e-08,0.100983
3482,IGF2R,2.72903,1.04484e-05,0.0809082
5296,IFI30,2.64203,7.51348e-06,0.104683
1977,EIF4E,2.70445,5.12761e-06,0.11495
1266,CNN3,2.49758,0.000441331,0.0206969
9184,BUB3,2.71263,4.13478e-06,0.0244963
6240,RRM1,3.70613,0.000241556,0.594822
7247,TSN,3.41201,5.14422e-06,0.0396049
7334,UBE2N,4.36625,4.82373e-07,0.0846993
347,APOD,-2.41393,1.21358e-05,0.0482958
10765,KDM5B,2.70632,7.59145e-09,0.112335
3916,LAMP1,3.6869,6.18226e-05,0.0930146
10483,SEC23B,2.54295,8.43991e-05,
10212,DDX39A,2.48966,5.80188e-05,0.0807219
?,ACP1,3.25187,0.000424891,0.0223098
950,SCARB2,3.56041,0.000893783,0.0267664
10051,SMC4,5.5842,9.92611e-05,0.0462414
4860,PNP,4.97087,1.11054e-07,0.0158742
8508,NIPSNAP1,2.75577,2.86136e-05,
7805,LAPTM5,3.14242,2.52152e-06,0.0964245
10797,MTHFD2,2.61916,1.09781e-09,0.115108
51582,AZIN1,2.67886,1.22359e-05,0.0309354
3852,KRT5,-5.06162,1.24184e-11,0.128437
10440,TIMM17A,2.99479,4.68717e-09,0.0882269
9604,RNF14,2.48457,4.73338e-07,0.00665244
51097,SCCPDH,3.14302,2.20183e-06,0.00387221
3315,HSPB1,2.42712,1.18052e-06,0.11211
6241,RRM2,5.42323,4.20325e-05,0.138103
2935,GSPT1,3.48559,4.18776e-08,0.0132998
6574,SLC20A1,2.42763,1.5297e-14,0.0885875
523,ATP6V1A,5.00018,3.34958e-05,0.0223508
1956,EGFR,-3.11651,3.37929e-07,0.748234
6422,SFRP1,-7.28644,1.65379e-07,0.125747
6611,SMS,2.73773,0.000374675,0.0332735
7450,VWF,-2.67244,1.39012e-13,0.102132
9870,AREL1,2.57991,1.42183e-08,
8780,RIOK3,2.59085,1.90492e-06,0.00587221
1477,CSTF1,2.4883,5.39258e-05,0.0175242
7102,TSPAN7,-2.44111,0.000169449,0.043861
?,ACTG2,-3.63326,5.95736e-08,0.0585449
11333,PDAP1,2.35891,5.16822e-06,0.0804455
23321,TRIM2,-2.43065,2.64472e-12,0.0845287
4147,LOC100506558,-3.32681,2.0192e-10,
5718,PSMD12,2.55563,0.000544876,0.0321767
9871,SEC24D,2.46216,0.000177725,0.0668815
26121,PRPF31,2.76059,5.7236e-06,0.0266182
11098,PRSS23,2.50872,0.000253865,0.0820303
94239,H2AFV,2.7569,1.04144e-05,
9768,KIAA0101,6.24323,0.000228085,
23650,TRIM29,-3.97146,6.75095e-13,0.0931645
3156,HMGCR,2.62779,1.88964e-08,0.331136
2764,GMFB,4.67986,1.61621e-05,0.00624446
5580,PRKCD,2.58517,4.99805e-07,0.088073
4638,MYLK,-2.91716,3.17569e-15,0.0638445
1382,CRABP2,2.69998,2.67821e-05,0.0991946
51573,GDE1,3.64473,3.28735e-06,
1503,CTPS1,2.90664,4.86573e-07,0.109077
7922,SLC39A7,2.54863,1.1408e-06,0.0832455
11051,NUDT21,2.43029,2.80316e-05,0.105385
9133,CCNB2,4.32065,0.000593994,0.102761
2673,GFPT1,3.05832,9.07693e-05,0.102054
8974,LOC101927705,2.30482,2.13706e-05,
25804,LSM4,3.36866,2.1623e-05,0.0565789
9452,ITM2A,-2.91104,2.51408e-16,0.104186
27338,UBE2S,4.39686,4.46833e-05,0.0812579
1366,CLDN7,2.58308,7.93721e-06,0.111395
3251,HPRT1,2.6358,0.000478546,0.0872889
528,ATP6V1C1,3.11028,0.000147018,0.085605
6428,SRSF3,2.35114,2.7129e-08,0.389414
287,ANK2,-2.47225,7.44097e-06,0.0183853
11065,UBE2C,5.95064,0.00023837,0.122702
10565,ARFGEF1,3.58616,0.000113425,0.019486
827,CAPN6,-4.73886,1.61569e-05,0.0464578
10434,LYPLA1,3.64412,5.23122e-05,0.0127452
6776,STAT5A,-2.77521,8.29416e-16,0.116692
2271,FH,2.37907,0.000670397,0.451908
8914,TIMELESS,2.76433,8.0571e-07,0.110689
857,CAV1,-3.44918,0.000277875,0.125377
653145,ANXA8,-2.92293,9.57056e-11,0.0375
7040,TGFB1,2.58138,6.11164e-06,0.143847
9052,GPRC5A,6.49709,0.000744897,0.0977698
4928,NUP98,2.47461,8.00958e-07,0.523857
9650,MTFR1,3.66815,0.000612269,0.0369034
983,CDK1,4.38573,2.22277e-06,0.131965
5050,PAFAH1B3,2.57843,4.7358e-07,0.02199
8857,FCGBP,-2.75425,0.000155621,0.0065804
477,ATP1A2,-6.52091,0.000388021,0.106868
382,ARF6,2.44637,0.000189602,0.0592288
2146,EZH2,4.39476,5.65104e-06,0.548597
7018,TF,-6.2716,7.86374e-06,0.125651
4237,MFAP2,3.61069,0.000985579,0.0930261
7112,TMPO,2.41309,0.000844636,0.109042
4311,MME,-3.21654,1.3028e-07,0.148877
9232,PTTG1,3.45538,3.84727e-05,0.118751
8836,GGH,2.84224,0.000939558,0.0897459
56902,PNO1,2.56045,1.99304e-08,0.102314
4281,MID1,-2.39811,4.7439e-11,0.102699
6376,CX3CL1,-3.7823,3.60816e-09,0.07017
7764,ZNF217,2.67438,3.24596e-06,0.253612
25802,LMOD1,-4.08424,4.85232e-18,0.0342546
644,BLVRA,3.24371,2.70858e-06,0.00535891
6586,SLIT3,-3.1598,4.67443e-08,0.0239686
3489,IGFBP6,-3.96855,5.49498e-10,0.112222
1756,DMD,-4.83125,1.90673e-15,0.0910191
10379,IRF9,2.40972,0.000174574,0.0596987
1264,CNN1,-4.16649,8.96329e-12,0.104384
1365,CLDN3,3.30648,0.000738556,0.0908926
2167,FABP4,-5.16869,2.98949e-11,0.127207
10253,SPRY2,-2.79935,3.3238e-06,0.0944507
11015,KDELR3,3.19916,0.000124774,0.00611479
3039,HBA1,-2.80157,5.2976e-06,0.262858
11130,ZWINT,4.76784,3.90436e-07,0.113308
9319,TRIP13,3.99249,7.38674e-05,0.101451
5025,P2RX4,2.59995,2.58983e-05,0.0396075
6790,AURKA,4.66086,0.000378669,0.148141
2791,GNG11,-2.62371,1.2728e-11,0.0148404
5138,PDE2A,-2.91722,7.64088e-11,0.104887
7107,GPR137B,2.94275,9.96061e-05,0.00922637
1031,CDKN2C,-2.82541,0.00043028,0.408338
10403,NDC80,2.91155,5.80172e-05,0.0640457
1164,CKS2,4.3795,4.6128e-05,0.0996817
241,ALOX5AP,3.06603,0.000222097,0.010344
4151,MB,2.82937,4.81259e-05,0.087282
5549,PRELP,-3.30619,0.000159221,0.00689833
2643,GCH1,3.52008,2.76201e-05,0.0738607
1020,CDK5,2.63372,1.25901e-06,0.122903
1910,EDNRB,-3.97418,5.4216e-12,0.102193
275,AMT,-2.37252,3.47667e-09,0.00258706
6183,MRPS12,2.46479,1.62026e-10,0.0135394
4128,MAOA,-4.8163,0.000317514,0.0859772
3783,KCNN4,-3.27241,3.35151e-09,0.410677
2247,FGF2,-2.56442,3.49732e-12,0.114068
8425,LTBP4,-2.56673,3.91525e-12,0.0487868
3832,KIF11,4.38074,0.000734131,0.135623
667,DST,-5.15697,1.99625e-07,0.033242
5810,RAD1,3.06155,1.49627e-06,0.00468134
7122,CLDN5,-3.38048,2.26401e-10,0.0852363
9619,ABCG1,2.72823,1.46943e-05,0.0354786
1346,COX7A1,-3.28161,2.68607e-10,0.0173124
9683,N4BP1,2.34715,1.01369e-06,0.00147832
6366,CCL21,-2.97681,1.26437e-06,0.111011
1462,VCAN,3.00505,4.82467e-05,0.110585
4751,NEK2,2.52183,0.000503549,0.122067
3169,FOXA1,3.46572,1.21017e-10,0.720848
11197,WIF1,-6.3932,8.9861e-06,0.548144
10351,ABCA8,-4.80641,9.74729e-15,0.0342073
7049,TGFBR3,-4.32297,6.2097e-10,0.080282
3866,KRT15,-2.48144,0.000165932,0.0906381
3131,HLF,-3.37442,3.08919e-05,0.460782
9833,MELK,4.33928,2.63331e-06,0.150561
1641,DCX,-3.41689,0.000197578,0.0943761
5268,SERPINB5,-3.49952,2.77932e-07,0.119257
761,CA3,-2.93256,0.000676185,0.0253097
8639,AOC3,-4.40703,1.44008e-06,0.0624679
8406,SRPX,-2.94969,5.54621e-12,0.0452362
10124,ARL4A,-2.49421,1.87634e-11,0.0086995
9134,CCNE2,3.94618,2.39318e-05,0.114493
2568,GABRP,-6.67722,2.52622e-11,0.107556
3815,KIT,-3.6651,7.96572e-07,0.542049
1396,CRIP1,2.99771,0.000251654,0.0795889
2246,FGF1,-2.82687,1.56157e-10,0.069196
7123,CLEC3B,-4.59347,1.57623e-06,0.0919082
4828,NMB,-2.49591,8.80961e-06,0.010177
10840,ALDH1L1,-2.46414,1.13292e-08,0.0641911
2099,ESR1,3.08694,0.000309277,0.875615
6649,SOD3,-4.41022,1.48585e-07,0.0743965
9980,DOPEY2,3.65959,0.000329551,
8723,SNX4,2.34477,2.49429e-06,
8424,BBOX1,-3.38291,5.07534e-06,0.04958
1675,CFD,-5.3611,7.758e-10,0.0869816
5348,FXYD1,-5.12263,6.45396e-09,0.0106837
6358,CCL14,-4.36119,6.50525e-08,0.0229086
3241,HPCAL1,2.57702,1.5115e-05,
5154,PDGFA,-2.32817,1.61181e-07,0.0867458
5502,PPP1R1A,-5.50379,3.08524e-05,0.0215286
5328,PLAU,2.85872,0.000599771,0.109663
2690,GHR,-3.21031,5.44294e-05,0.105723
22899,ARHGEF15,-2.56511,2.15083e-10,0.0164163
5125,PCSK5,-2.51492,1.35722e-05,0.0112272
5152,PDE9A,-3.61055,1.90822e-08,0.103153
284,ANGPT1,-2.48803,7.79244e-05,0.132044
4222,MEOX1,-3.76706,5.33182e-07,0.0458817
80308,FLAD1,2.51168,0.00035596,0.0942199
56061,UBFD1,2.83043,3.57919e-06,0.0410234
10993,SDS,2.52361,2.3052e-05,0.0363263
3316,HSPB2,-3.67882,7.77874e-09,0.102566
5463,POU6F1,-2.43288,1.32027e-13,0.00335659
7704,ZBTB16,-4.85454,1.43892e-06,0.533218
9221,NOLC1,3.46639,4.0211e-05,0.0989993
5649,RELN,-5.6666,1.25174e-06,0.0875796
1300,COL10A1,8.60099,0.000788537,0.124576
5966,REL,2.83838,7.0215e-06,0.428053
23405,DICER1,2.71846,0.000126386,0.449453
7146,TNXA,-6.9955,4.17353e-08,0.00258706
9837,GINS1,3.24686,3.87056e-05,0.06273
5868,RAB5A,3.92624,0.000320042,0.104324
1811,SLC26A3,-4.89032,0.000441207,0.0493816
5806,PTX3,-3.40801,1.76861e-06,0.124977
4081,MAB21L1,-2.42104,0.000145854,0.0132922
154,ADRB2,-2.94301,0.000222109,0.143652
4223,MEOX2,-4.48448,2.21694e-06,0.0916527
762,CA4,-3.51301,0.000109595,0.0509165
7079,TIMP4,-6.90883,0.000640526,0.0500957
1950,EGF,-2.35766,0.000611692,0.11063
126,ADH1C,-3.72994,2.00382e-11,0.0394968
11163,NUDT4,2.54612,9.95934e-05,0.00147832
9735,KNTC1,2.89195,0.000738125,0.0184585
4983,OPHN1,-2.87977,4.38792e-14,
9928,KIF14,3.15931,0.000535815,0.086882
79867,TCTN2,-3.23291,3.56892e-08,
57447,NDRG2,-3.85042,1.04309e-13,0.129763
7090,TLE3,2.84196,0.000181851,0.0876322
9079,LDB2,-2.90101,2.34959e-08,0.0151301
948,CD36,-4.32282,2.71379e-05,0.120903
8775,NAPA,2.34751,4.75846e-09,
8190,MIA,-4.70836,1.24231e-10,0.00969353
9582,APOBEC3B,4.28177,0.000180567,0.414943
2277,FIGF,-5.74788,1.61075e-08,
23443,SLC35A3,2.39694,0.000957508,0.00432203
5021,OXTR,-4.83165,1.01622e-12,0.1061
10633,RASL10A,-4.28244,7.08419e-05,0.0135073
6898,TAT,-2.92147,0.000584397,0.0954778
364,AQP7,-3.33335,0.000116844,0.0393074
5325,PLAGL1,-2.69492,2.6962e-10,0.0297497
8854,ALDH1A2,-3.50889,1.52783e-08,0.0173721
9194,SLC16A7,-2.75223,0.000905025,0.0806691
3952,LEP,-9.09605,8.69328e-05,0.126757
6291,SAA2-SAA4,-3.26146,0.000243872,
25836,NIPBL,2.5393,2.06194e-07,0.0696053
4435,CITED1,-3.22938,0.000134217,0.0629052
3161,HMMR,4.31422,0.000124486,0.218578
1009,CDH11,4.8273,0.000191204,0.535108
9370,ADIPOQ,-6.9321,3.90954e-07,0.12372
55568,GALNT10,2.65961,0.000285086,0.0125144
4212,MEIS2,-2.39436,2.36651e-13,0.0856473
11170,FAM107A,-2.93814,0.000123859,0.0422057
4179,CD46,4.53895,3.77777e-05,0.0206253
8202,NCOA3,2.38528,2.62605e-07,0.116657
5861,RAB1A,3.08464,3.78842e-07,0.060481
5627,PROS1,-2.5576,2.05682e-14,0.0921043
1453,CSNK1D,2.32513,1.91903e-05,0.0667491
11332,ACOT7,2.56764,2.14528e-05,0.0232192
2196,FAT2,-2.76799,1.38027e-09,0.0189751
3991,LIPE,-4.31707,7.89148e-06,0.0230398
2532,ACKR1,-3.54333,2.6108e-08,0.103366
1908,EDN3,-4.0027,2.56435e-05,0.0944654
3665,IRF7,2.44812,0.000695503,0.0423323
7511,XPNPEP1,2.32479,2.09597e-06,0.0150458
6288,SAA1,-7.10219,4.42411e-05,0.109138
100133941,CD24,3.06695,0.000413654,0.119406
682,BSG,2.40392,1.03738e-05,0.115108
7070,THY1,2.99037,0.000888127,0.0821712
3122,HLA-DRA,2.33115,7.36881e-05,0.017293
5531,PPP4C,2.4841,6.38967e-09,0.0772759
23185,LARP4B,3.98577,1.05446e-06,0.279847
1397,CRIP2,2.56919,0.000795661,0.0995089
3856,KRT8,2.64642,3.35111e-07,0.129074
10006,ABI1,2.40006,1.38081e-08,0.560231
988,CDC5L,2.74636,2.21644e-05,0.0332631
10362,HMG20B,2.65288,1.43987e-05,0.0158919
10548,TM9SF1,2.36842,2.89743e-08,0.0390293
2824,GPM6B,-4.16117,3.81239e-07,0.035318
10551,AGR2,3.74026,5.45145e-06,0.113894
488,ATP2A2,2.49857,1.21326e-12,0.0827457
9526,MPDU1,2.31343,2.26531e-06,
2719,GPC3,-3.60344,3.65824e-06,0.572774
6809,STX3,2.40882,1.89164e-08,0.0395943
3914,LAMB3,-3.04989,1.42295e-07,0.030057
1410,CRYAB,-5.57443,2.97203e-07,0.0606844
3400,ID4,-4.32243,4.4596e-17,0.125944
3861,KRT14,-4.93912,1.0632e-12,0.124285
5168,ENPP2,-3.1026,4.99745e-09,0.118125
11004,KIF2C,4.54209,0.000662383,0.109781
5764,PTN,-4.85008,1.15309e-05,0.120785
4686,NCBP1,2.4648,0.000218371,0.0782922
3479,IGF1,-3.47048,2.00084e-11,0.297338
4692,NDN,-2.54775,5.64781e-10,0.0812234
8788,DLK1,-8.18495,0.000124328,0.0779962
27065,NSG1,-3.40314,1.40281e-07,0.120692
2770,GNAI1,-2.9545,4.63186e-05,0.0269366
2625,GATA3,2.53166,1.68281e-05,0.757128
125,ADH1B,-5.56225,5.76002e-06,0.0691995
1066,CES1,-4.75819,5.23065e-05,0.0354839
699,BUB1,3.46253,0.00096001,0.0960652
3679,ITGA7,-4.31958,0.000243093,0.104601
6285,S100B,-6.58148,9.8816e-05,0.113127
2203,FBP1,3.14089,0.000150617,0.105308
1646,AKR1C2,-5.33759,2.51919e-06,0.088657
91851,CHRDL1,-5.80956,2.35178e-07,0.0397191
8728,ADAM19,2.42018,0.000932779,0.0154644
2920,CXCL2,-4.25497,0.000112442,0.107018
90865,IL33,-2.8549,0.000870459,0.122751
7371,MIR3658,2.54959,8.13162e-07,
6663,SOX10,-6.24449,3.58884e-10,0.120786
8626,TP63,-4.43889,2.96255e-10,0.570917
6016,RIT1,3.715,1.80502e-06,0.0239874
3953,LEPR,-4.02713,5.05816e-08,0.120601
3205,HOXA10-HOXA9,-3.05036,6.58734e-12,
3779,KCNMB1,-2.60414,2.65703e-05,0.019597
2191,FAP,4.28137,9.75014e-05,0.121286
810,CALML3,-2.82353,0.000324963,0.0240334
10411,RAPGEF3,-3.84034,1.7633e-09,0.0844925
22974,TPX2,5.37997,1.97154e-05,0.115474
5603,MAPK13,2.78614,3.72298e-05,0.0130614
6674,SPAG1,4.40908,6.79146e-05,0.0821708
10265,IRX5,2.4022,7.9301e-06,0.294938
23118,TAB2,3.24,0.000224039,0.421705
7531,YWHAE,3.10059,0.000298179,0.415962
53335,BCL11A,-2.85988,4.83365e-14,0.535481
1672,DEFB1,-3.17605,2.2107e-08,0.0523369
6328,SCN3A,-3.87418,8.78912e-07,0.395544
3624,INHBA,6.36786,2.29759e-05,0.113923
9590,AKAP12,-2.72198,1.22884e-05,0.0983637
5987,TRIM27,2.45116,2.19834e-07,0.411851
4240,MFGE8,-2.78826,1.01595e-11,0.112596
2886,GRB7,5.21346,0.000722901,0.105217
55384,MEG3,-2.96811,3.06788e-09,0.117093
5329,PLAUR,4.35158,0.000526244,0.306146
825,CAPN3,-2.37655,1.28909e-14,
8908,GYG2,-4.93258,0.000178657,0.0156764
27229,TUBGCP4,2.31096,0.000334367,
8706,B3GALNT1,3.19301,6.95132e-05,0.0117422
6457,SH3GL3,-6.90513,3.89407e-06,0.00147832
4337,MOCS1,-2.72911,4.54166e-10,0.00458997
83988,NCALD,-2.68445,1.06254e-07,0.100699
2327,FMO2,-5.06907,1.5166e-10,0.0376682
10955,SERINC3,2.35644,3.70444e-07,0.0138737
10963,STIP1,5.14411,0.00020958,0.0502482
9777,TM9SF4,2.81056,3.28546e-05,0.0196596
23014,FBXO21,2.37267,2.35172e-07,
8879,SGPL1,2.51433,1.48804e-05,0.0559011
219654,ZCCHC24,-2.33165,7.15806e-11,0.0565699
253782,CERS6,2.85651,2.79634e-06,0.100531
171546,SPTSSA,2.72111,0.000560472,0.00312658
9645,MICAL2,4.13198,1.05207e-05,0.118407
27351,DESI1,2.39811,0.000306076,
83660,TLN2,-3.10975,0.000513171,0.019948
23336,SYNM,-4.9041,8.27531e-12,0.0481069
221061,FAM171A1,-2.33623,1.97391e-18,0.099053
541578,CXorf40B,2.5137,1.34502e-05,
11011,TLK2,2.74435,0.000448619,0.0796801
55215,FANCI,3.87675,4.76509e-05,0.123839
10865,ARID5A,-2.72612,3.64658e-10,0.0219838
1028,CDKN1C,-3.33664,2.08814e-10,0.116518
23235,SIK2,-2.97735,3.36264e-07,0.0923359
79987,SVEP1,-3.00414,1.58117e-05,0.018383
91966,CXorf40A,2.68641,9.21779e-06,
53405,CLIC5,-2.62481,0.000479843,0.00469643
53844,COPG2IT1,-4.88497,1.83229e-05,0.019716
50486,G0S2,-5.19026,2.77493e-06,0.103873
23178,PASK,2.39362,0.000175068,0.00511384
25891,PAMR1,-4.55617,2.87692e-10,0.0311043
55742,PARVA,-2.79243,3.2456e-16,0.00835964
256949,KANK3,-2.86789,5.98181e-13,0.00800177
3075,CFH,-2.35358,0.000633844,0.0530486
3202,HOXA5,-5.24165,2.35875e-16,0.110008
9413,FAM189A2,-4.34819,1.95096e-13,
2774,GNAL,-3.70041,2.29457e-10,0.0241017
4604,MYBPC1,-8.22252,0.000211499,0.0819877
645166,LOC645166,-2.3238,1.73766e-09,
90141,EFCAB11,2.58486,5.30562e-05,0.00251976
2210,FCGR1B,4.19543,0.000787402,
9073,CLDN8,-4.60279,1.00969e-09,0.104802
891,CCNB1,5.42301,0.000820986,0.115409
5380,PMS2L2,2.74553,0.000106342,
27324,TOX3,2.72453,0.000619248,0.575095
25854,FAM149A,-2.96163,0.000400276,0.00630164
57556,SEMA6A,-3.15789,0.000200637,0.0364644
349152,DPY19L2P2,-3.21742,0.000355568,
57061,HYMAI,-2.34487,1.1567e-08,0.00886992
2747,GLUD2,2.42907,0.000115069,0.00406538
23117,NPIPA5,3.30053,1.52886e-06,
2209,FCGR1A,4.07706,0.000430644,0.0229598
4499,MT1M,-2.98479,7.79545e-06,0.0753806
51495,PTPLAD1,5.33603,6.84079e-06,
5832,ALDH18A1,3.07496,1.01183e-06,0.0156901
7328,UBE2H,3.61735,3.20309e-06,0.00441443
51714,SELT,2.90551,0.000175523,
51012,SLMO2,2.47303,3.18291e-08,
51133,KCTD3,2.54519,0.000122956,0.0064311
28977,MRPL42,3.77859,7.25999e-05,0.00602199
58478,ENOPH1,2.30188,2.40965e-06,0.0696718
9055,PRC1,6.05044,0.000619674,0.565837
51164,DCTN4,2.96252,0.000179584,0.11123
51203,NUSAP1,5.64618,0.00017967,0.0960077
57645,POGK,2.86301,2.35685e-06,0.0132716
81539,SLC38A1,2.40733,3.38368e-06,0.102864
79016,DDA1,3.3339,3.89118e-05,0.0370011
10053,AP1M2,2.33488,3.33086e-05,0.0270815
55851,PSENEN,4.16935,1.39161e-05,0.112708
10460,TACC3,3.26627,0.000766158,0.145667
79956,ERMP1,3.67742,1.11462e-06,0.017469
4940,OAS3,3.87772,0.000526656,0.0878724
23528,ZNF281,2.73576,3.56155e-07,0.0522901
51397,COMMD10,2.74543,0.000102211,
54442,KCTD5,3.51759,8.48775e-08,0.0801355
29095,ORMDL2,3.03554,1.61445e-08,
10072,DPP3,3.02739,2.85552e-06,0.0906007
51514,DTL,4.83142,0.000282973,0.0941769
79666,PLEKHF2,3.59903,6.64275e-05,0.00626298
55323,LARP6,-2.86998,2.67826e-06,0.0827891
64151,NCAPG,2.55869,0.000322212,0.111069
8322,FZD4,-2.48876,1.54392e-05,0.0969791
57402,S100A14,3.76551,0.000212747,0.103822
10763,NES,-3.01587,9.37902e-10,0.102037
55214,LEPREL1,-3.44306,1.03467e-09,
29097,CNIH4,2.32882,6.53425e-06,0.012958
54873,PALMD,-3.4502,0.000175515,0.0299441
79019,CENPM,2.32333,0.000988951,0.100469
10112,KIF20A,3.51825,0.000509202,0.104869
51728,POLR3K,3.85523,4.70815e-06,0.0104517
54997,TESC,-4.51124,5.98764e-08,0.0530878
26271,FBXO5,2.32313,8.5985e-05,0.0902376
79682,CENPU,4.73537,0.000190784,0.107074
79058,ASPSCR1,2.47563,1.21431e-05,0.262282
26750,RPS6KC1,2.33533,6.98891e-06,
65263,PYCRL,2.63109,0.000967794,
9317,PTER,2.97331,8.84235e-06,0.00515359
80010,RMI1,2.94837,0.000143156,0.0115272
55500,ETNK1,3.6081,3.00387e-06,0.509671
55435,AP1AR,2.48029,3.31752e-06,0.00600384
79006,METRN,2.92795,0.000579894,0.00987517
10894,LYVE1,-4.63869,1.04425e-05,0.0724206
8270,LAGE3,3.15822,1.59776e-05,0.0999552
51167,CYB5R4,2.461,2.81256e-06,0.00242682
55022,PID1,-3.83017,1.43089e-10,0.191173
57103,C12orf5,2.98702,8.90589e-07,
54845,ESRP1,5.72996,4.90684e-05,0.111273
55974,SLC50A1,2.66807,0.000281674,0.0855721
5950,RBP4,-8.83049,0.000111019,0.122224
58494,JAM2,-3.0513,3.33696e-13,0.0425819
55273,TMEM100,-4.89552,2.70029e-05,0.0788498
79134,TMEM185B,2.31614,3.51643e-07,0.0267298
57415,C3orf14,2.5387,2.37109e-05,
26577,PCOLCE2,-6.6788,3.19082e-05,0.0259555
26289,AK5,-4.01075,1.29068e-05,0.0394606
10678,B3GNT2,2.98915,3.18556e-07,0.0122246
63924,CIDEC,-7.09194,0.000106432,0.021905
25788,RAD54B,3.40774,6.51157e-05,0.0671857
65987,KCTD14,-3.53334,6.01303e-09,0.0352787
64221,ROBO3,-2.90863,8.08449e-11,0.0516087
25837,RAB26,3.75273,0.000642807,0.081216
79686,LINC00341,-3.01639,1.63265e-06,
757,TMEM50B,2.53691,2.30846e-06,
79183,TTPAL,2.7613,0.000600568,0.0110874
79656,BEND5,-2.34322,1.9815e-11,0.0708921
56920,SEMA3G,-4.88668,9.36516e-09,0.0169881
54847,SIDT1,2.39496,2.94134e-05,0.0881966
1894,ECT2,4.49933,5.5657e-05,0.115334
26468,LHX6,-2.60836,1.62435e-12,0.043676
59349,KLHL12,2.35703,0.000300578,0.00329185
11096,ADAMTS5,-4.735,1.07504e-19,0.0523067
11226,GALNT6,3.02463,0.00034529,0.108494
51377,UCHL5,2.38039,4.37135e-05,0.0177359
54922,RASIP1,-2.92689,6.7768e-16,0.00837404
54988,ACSM5,-3.90202,5.47567e-06,0.0198428
79966,SCD5,-4.1933,2.70872e-15,0.0914925
55791,LRIF1,3.04319,2.46544e-05,
27190,IL17B,-2.66131,6.62378e-05,0.0662128
79785,RERGL,-4.02803,9.80553e-06,0.0104314
63916,ELMO2,2.52231,0.000919273,0.0430145
63970,TP53AIP1,-2.49454,1.65714e-08,0.0938126
152015,ROPN1B,-5.2396,5.99852e-08,0.00526138
55567,DNAH3,-3.11592,7.72709e-12,0.00552317
10826,FAXDC2,-2.87671,2.24232e-05,0.00967269
55679,LIMS2,-3.18875,1.48187e-11,0.00656847
51129,ANGPTL4,-3.52089,8.00921e-11,0.125318
83439,TCF7L1,-2.61529,2.93497e-09,0.0386071
81034,SLC25A32,2.59553,3.8395e-06,0.0547738
81031,SLC2A10,3.90622,8.75556e-05,0.0150711
50807,ASAP1,2.75964,4.16558e-05,0.108145
26503,SLC17A5,2.97359,0.000120521,0.0647005
55798,METTL2A,2.7451,5.53206e-06,0.0266905
51085,MLXIPL,-3.97446,1.35649e-05,0.206698
54964,C1orf56,2.32267,0.000728843,0.00364977
1149,CIDEA,-5.47547,0.000111197,0.0163509
81555,YIPF5,2.8209,9.87991e-06,0.0036958
79718,TBL1XR1,2.39942,3.14879e-05,0.579481
6646,SOAT1,3.24034,1.88844e-05,0.0944424
29980,DONSON,2.9653,1.50329e-05,0.0793516
1290,COL5A2,2.96155,0.000378941,0.0678805
54431,DNAJC10,2.90367,4.03885e-06,0.0412102
58986,TMEM8A,2.33926,7.09653e-06,
?,ACACB,-3.89459,1.35853e-07,0.0545847
100506076,LOC100506076,2.42172,0.000193653,
29127,RACGAP1,3.29133,2.29342e-05,0.0437686
29956,CERS2,2.83523,5.77859e-08,0.0667939
51114,ZDHHC9,2.34018,1.62014e-06,0.0984455
283871,PGP,2.61803,3.87511e-07,0.0977729
8436,SDPR,-5.31772,0.000732097,
55248,TMEM206,3.77075,1.38342e-06,
64105,CENPK,2.70294,0.000186866,0.0339812
28982,FLVCR1,3.00572,2.11257e-06,0.0788535
252839,TMEM9,2.55688,4.14775e-06,0.0239843
58505,OSTC,2.59531,1.099e-05,0.0164472
23731,TMEM245,3.04422,0.000511648,0.014044
51534,VTA1,3.02999,5.4761e-06,0.00568886
51649,MRPS23,2.31915,0.00087636,0.0899307
10783,NEK6,2.35563,3.66885e-06,0.0538819
83666,PARP9,3.24171,5.94409e-05,0.0979968
29089,UBE2T,5.69158,5.40303e-05,0.115737
84520,C14orf142,2.56014,1.209e-05,
55170,PRMT6,2.4874,0.000570762,0.088037
83643,CCDC3,-3.34902,0.000106852,0.0149348
60592,SCOC,2.81485,0.000194533,0.00301906
83540,NUF2,3.82881,0.000176011,0.130197
26996,GPR160,4.807,1.07611e-05,0.0168372
25923,ATL3,2.33624,0.000489773,0.0656283
56963,RGMA,-4.26468,9.23515e-12,0.0481876
83690,CRISPLD1,-3.15639,5.29832e-09,0.0509187
83987,CCDC8,-2.82936,9.67176e-10,0.0223165
10673,TNFSF13B,2.90541,0.000876589,0.0996147
84417,C2orf40,-7.64196,1.23807e-17,
64073,C19orf33,2.73977,0.000384443,0.00584408
51629,SLC25A39,2.60038,1.33177e-05,0.0036958
79937,CNTNAP3,-4.05624,6.01535e-07,
85329,LGALS12,-5.15441,0.0005771,0.0111384
56477,CCL28,-3.07233,8.97139e-05,0.0935209
11185,INMT,-4.67343,4.52032e-12,0.00937359
91653,BOC,-3.04108,1.75321e-16,0.021298
54763,ROPN1,-4.36261,3.36279e-05,0.0813575
23671,TMEFF2,-3.76675,3.90856e-10,0.0209593
84298,LLPH,2.51344,0.000682346,
84299,MIEN1,4.58306,6.17875e-05,0.0720946
84803,AGPAT9,-3.20512,4.99687e-05,
199692,ZNF627,2.35693,4.6876e-05,0.00335452
54625,PARP14,2.31403,0.000206629,0.0939016
113130,CDCA5,2.81608,0.000123125,0.116986
54331,GNG2,-2.40783,0.000263833,0.0846917
147495,APCDD1,-3.06682,1.46088e-07,0.0298061
26800,LRRC75A-AS1,-2.41039,1.29109e-09,
94056,SYAP1,2.46446,0.000366172,0.00409295
285381,DPH3,2.49661,5.01703e-06,0.00355608
140809,SRXN1,2.30396,0.000295814,0.0115437
91461,PKDCC,-3.08075,3.9918e-06,0.00317123
112858,TP53RK,3.17607,1.02713e-05,0.00886992
135293,PM20D2,-2.38798,3.4832e-09,0.0150423
4133,MAP2,-2.5079,3.20461e-11,0.0170804
57685,CACHD1,-3.50518,2.00036e-14,0.0298718
29128,UHRF1,4.16116,0.000704574,0.1114
1303,COL12A1,2.9848,0.000427042,0.0367934
115908,CTHRC1,4.01228,1.05344e-05,0.120188
140707,BRI3BP,2.8258,2.5188e-05,0.0831473
57674,RNF213,2.56354,4.24645e-05,0.286416
54510,PCDH18,-2.66509,1.16103e-09,0.0140563
222166,MTURN,-3.03437,9.44224e-05,0.014432
54538,ROBO4,-2.94058,2.82036e-12,0.0577974
5284,PIGR,-7.16706,2.8336e-09,0.122418
5239,PGM5,-3.40916,1.21742e-10,0.0881837
126393,HSPB6,-4.25009,0.000858327,0.0851896
10189,ALYREF,4.54949,1.08578e-05,0.0986211
116028,RMI2,2.59699,0.000524245,0.532555
80031,SEMA6D,-3.204,4.76189e-07,0.0450119
389792,IER5L,2.52937,2.3472e-05,
160418,TMTC3,2.33137,2.08758e-06,0.0760264
642587,MIR205HG,-4.89677,3.90421e-07,0.0018479
56999,ADAMTS9,-3.05217,2.71878e-12,0.118985
375346,MUSTN1,-2.82394,7.50715e-05,0.00813076
642273,FAM110C,2.42153,0.000436908,0.00695121
133584,EGFLAM,-2.82997,2.21153e-06,0.0139992
84624,FNDC1,3.69363,0.000835764,0.0869086
387103,CENPW,2.34899,0.000139988,0.0943269
133686,NADK2,2.31447,0.000528388,
94274,PPP1R14A,-4.61274,5.02179e-12,0.0282798
201266,SLC39A11,2.73607,0.000707308,0.0184847
84171,LOXL4,-3.95693,2.86027e-05,0.0993727
130271,PLEKHH2,-2.54032,6.62158e-09,0.0222546
59271,EVA1C,-2.68353,2.74008e-12,0.0117462
253738,EBF3,-2.83551,3.5932e-05,0.0955799
222962,SLC29A4,-2.75685,0.000943864,0.00441443
57526,PCDH19,-2.30185,2.39979e-08,0.00494119
4784,NFIX,-2.53231,3.40898e-12,0.10836
219348,PLAC9,-5.18955,2.05368e-09,0.0193461
1879,EBF1,-4.11103,5.48948e-09,0.671822
57484,RNF150,-3.96897,0.000620921,0.0157461
219844,HYLS1,2.39472,3.4479e-05,
56849,TCEAL7,-2.5983,0.000453379,0.0860545
4093,SMAD9,-2.35823,7.39079e-11,0.0130435
286827,TRIM59,3.73914,1.41688e-05,0.0940829
59352,LGR6,-4.12403,5.10778e-10,0.438763
90293,KLHL13,-4.19485,1.37874e-08,0.0370094
399668,LINC00086,-2.89612,8.62213e-08,
152687,ZNF595,-3.76024,2.57459e-09,
54756,IL17RD,-4.14907,4.20849e-13,0.0814248
57221,KIAA1244,2.92407,0.000125399,
84870,RSPO3,-5.34546,0.000285835,0.509934
155465,AGR3,4.6569,0.000403059,0.11076
5010,CLDN11,-3.56551,8.92787e-14,0.0937613
130497,OSR1,-2.44414,3.14812e-06,0.290349
729359,PLIN4,-6.54917,2.46552e-05,0.0234375
153579,BTNL9,-5.09679,4.04991e-06,0.050247
116441,TM4SF18,-3.01691,5.61327e-05,0.0297695
117248,GALNT15,-2.55894,0.00072497,0.00937793
80309,SPHKAP,-2.51321,0.000147103,0.0191424
375033,PEAR1,-3.71185,2.86037e-13,0.0802762
389432,SAMD5,-4.57759,1.76795e-08,0.0926551
116159,CYYR1,-3.16981,2.42759e-11,0.0404744
80243,PREX2,-2.74815,9.64525e-07,0.567726
79974,CPED1,-2.40276,0.000104478,0.0148987
115330,GPR146,-4.24371,5.6161e-07,0.0134464
348093,RBPMS2,-3.02798,0.000106933,0.00446027
11016,ATF7,2.37343,4.17001e-05,0.0391436
221303,FAM162B,-2.92313,4.1868e-06,0.0086708
339983,NAT8L,-2.46888,5.57091e-06,0.00714139
256691,MAMDC2,-4.40033,8.56134e-12,0.0464303
342667,STAC2,-3.07345,6.67255e-06,0.0555653
84913,ATOH8,-3.77657,0.000157225,0.0549647
148898,C1orf213,-2.66426,0.00078891,
260436,FDCSP,-2.72471,7.48835e-05,0.052469
148808,MFSD4,-3.45643,6.26815e-08,
147463,ANKRD29,-3.15713,6.66825e-09,0.0363389
153,ADRB1,-3.13561,0.00095026,0.306591
114818,KLHL29,-4.57097,1.01774e-09,0.0829571
?,RP1-193H18.2,-3.89388,2.89013e-05,
147372,CCBE1,-2.30763,6.0604e-07,0.0619097
286133,SCARA5,-7.60644,2.15596e-06,0.0414511
126669,SHE,-2.75389,4.65712e-07,0.00991506
102723775,LINC01315,-2.48123,1.24741e-15,0.0581827
51050,PI15,-5.67565,0.000153657,0.0639227
145270,PRIMA1,-2.58588,1.39541e-08,0.0220147
27115,PDE7B,-3.30123,1.65093e-13,0.122995
342035,GLDN,-3.05459,7.49002e-05,0.00542882
92304,SCGB3A1,-7.87935,4.68073e-05,0.0703186
57452,GALNT16,-2.41961,1.33829e-07,0.0782926
79192,IRX1,-6.34539,2.1035e-12,0.0625023
572558,PGM5-AS1,-4.59148,1.33057e-05,
196883,ADCY4,-2.47772,4.26821e-11,0.0855168
131873,COL6A6,-5.45177,5.9033e-07,0.0806612
28999,KLF15,-2.7911,1.28522e-05,0.0996065
654466,KGFLP2,-3.00691,3.96958e-11,
148741,ANKRD35,-3.82201,2.93176e-15,0.174495
26270,FBXO6,2.81147,3.71834e-05,0.0267701
57451,TENM2,-2.5691,1.66197e-06,0.0319122
140706,CCM2L,-2.96172,3.03825e-05,0.00405048
92070,CTBP1-AS2,-2.60652,0.000998117,
?,AK021804,-2.43706,1.37999e-17,
92126,DSEL,-2.66598,0.000271167,0.009842
92293,TMEM132C,-4.1882,0.000258432,0.0371344
401052,LOC401052,-2.30626,3.53691e-05,
140849,LINC00266-1,-2.57225,2.90921e-06,
285955,SPDYE1,-2.40655,2.1059e-08,
100190986,LOC100190986,3.71604,0.000600776,
122769,LRR1,3.21463,0.000180172,
10350,ABCA9,-3.36786,2.35738e-07,0.083525
57381,RHOJ,-2.581,5.2034e-09,0.0855727
646962,HRCT1,-2.55829,9.55124e-05,0.0060366
3200,HOXA3,-3.42939,1.24849e-20,0.0664139
27303,RBMS3,-3.22636,4.93921e-11,0.119315
22925,PLA2R1,-2.61342,1.24572e-12,0.0930692
?,RP11-2E11.9,-3.95176,1.43195e-06,
6330,SCN4B,-5.13672,1.24784e-14,0.0482462
100288911,LOC100288911,-3.87433,4.53818e-13,
?,AX747132,-3.57599,1.53363e-08,
100874392,ANKRD20A12P,-2.55957,1.08952e-05,
338328,GPIHBP1,-5.29055,2.65674e-07,0.0606951
116362,RBP7,-5.01065,3.70996e-08,0.103418
286097,MICU3,-2.81385,0.00078184,0.0302695
55137,FIGN,-3.40904,4.81587e-11,0.0161318
57604,KIAA1456,-2.9778,1.40937e-08,
286753,TUSC5,-6.12272,2.53527e-06,
643733,LOC643733,-2.32864,4.35792e-08,
285512,FAM13A-AS1,-2.6803,2.03721e-08,
349136,WDR86,-3.18654,1.17602e-05,0.0245585
100507311,LOC100507311,-4.13282,1.13461e-13,
